crewtype,region,gacc_pl,national_pl,drawndown,mobile,mobile_rate,staffing
Crew 1,AICC,1,1,0,0,0,0
Crew 1,AICC,1,2,0,0,0,0
Crew 1,AICC,1,3,0,0,0,0
Crew 1,AICC,1,4,0,0,0,0
Crew 1,AICC,1,5,0,0,0,0
Crew 1,AICC,2,1,0,0,0,0
Crew 1,AICC,2,2,0,0,0,0
Crew 1,AICC,2,3,0,0,0,0
Crew 1,AICC,2,4,0,0,0,0
Crew 1,AICC,2,5,0,0,0,0
Crew 1,AICC,3,1,0,0,0,0
Crew 1,AICC,3,2,0,0,0,0
Crew 1,AICC,3,3,0,0,0,0
Crew 1,AICC,3,4,0,0,0,0
Crew 1,AICC,3,5,0,0,0,0
Crew 1,AICC,4,1,0,0,0,0
Crew 1,AICC,4,2,0,0,0,0
Crew 1,AICC,4,3,0,0,0,0
Crew 1,AICC,4,4,0,0,0,0
Crew 1,AICC,4,5,0,0,0,0
Crew 1,AICC,5,1,0,0,0,0
Crew 1,AICC,5,2,0,0,0,0
Crew 1,AICC,5,3,0,0,0,0
Crew 1,AICC,5,4,0,0,0,0
Crew 1,AICC,5,5,0,0,0,0
Crew 1,NWCC,1,1,5,5,50,10
Crew 1,NWCC,1,2,5,5,50,10
Crew 1,NWCC,1,3,10,0,0,10
Crew 1,NWCC,1,4,5,5,50,10
Crew 1,NWCC,1,5,10,0,0,10
Crew 1,NWCC,2,1,5,5,50,10
Crew 1,NWCC,2,2,5,5,50,10
Crew 1,NWCC,2,3,5,5,50,10
Crew 1,NWCC,2,4,10,0,0,10
Crew 1,NWCC,2,5,5,5,50,10
Crew 1,NWCC,3,1,10,0,0,10
Crew 1,NWCC,3,2,10,0,0,10
Crew 1,NWCC,3,3,10,0,0,10
Crew 1,NWCC,3,4,10,0,0,10
Crew 1,NWCC,3,5,10,0,0,10
Crew 1,NWCC,4,1,10,0,0,10
Crew 1,NWCC,4,2,10,0,0,10
Crew 1,NWCC,4,3,10,0,0,10
Crew 1,NWCC,4,4,10,0,0,10
Crew 1,NWCC,4,5,10,0,0,10
Crew 1,NWCC,5,1,10,0,0,10
Crew 1,NWCC,5,2,10,0,0,10
Crew 1,NWCC,5,3,10,0,0,10
Crew 1,NWCC,5,4,10,0,0,10
Crew 1,NWCC,5,5,10,0,0,10
Crew 1,ONCC,1,1,7,7,50,14
Crew 1,ONCC,1,2,7,7,50,14
Crew 1,ONCC,1,3,7,7,50,14
Crew 1,ONCC,1,4,14,0,0,14
Crew 1,ONCC,1,5,7,7,50,14
Crew 1,ONCC,2,1,7,7,50,14
Crew 1,ONCC,2,2,14,0,0,14
Crew 1,ONCC,2,3,7,7,50,14
Crew 1,ONCC,2,4,7,7,50,14
Crew 1,ONCC,2,5,14,0,0,14
Crew 1,ONCC,3,1,14,0,0,14
Crew 1,ONCC,3,2,14,0,0,14
Crew 1,ONCC,3,3,11,3,21,14
Crew 1,ONCC,3,4,11,3,21,14
Crew 1,ONCC,3,5,14,0,0,14
Crew 1,ONCC,4,1,14,0,0,14
Crew 1,ONCC,4,2,14,0,0,14
Crew 1,ONCC,4,3,14,0,0,14
Crew 1,ONCC,4,4,14,0,0,14
Crew 1,ONCC,4,5,11,3,21,14
Crew 1,ONCC,5,1,14,0,0,14
Crew 1,ONCC,5,2,14,0,0,14
Crew 1,ONCC,5,3,14,0,0,14
Crew 1,ONCC,5,4,14,0,0,14
Crew 1,ONCC,5,5,14,0,0,14
Crew 1,OSCC,1,1,10,10,50,20
Crew 1,OSCC,1,2,10,10,50,20
Crew 1,OSCC,1,3,10,10,50,20
Crew 1,OSCC,1,4,20,0,0,20
Crew 1,OSCC,1,5,10,10,50,20
Crew 1,OSCC,2,1,10,10,50,20
Crew 1,OSCC,2,2,10,10,50,20
Crew 1,OSCC,2,3,10,10,50,20
Crew 1,OSCC,2,4,20,0,0,20
Crew 1,OSCC,2,5,20,0,0,20
Crew 1,OSCC,3,1,20,0,0,20
Crew 1,OSCC,3,2,20,0,0,20
Crew 1,OSCC,3,3,20,0,0,20
Crew 1,OSCC,3,4,20,0,0,20
Crew 1,OSCC,3,5,15,5,25,20
Crew 1,OSCC,4,1,20,0,0,20
Crew 1,OSCC,4,2,20,0,0,20
Crew 1,OSCC,4,3,20,0,0,20
Crew 1,OSCC,4,4,20,0,0,20
Crew 1,OSCC,4,5,15,5,25,20
Crew 1,OSCC,5,1,20,0,0,20
Crew 1,OSCC,5,2,20,0,0,20
Crew 1,OSCC,5,3,20,0,0,20
Crew 1,OSCC,5,4,20,0,0,20
Crew 1,OSCC,5,5,20,0,0,20
Crew 1,NRCC,1,1,3,3,50,6
Crew 1,NRCC,1,2,3,3,50,6
Crew 1,NRCC,1,3,3,3,50,6
Crew 1,NRCC,1,4,6,0,0,6
Crew 1,NRCC,1,5,3,3,50,6
Crew 1,NRCC,2,1,3,3,50,6
Crew 1,NRCC,2,2,6,0,0,6
Crew 1,NRCC,2,3,3,3,50,6
Crew 1,NRCC,2,4,3,3,50,6
Crew 1,NRCC,2,5,6,0,0,6
Crew 1,NRCC,3,1,6,0,0,6
Crew 1,NRCC,3,2,6,0,0,6
Crew 1,NRCC,3,3,6,0,0,6
Crew 1,NRCC,3,4,6,0,0,6
Crew 1,NRCC,3,5,6,0,0,6
Crew 1,NRCC,4,1,6,0,0,6
Crew 1,NRCC,4,2,6,0,0,6
Crew 1,NRCC,4,3,6,0,0,6
Crew 1,NRCC,4,4,6,0,0,6
Crew 1,NRCC,4,5,5,1,16,6
Crew 1,NRCC,5,1,6,0,0,6
Crew 1,NRCC,5,2,6,0,0,6
Crew 1,NRCC,5,3,6,0,0,6
Crew 1,NRCC,5,4,6,0,0,6
Crew 1,NRCC,5,5,6,0,0,6
Crew 1,GBCC,1,1,3,3,50,6
Crew 1,GBCC,1,2,3,3,50,6
Crew 1,GBCC,1,3,3,3,50,6
Crew 1,GBCC,1,4,6,0,0,6
Crew 1,GBCC,1,5,3,3,50,6
Crew 1,GBCC,2,1,3,3,50,6
Crew 1,GBCC,2,2,3,3,50,6
Crew 1,GBCC,2,3,3,3,50,6
Crew 1,GBCC,2,4,3,3,50,6
Crew 1,GBCC,2,5,6,0,0,6
Crew 1,GBCC,3,1,6,0,0,6
Crew 1,GBCC,3,2,6,0,0,6
Crew 1,GBCC,3,3,6,0,0,6
Crew 1,GBCC,3,4,6,0,0,6
Crew 1,GBCC,3,5,6,0,0,6
Crew 1,GBCC,4,1,6,0,0,6
Crew 1,GBCC,4,2,6,0,0,6
Crew 1,GBCC,4,3,6,0,0,6
Crew 1,GBCC,4,4,6,0,0,6
Crew 1,GBCC,4,5,5,1,16,6
Crew 1,GBCC,5,1,6,0,0,6
Crew 1,GBCC,5,2,6,0,0,6
Crew 1,GBCC,5,3,6,0,0,6
Crew 1,GBCC,5,4,6,0,0,6
Crew 1,GBCC,5,5,6,0,0,6
Crew 1,SWCC,1,1,7,7,50,14
Crew 1,SWCC,1,2,7,7,50,14
Crew 1,SWCC,1,3,7,7,50,14
Crew 1,SWCC,1,4,7,7,50,14
Crew 1,SWCC,1,5,7,7,50,14
Crew 1,SWCC,2,1,7,7,50,14
Crew 1,SWCC,2,2,7,7,50,14
Crew 1,SWCC,2,3,7,7,50,14
Crew 1,SWCC,2,4,14,0,0,14
Crew 1,SWCC,2,5,14,0,0,14
Crew 1,SWCC,3,1,14,0,0,14
Crew 1,SWCC,3,2,14,0,0,14
Crew 1,SWCC,3,3,11,3,21,14
Crew 1,SWCC,3,4,14,0,0,14
Crew 1,SWCC,3,5,14,0,0,14
Crew 1,SWCC,4,1,14,0,0,14
Crew 1,SWCC,4,2,14,0,0,14
Crew 1,SWCC,4,3,14,0,0,14
Crew 1,SWCC,4,4,14,0,0,14
Crew 1,SWCC,4,5,14,0,0,14
Crew 1,SWCC,5,1,14,0,0,14
Crew 1,SWCC,5,2,14,0,0,14
Crew 1,SWCC,5,3,14,0,0,14
Crew 1,SWCC,5,4,14,0,0,14
Crew 1,SWCC,5,5,14,0,0,14
Crew 1,RMCC,1,1,3,2,40,5
Crew 1,RMCC,1,2,3,2,40,5
Crew 1,RMCC,1,3,3,2,40,5
Crew 1,RMCC,1,4,5,0,0,5
Crew 1,RMCC,1,5,5,0,0,5
Crew 1,RMCC,2,1,3,2,40,5
Crew 1,RMCC,2,2,3,2,40,5
Crew 1,RMCC,2,3,3,2,40,5
Crew 1,RMCC,2,4,3,2,40,5
Crew 1,RMCC,2,5,5,0,0,5
Crew 1,RMCC,3,1,5,0,0,5
Crew 1,RMCC,3,2,5,0,0,5
Crew 1,RMCC,3,3,4,1,20,5
Crew 1,RMCC,3,4,5,0,0,5
Crew 1,RMCC,3,5,5,0,0,5
Crew 1,RMCC,4,1,5,0,0,5
Crew 1,RMCC,4,2,5,0,0,5
Crew 1,RMCC,4,3,5,0,0,5
Crew 1,RMCC,4,4,4,1,20,5
Crew 1,RMCC,4,5,5,0,0,5
Crew 1,RMCC,5,1,5,0,0,5
Crew 1,RMCC,5,2,5,0,0,5
Crew 1,RMCC,5,3,5,0,0,5
Crew 1,RMCC,5,4,5,0,0,5
Crew 1,RMCC,5,5,5,0,0,5
Crew 1,EACC,1,1,1,0,0,1
Crew 1,EACC,1,2,1,0,0,1
Crew 1,EACC,1,3,1,0,0,1
Crew 1,EACC,1,4,1,0,0,1
Crew 1,EACC,1,5,1,0,0,1
Crew 1,EACC,2,1,1,0,0,1
Crew 1,EACC,2,2,1,0,0,1
Crew 1,EACC,2,3,1,0,0,1
Crew 1,EACC,2,4,1,0,0,1
Crew 1,EACC,2,5,1,0,0,1
Crew 1,EACC,3,1,1,0,0,1
Crew 1,EACC,3,2,1,0,0,1
Crew 1,EACC,3,3,1,0,0,1
Crew 1,EACC,3,4,1,0,0,1
Crew 1,EACC,3,5,1,0,0,1
Crew 1,EACC,4,1,1,0,0,1
Crew 1,EACC,4,2,1,0,0,1
Crew 1,EACC,4,3,1,0,0,1
Crew 1,EACC,4,4,1,0,0,1
Crew 1,EACC,4,5,1,0,0,1
Crew 1,EACC,5,1,1,0,0,1
Crew 1,EACC,5,2,1,0,0,1
Crew 1,EACC,5,3,1,0,0,1
Crew 1,EACC,5,4,1,0,0,1
Crew 1,EACC,5,5,1,0,0,1
Crew 1,SACC,1,1,1,1,50,2
Crew 1,SACC,1,2,1,1,50,2
Crew 1,SACC,1,3,1,1,50,2
Crew 1,SACC,1,4,1,1,50,2
Crew 1,SACC,1,5,1,1,50,2
Crew 1,SACC,2,1,1,1,50,2
Crew 1,SACC,2,2,1,1,50,2
Crew 1,SACC,2,3,1,1,50,2
Crew 1,SACC,2,4,2,0,0,2
Crew 1,SACC,2,5,1,1,50,2
Crew 1,SACC,3,1,2,0,0,2
Crew 1,SACC,3,2,2,0,0,2
Crew 1,SACC,3,3,2,0,0,2
Crew 1,SACC,3,4,2,0,0,2
Crew 1,SACC,3,5,2,0,0,2
Crew 1,SACC,4,1,2,0,0,2
Crew 1,SACC,4,2,2,0,0,2
Crew 1,SACC,4,3,2,0,0,2
Crew 1,SACC,4,4,2,0,0,2
Crew 1,SACC,4,5,2,0,0,2
Crew 1,SACC,5,1,2,0,0,2
Crew 1,SACC,5,2,2,0,0,2
Crew 1,SACC,5,3,2,0,0,2
Crew 1,SACC,5,4,2,0,0,2
Crew 1,SACC,5,5,2,0,0,2
Crew 2IA,AICC,1,1,1,0,0,1
Crew 2IA,AICC,1,2,1,0,0,1
Crew 2IA,AICC,1,3,1,0,0,1
Crew 2IA,AICC,1,4,1,0,0,1
Crew 2IA,AICC,1,5,1,0,0,1
Crew 2IA,AICC,2,1,1,0,0,1
Crew 2IA,AICC,2,2,1,0,0,1
Crew 2IA,AICC,2,3,1,0,0,1
Crew 2IA,AICC,2,4,1,0,0,1
Crew 2IA,AICC,2,5,1,0,0,1
Crew 2IA,AICC,3,1,1,0,0,1
Crew 2IA,AICC,3,2,1,0,0,1
Crew 2IA,AICC,3,3,1,0,0,1
Crew 2IA,AICC,3,4,1,0,0,1
Crew 2IA,AICC,3,5,1,0,0,1
Crew 2IA,AICC,4,1,1,0,0,1
Crew 2IA,AICC,4,2,1,0,0,1
Crew 2IA,AICC,4,3,1,0,0,1
Crew 2IA,AICC,4,4,1,0,0,1
Crew 2IA,AICC,4,5,1,0,0,1
Crew 2IA,AICC,5,1,1,0,0,1
Crew 2IA,AICC,5,2,1,0,0,1
Crew 2IA,AICC,5,3,1,0,0,1
Crew 2IA,AICC,5,4,1,0,0,1
Crew 2IA,AICC,5,5,1,0,0,1
Crew 2IA,NWCC,1,1,8,7,46,15
Crew 2IA,NWCC,1,2,8,7,46,15
Crew 2IA,NWCC,1,3,15,0,0,15
Crew 2IA,NWCC,1,4,15,0,0,15
Crew 2IA,NWCC,1,5,15,0,0,15
Crew 2IA,NWCC,2,1,8,7,46,15
Crew 2IA,NWCC,2,2,8,7,46,15
Crew 2IA,NWCC,2,3,8,7,46,15
Crew 2IA,NWCC,2,4,8,7,46,15
Crew 2IA,NWCC,2,5,15,0,0,15
Crew 2IA,NWCC,3,1,15,0,0,15
Crew 2IA,NWCC,3,2,15,0,0,15
Crew 2IA,NWCC,3,3,15,0,0,15
Crew 2IA,NWCC,3,4,15,0,0,15
Crew 2IA,NWCC,3,5,15,0,0,15
Crew 2IA,NWCC,4,1,15,0,0,15
Crew 2IA,NWCC,4,2,15,0,0,15
Crew 2IA,NWCC,4,3,15,0,0,15
Crew 2IA,NWCC,4,4,15,0,0,15
Crew 2IA,NWCC,4,5,12,3,20,15
Crew 2IA,NWCC,5,1,15,0,0,15
Crew 2IA,NWCC,5,2,15,0,0,15
Crew 2IA,NWCC,5,3,15,0,0,15
Crew 2IA,NWCC,5,4,15,0,0,15
Crew 2IA,NWCC,5,5,15,0,0,15
Crew 2IA,ONCC,1,1,4,3,42,7
Crew 2IA,ONCC,1,2,4,3,42,7
Crew 2IA,ONCC,1,3,4,3,42,7
Crew 2IA,ONCC,1,4,7,0,0,7
Crew 2IA,ONCC,1,5,7,0,0,7
Crew 2IA,ONCC,2,1,4,3,42,7
Crew 2IA,ONCC,2,2,7,0,0,7
Crew 2IA,ONCC,2,3,4,3,42,7
Crew 2IA,ONCC,2,4,7,0,0,7
Crew 2IA,ONCC,2,5,4,3,42,7
Crew 2IA,ONCC,3,1,7,0,0,7
Crew 2IA,ONCC,3,2,7,0,0,7
Crew 2IA,ONCC,3,3,7,0,0,7
Crew 2IA,ONCC,3,4,7,0,0,7
Crew 2IA,ONCC,3,5,6,1,14,7
Crew 2IA,ONCC,4,1,7,0,0,7
Crew 2IA,ONCC,4,2,7,0,0,7
Crew 2IA,ONCC,4,3,7,0,0,7
Crew 2IA,ONCC,4,4,7,0,0,7
Crew 2IA,ONCC,4,5,7,0,0,7
Crew 2IA,ONCC,5,1,7,0,0,7
Crew 2IA,ONCC,5,2,7,0,0,7
Crew 2IA,ONCC,5,3,7,0,0,7
Crew 2IA,ONCC,5,4,7,0,0,7
Crew 2IA,ONCC,5,5,7,0,0,7
Crew 2IA,OSCC,1,1,5,4,44,9
Crew 2IA,OSCC,1,2,5,4,44,9
Crew 2IA,OSCC,1,3,5,4,44,9
Crew 2IA,OSCC,1,4,5,4,44,9
Crew 2IA,OSCC,1,5,9,0,0,9
Crew 2IA,OSCC,2,1,5,4,44,9
Crew 2IA,OSCC,2,2,5,4,44,9
Crew 2IA,OSCC,2,3,5,4,44,9
Crew 2IA,OSCC,2,4,9,0,0,9
Crew 2IA,OSCC,2,5,9,0,0,9
Crew 2IA,OSCC,3,1,9,0,0,9
Crew 2IA,OSCC,3,2,9,0,0,9
Crew 2IA,OSCC,3,3,7,2,22,9
Crew 2IA,OSCC,3,4,7,2,22,9
Crew 2IA,OSCC,3,5,7,2,22,9
Crew 2IA,OSCC,4,1,9,0,0,9
Crew 2IA,OSCC,4,2,9,0,0,9
Crew 2IA,OSCC,4,3,9,0,0,9
Crew 2IA,OSCC,4,4,7,2,22,9
Crew 2IA,OSCC,4,5,7,2,22,9
Crew 2IA,OSCC,5,1,9,0,0,9
Crew 2IA,OSCC,5,2,9,0,0,9
Crew 2IA,OSCC,5,3,9,0,0,9
Crew 2IA,OSCC,5,4,9,0,0,9
Crew 2IA,OSCC,5,5,9,0,0,9
Crew 2IA,NRCC,1,1,5,4,44,9
Crew 2IA,NRCC,1,2,5,4,44,9
Crew 2IA,NRCC,1,3,5,4,44,9
Crew 2IA,NRCC,1,4,5,4,44,9
Crew 2IA,NRCC,1,5,5,4,44,9
Crew 2IA,NRCC,2,1,5,4,44,9
Crew 2IA,NRCC,2,2,5,4,44,9
Crew 2IA,NRCC,2,3,9,0,0,9
Crew 2IA,NRCC,2,4,5,4,44,9
Crew 2IA,NRCC,2,5,5,4,44,9
Crew 2IA,NRCC,3,1,9,0,0,9
Crew 2IA,NRCC,3,2,9,0,0,9
Crew 2IA,NRCC,3,3,7,2,22,9
Crew 2IA,NRCC,3,4,9,0,0,9
Crew 2IA,NRCC,3,5,7,2,22,9
Crew 2IA,NRCC,4,1,9,0,0,9
Crew 2IA,NRCC,4,2,9,0,0,9
Crew 2IA,NRCC,4,3,9,0,0,9
Crew 2IA,NRCC,4,4,7,2,22,9
Crew 2IA,NRCC,4,5,9,0,0,9
Crew 2IA,NRCC,5,1,9,0,0,9
Crew 2IA,NRCC,5,2,9,0,0,9
Crew 2IA,NRCC,5,3,9,0,0,9
Crew 2IA,NRCC,5,4,9,0,0,9
Crew 2IA,NRCC,5,5,9,0,0,9
Crew 2IA,GBCC,1,1,4,3,42,7
Crew 2IA,GBCC,1,2,4,3,42,7
Crew 2IA,GBCC,1,3,4,3,42,7
Crew 2IA,GBCC,1,4,4,3,42,7
Crew 2IA,GBCC,1,5,7,0,0,7
Crew 2IA,GBCC,2,1,4,3,42,7
Crew 2IA,GBCC,2,2,7,0,0,7
Crew 2IA,GBCC,2,3,7,0,0,7
Crew 2IA,GBCC,2,4,4,3,42,7
Crew 2IA,GBCC,2,5,7,0,0,7
Crew 2IA,GBCC,3,1,7,0,0,7
Crew 2IA,GBCC,3,2,7,0,0,7
Crew 2IA,GBCC,3,3,7,0,0,7
Crew 2IA,GBCC,3,4,7,0,0,7
Crew 2IA,GBCC,3,5,6,1,14,7
Crew 2IA,GBCC,4,1,7,0,0,7
Crew 2IA,GBCC,4,2,7,0,0,7
Crew 2IA,GBCC,4,3,7,0,0,7
Crew 2IA,GBCC,4,4,6,1,14,7
Crew 2IA,GBCC,4,5,7,0,0,7
Crew 2IA,GBCC,5,1,7,0,0,7
Crew 2IA,GBCC,5,2,7,0,0,7
Crew 2IA,GBCC,5,3,7,0,0,7
Crew 2IA,GBCC,5,4,7,0,0,7
Crew 2IA,GBCC,5,5,7,0,0,7
Crew 2IA,SWCC,1,1,2,2,50,4
Crew 2IA,SWCC,1,2,2,2,50,4
Crew 2IA,SWCC,1,3,2,2,50,4
Crew 2IA,SWCC,1,4,2,2,50,4
Crew 2IA,SWCC,1,5,4,0,0,4
Crew 2IA,SWCC,2,1,2,2,50,4
Crew 2IA,SWCC,2,2,2,2,50,4
Crew 2IA,SWCC,2,3,2,2,50,4
Crew 2IA,SWCC,2,4,2,2,50,4
Crew 2IA,SWCC,2,5,4,0,0,4
Crew 2IA,SWCC,3,1,4,0,0,4
Crew 2IA,SWCC,3,2,4,0,0,4
Crew 2IA,SWCC,3,3,3,1,25,4
Crew 2IA,SWCC,3,4,4,0,0,4
Crew 2IA,SWCC,3,5,4,0,0,4
Crew 2IA,SWCC,4,1,4,0,0,4
Crew 2IA,SWCC,4,2,4,0,0,4
Crew 2IA,SWCC,4,3,4,0,0,4
Crew 2IA,SWCC,4,4,3,1,25,4
Crew 2IA,SWCC,4,5,4,0,0,4
Crew 2IA,SWCC,5,1,4,0,0,4
Crew 2IA,SWCC,5,2,4,0,0,4
Crew 2IA,SWCC,5,3,4,0,0,4
Crew 2IA,SWCC,5,4,4,0,0,4
Crew 2IA,SWCC,5,5,4,0,0,4
Crew 2IA,RMCC,1,1,2,2,50,4
Crew 2IA,RMCC,1,2,2,2,50,4
Crew 2IA,RMCC,1,3,2,2,50,4
Crew 2IA,RMCC,1,4,4,0,0,4
Crew 2IA,RMCC,1,5,2,2,50,4
Crew 2IA,RMCC,2,1,2,2,50,4
Crew 2IA,RMCC,2,2,4,0,0,4
Crew 2IA,RMCC,2,3,2,2,50,4
Crew 2IA,RMCC,2,4,2,2,50,4
Crew 2IA,RMCC,2,5,4,0,0,4
Crew 2IA,RMCC,3,1,4,0,0,4
Crew 2IA,RMCC,3,2,4,0,0,4
Crew 2IA,RMCC,3,3,3,1,25,4
Crew 2IA,RMCC,3,4,4,0,0,4
Crew 2IA,RMCC,3,5,3,1,25,4
Crew 2IA,RMCC,4,1,4,0,0,4
Crew 2IA,RMCC,4,2,4,0,0,4
Crew 2IA,RMCC,4,3,4,0,0,4
Crew 2IA,RMCC,4,4,4,0,0,4
Crew 2IA,RMCC,4,5,4,0,0,4
Crew 2IA,RMCC,5,1,4,0,0,4
Crew 2IA,RMCC,5,2,4,0,0,4
Crew 2IA,RMCC,5,3,4,0,0,4
Crew 2IA,RMCC,5,4,4,0,0,4
Crew 2IA,RMCC,5,5,4,0,0,4
Crew 2IA,EACC,1,1,2,1,33,3
Crew 2IA,EACC,1,2,2,1,33,3
Crew 2IA,EACC,1,3,3,0,0,3
Crew 2IA,EACC,1,4,2,1,33,3
Crew 2IA,EACC,1,5,2,1,33,3
Crew 2IA,EACC,2,1,2,1,33,3
Crew 2IA,EACC,2,2,2,1,33,3
Crew 2IA,EACC,2,3,3,0,0,3
Crew 2IA,EACC,2,4,3,0,0,3
Crew 2IA,EACC,2,5,3,0,0,3
Crew 2IA,EACC,3,1,3,0,0,3
Crew 2IA,EACC,3,2,3,0,0,3
Crew 2IA,EACC,3,3,3,0,0,3
Crew 2IA,EACC,3,4,3,0,0,3
Crew 2IA,EACC,3,5,3,0,0,3
Crew 2IA,EACC,4,1,3,0,0,3
Crew 2IA,EACC,4,2,3,0,0,3
Crew 2IA,EACC,4,3,3,0,0,3
Crew 2IA,EACC,4,4,3,0,0,3
Crew 2IA,EACC,4,5,3,0,0,3
Crew 2IA,EACC,5,1,3,0,0,3
Crew 2IA,EACC,5,2,3,0,0,3
Crew 2IA,EACC,5,3,3,0,0,3
Crew 2IA,EACC,5,4,3,0,0,3
Crew 2IA,EACC,5,5,3,0,0,3
Crew 2IA,SACC,1,1,1,1,50,2
Crew 2IA,SACC,1,2,1,1,50,2
Crew 2IA,SACC,1,3,1,1,50,2
Crew 2IA,SACC,1,4,1,1,50,2
Crew 2IA,SACC,1,5,2,0,0,2
Crew 2IA,SACC,2,1,1,1,50,2
Crew 2IA,SACC,2,2,1,1,50,2
Crew 2IA,SACC,2,3,1,1,50,2
Crew 2IA,SACC,2,4,1,1,50,2
Crew 2IA,SACC,2,5,2,0,0,2
Crew 2IA,SACC,3,1,2,0,0,2
Crew 2IA,SACC,3,2,2,0,0,2
Crew 2IA,SACC,3,3,2,0,0,2
Crew 2IA,SACC,3,4,2,0,0,2
Crew 2IA,SACC,3,5,2,0,0,2
Crew 2IA,SACC,4,1,2,0,0,2
Crew 2IA,SACC,4,2,2,0,0,2
Crew 2IA,SACC,4,3,2,0,0,2
Crew 2IA,SACC,4,4,2,0,0,2
Crew 2IA,SACC,4,5,2,0,0,2
Crew 2IA,SACC,5,1,2,0,0,2
Crew 2IA,SACC,5,2,2,0,0,2
Crew 2IA,SACC,5,3,2,0,0,2
Crew 2IA,SACC,5,4,2,0,0,2
Crew 2IA,SACC,5,5,2,0,0,2
Crew 2,AICC,1,1,0,0,0,0
Crew 2,AICC,1,2,0,0,0,0
Crew 2,AICC,1,3,0,0,0,0
Crew 2,AICC,1,4,0,0,0,0
Crew 2,AICC,1,5,0,0,0,0
Crew 2,AICC,2,1,0,0,0,0
Crew 2,AICC,2,2,0,0,0,0
Crew 2,AICC,2,3,0,0,0,0
Crew 2,AICC,2,4,0,0,0,0
Crew 2,AICC,2,5,0,0,0,0
Crew 2,AICC,3,1,0,0,0,0
Crew 2,AICC,3,2,0,0,0,0
Crew 2,AICC,3,3,0,0,0,0
Crew 2,AICC,3,4,0,0,0,0
Crew 2,AICC,3,5,0,0,0,0
Crew 2,AICC,4,1,0,0,0,0
Crew 2,AICC,4,2,0,0,0,0
Crew 2,AICC,4,3,0,0,0,0
Crew 2,AICC,4,4,0,0,0,0
Crew 2,AICC,4,5,0,0,0,0
Crew 2,AICC,5,1,0,0,0,0
Crew 2,AICC,5,2,0,0,0,0
Crew 2,AICC,5,3,0,0,0,0
Crew 2,AICC,5,4,0,0,0,0
Crew 2,AICC,5,5,0,0,0,0
Crew 2,NWCC,1,1,1,1,50,2
Crew 2,NWCC,1,2,2,0,0,2
Crew 2,NWCC,1,3,2,0,0,2
Crew 2,NWCC,1,4,2,0,0,2
Crew 2,NWCC,1,5,1,1,50,2
Crew 2,NWCC,2,1,1,1,50,2
Crew 2,NWCC,2,2,1,1,50,2
Crew 2,NWCC,2,3,1,1,50,2
Crew 2,NWCC,2,4,1,1,50,2
Crew 2,NWCC,2,5,1,1,50,2
Crew 2,NWCC,3,1,2,0,0,2
Crew 2,NWCC,3,2,2,0,0,2
Crew 2,NWCC,3,3,2,0,0,2
Crew 2,NWCC,3,4,2,0,0,2
Crew 2,NWCC,3,5,2,0,0,2
Crew 2,NWCC,4,1,2,0,0,2
Crew 2,NWCC,4,2,2,0,0,2
Crew 2,NWCC,4,3,2,0,0,2
Crew 2,NWCC,4,4,2,0,0,2
Crew 2,NWCC,4,5,2,0,0,2
Crew 2,NWCC,5,1,2,0,0,2
Crew 2,NWCC,5,2,2,0,0,2
Crew 2,NWCC,5,3,2,0,0,2
Crew 2,NWCC,5,4,2,0,0,2
Crew 2,NWCC,5,5,2,0,0,2
Crew 2,ONCC,1,1,2,1,33,3
Crew 2,ONCC,1,2,3,0,0,3
Crew 2,ONCC,1,3,2,1,33,3
Crew 2,ONCC,1,4,2,1,33,3
Crew 2,ONCC,1,5,2,1,33,3
Crew 2,ONCC,2,1,2,1,33,3
Crew 2,ONCC,2,2,3,0,0,3
Crew 2,ONCC,2,3,2,1,33,3
Crew 2,ONCC,2,4,3,0,0,3
Crew 2,ONCC,2,5,3,0,0,3
Crew 2,ONCC,3,1,3,0,0,3
Crew 2,ONCC,3,2,3,0,0,3
Crew 2,ONCC,3,3,3,0,0,3
Crew 2,ONCC,3,4,3,0,0,3
Crew 2,ONCC,3,5,3,0,0,3
Crew 2,ONCC,4,1,3,0,0,3
Crew 2,ONCC,4,2,3,0,0,3
Crew 2,ONCC,4,3,3,0,0,3
Crew 2,ONCC,4,4,3,0,0,3
Crew 2,ONCC,4,5,3,0,0,3
Crew 2,ONCC,5,1,3,0,0,3
Crew 2,ONCC,5,2,3,0,0,3
Crew 2,ONCC,5,3,3,0,0,3
Crew 2,ONCC,5,4,3,0,0,3
Crew 2,ONCC,5,5,3,0,0,3
Crew 2,OSCC,1,1,6,6,50,12
Crew 2,OSCC,1,2,12,0,0,12
Crew 2,OSCC,1,3,6,6,50,12
Crew 2,OSCC,1,4,6,6,50,12
Crew 2,OSCC,1,5,6,6,50,12
Crew 2,OSCC,2,1,6,6,50,12
Crew 2,OSCC,2,2,12,0,0,12
Crew 2,OSCC,2,3,6,6,50,12
Crew 2,OSCC,2,4,12,0,0,12
Crew 2,OSCC,2,5,12,0,0,12
Crew 2,OSCC,3,1,12,0,0,12
Crew 2,OSCC,3,2,12,0,0,12
Crew 2,OSCC,3,3,12,0,0,12
Crew 2,OSCC,3,4,12,0,0,12
Crew 2,OSCC,3,5,12,0,0,12
Crew 2,OSCC,4,1,12,0,0,12
Crew 2,OSCC,4,2,12,0,0,12
Crew 2,OSCC,4,3,12,0,0,12
Crew 2,OSCC,4,4,9,3,25,12
Crew 2,OSCC,4,5,12,0,0,12
Crew 2,OSCC,5,1,12,0,0,12
Crew 2,OSCC,5,2,12,0,0,12
Crew 2,OSCC,5,3,12,0,0,12
Crew 2,OSCC,5,4,12,0,0,12
Crew 2,OSCC,5,5,12,0,0,12
Crew 2,NRCC,1,1,1,0,0,1
Crew 2,NRCC,1,2,1,0,0,1
Crew 2,NRCC,1,3,1,0,0,1
Crew 2,NRCC,1,4,1,0,0,1
Crew 2,NRCC,1,5,1,0,0,1
Crew 2,NRCC,2,1,1,0,0,1
Crew 2,NRCC,2,2,1,0,0,1
Crew 2,NRCC,2,3,1,0,0,1
Crew 2,NRCC,2,4,1,0,0,1
Crew 2,NRCC,2,5,1,0,0,1
Crew 2,NRCC,3,1,1,0,0,1
Crew 2,NRCC,3,2,1,0,0,1
Crew 2,NRCC,3,3,1,0,0,1
Crew 2,NRCC,3,4,1,0,0,1
Crew 2,NRCC,3,5,1,0,0,1
Crew 2,NRCC,4,1,1,0,0,1
Crew 2,NRCC,4,2,1,0,0,1
Crew 2,NRCC,4,3,1,0,0,1
Crew 2,NRCC,4,4,1,0,0,1
Crew 2,NRCC,4,5,1,0,0,1
Crew 2,NRCC,5,1,1,0,0,1
Crew 2,NRCC,5,2,1,0,0,1
Crew 2,NRCC,5,3,1,0,0,1
Crew 2,NRCC,5,4,1,0,0,1
Crew 2,NRCC,5,5,1,0,0,1
Crew 2,GBCC,1,1,1,0,0,1
Crew 2,GBCC,1,2,1,0,0,1
Crew 2,GBCC,1,3,1,0,0,1
Crew 2,GBCC,1,4,1,0,0,1
Crew 2,GBCC,1,5,1,0,0,1
Crew 2,GBCC,2,1,1,0,0,1
Crew 2,GBCC,2,2,1,0,0,1
Crew 2,GBCC,2,3,1,0,0,1
Crew 2,GBCC,2,4,1,0,0,1
Crew 2,GBCC,2,5,1,0,0,1
Crew 2,GBCC,3,1,1,0,0,1
Crew 2,GBCC,3,2,1,0,0,1
Crew 2,GBCC,3,3,1,0,0,1
Crew 2,GBCC,3,4,1,0,0,1
Crew 2,GBCC,3,5,1,0,0,1
Crew 2,GBCC,4,1,1,0,0,1
Crew 2,GBCC,4,2,1,0,0,1
Crew 2,GBCC,4,3,1,0,0,1
Crew 2,GBCC,4,4,1,0,0,1
Crew 2,GBCC,4,5,1,0,0,1
Crew 2,GBCC,5,1,1,0,0,1
Crew 2,GBCC,5,2,1,0,0,1
Crew 2,GBCC,5,3,1,0,0,1
Crew 2,GBCC,5,4,1,0,0,1
Crew 2,GBCC,5,5,1,0,0,1
Crew 2,SWCC,1,1,0,0,0,0
Crew 2,SWCC,1,2,0,0,0,0
Crew 2,SWCC,1,3,0,0,0,0
Crew 2,SWCC,1,4,0,0,0,0
Crew 2,SWCC,1,5,0,0,0,0
Crew 2,SWCC,2,1,0,0,0,0
Crew 2,SWCC,2,2,0,0,0,0
Crew 2,SWCC,2,3,0,0,0,0
Crew 2,SWCC,2,4,0,0,0,0
Crew 2,SWCC,2,5,0,0,0,0
Crew 2,SWCC,3,1,0,0,0,0
Crew 2,SWCC,3,2,0,0,0,0
Crew 2,SWCC,3,3,0,0,0,0
Crew 2,SWCC,3,4,0,0,0,0
Crew 2,SWCC,3,5,0,0,0,0
Crew 2,SWCC,4,1,0,0,0,0
Crew 2,SWCC,4,2,0,0,0,0
Crew 2,SWCC,4,3,0,0,0,0
Crew 2,SWCC,4,4,0,0,0,0
Crew 2,SWCC,4,5,0,0,0,0
Crew 2,SWCC,5,1,0,0,0,0
Crew 2,SWCC,5,2,0,0,0,0
Crew 2,SWCC,5,3,0,0,0,0
Crew 2,SWCC,5,4,0,0,0,0
Crew 2,SWCC,5,5,0,0,0,0
Crew 2,RMCC,1,1,0,0,0,0
Crew 2,RMCC,1,2,0,0,0,0
Crew 2,RMCC,1,3,0,0,0,0
Crew 2,RMCC,1,4,0,0,0,0
Crew 2,RMCC,1,5,0,0,0,0
Crew 2,RMCC,2,1,0,0,0,0
Crew 2,RMCC,2,2,0,0,0,0
Crew 2,RMCC,2,3,0,0,0,0
Crew 2,RMCC,2,4,0,0,0,0
Crew 2,RMCC,2,5,0,0,0,0
Crew 2,RMCC,3,1,0,0,0,0
Crew 2,RMCC,3,2,0,0,0,0
Crew 2,RMCC,3,3,0,0,0,0
Crew 2,RMCC,3,4,0,0,0,0
Crew 2,RMCC,3,5,0,0,0,0
Crew 2,RMCC,4,1,0,0,0,0
Crew 2,RMCC,4,2,0,0,0,0
Crew 2,RMCC,4,3,0,0,0,0
Crew 2,RMCC,4,4,0,0,0,0
Crew 2,RMCC,4,5,0,0,0,0
Crew 2,RMCC,5,1,0,0,0,0
Crew 2,RMCC,5,2,0,0,0,0
Crew 2,RMCC,5,3,0,0,0,0
Crew 2,RMCC,5,4,0,0,0,0
Crew 2,RMCC,5,5,0,0,0,0
Crew 2,EACC,1,1,0,0,0,0
Crew 2,EACC,1,2,0,0,0,0
Crew 2,EACC,1,3,0,0,0,0
Crew 2,EACC,1,4,0,0,0,0
Crew 2,EACC,1,5,0,0,0,0
Crew 2,EACC,2,1,0,0,0,0
Crew 2,EACC,2,2,0,0,0,0
Crew 2,EACC,2,3,0,0,0,0
Crew 2,EACC,2,4,0,0,0,0
Crew 2,EACC,2,5,0,0,0,0
Crew 2,EACC,3,1,0,0,0,0
Crew 2,EACC,3,2,0,0,0,0
Crew 2,EACC,3,3,0,0,0,0
Crew 2,EACC,3,4,0,0,0,0
Crew 2,EACC,3,5,0,0,0,0
Crew 2,EACC,4,1,0,0,0,0
Crew 2,EACC,4,2,0,0,0,0
Crew 2,EACC,4,3,0,0,0,0
Crew 2,EACC,4,4,0,0,0,0
Crew 2,EACC,4,5,0,0,0,0
Crew 2,EACC,5,1,0,0,0,0
Crew 2,EACC,5,2,0,0,0,0
Crew 2,EACC,5,3,0,0,0,0
Crew 2,EACC,5,4,0,0,0,0
Crew 2,EACC,5,5,0,0,0,0
Crew 2,SACC,1,1,1,0,0,1
Crew 2,SACC,1,2,1,0,0,1
Crew 2,SACC,1,3,1,0,0,1
Crew 2,SACC,1,4,1,0,0,1
Crew 2,SACC,1,5,1,0,0,1
Crew 2,SACC,2,1,1,0,0,1
Crew 2,SACC,2,2,1,0,0,1
Crew 2,SACC,2,3,1,0,0,1
Crew 2,SACC,2,4,1,0,0,1
Crew 2,SACC,2,5,1,0,0,1
Crew 2,SACC,3,1,1,0,0,1
Crew 2,SACC,3,2,1,0,0,1
Crew 2,SACC,3,3,1,0,0,1
Crew 2,SACC,3,4,1,0,0,1
Crew 2,SACC,3,5,1,0,0,1
Crew 2,SACC,4,1,1,0,0,1
Crew 2,SACC,4,2,1,0,0,1
Crew 2,SACC,4,3,1,0,0,1
Crew 2,SACC,4,4,1,0,0,1
Crew 2,SACC,4,5,1,0,0,1
Crew 2,SACC,5,1,1,0,0,1
Crew 2,SACC,5,2,1,0,0,1
Crew 2,SACC,5,3,1,0,0,1
Crew 2,SACC,5,4,1,0,0,1
Crew 2,SACC,5,5,1,0,0,1
Engine 3,AICC,1,1,0,0,0,0
Engine 3,AICC,1,2,0,0,0,0
Engine 3,AICC,1,3,0,0,0,0
Engine 3,AICC,1,4,0,0,0,0
Engine 3,AICC,1,5,0,0,0,0
Engine 3,AICC,2,1,0,0,0,0
Engine 3,AICC,2,2,0,0,0,0
Engine 3,AICC,2,3,0,0,0,0
Engine 3,AICC,2,4,0,0,0,0
Engine 3,AICC,2,5,0,0,0,0
Engine 3,AICC,3,1,0,0,0,0
Engine 3,AICC,3,2,0,0,0,0
Engine 3,AICC,3,3,0,0,0,0
Engine 3,AICC,3,4,0,0,0,0
Engine 3,AICC,3,5,0,0,0,0
Engine 3,AICC,4,1,0,0,0,0
Engine 3,AICC,4,2,0,0,0,0
Engine 3,AICC,4,3,0,0,0,0
Engine 3,AICC,4,4,0,0,0,0
Engine 3,AICC,4,5,0,0,0,0
Engine 3,AICC,5,1,0,0,0,0
Engine 3,AICC,5,2,0,0,0,0
Engine 3,AICC,5,3,0,0,0,0
Engine 3,AICC,5,4,0,0,0,0
Engine 3,AICC,5,5,0,0,0,0
Engine 3,NWCC,1,1,15,14,48,29
Engine 3,NWCC,1,2,15,14,48,29
Engine 3,NWCC,1,3,29,0,0,29
Engine 3,NWCC,1,4,29,0,0,29
Engine 3,NWCC,1,5,29,0,0,29
Engine 3,NWCC,2,1,15,14,48,29
Engine 3,NWCC,2,2,15,14,48,29
Engine 3,NWCC,2,3,15,14,48,29
Engine 3,NWCC,2,4,29,0,0,29
Engine 3,NWCC,2,5,15,14,48,29
Engine 3,NWCC,3,1,29,0,0,29
Engine 3,NWCC,3,2,29,0,0,29
Engine 3,NWCC,3,3,29,0,0,29
Engine 3,NWCC,3,4,22,7,24,29
Engine 3,NWCC,3,5,29,0,0,29
Engine 3,NWCC,4,1,29,0,0,29
Engine 3,NWCC,4,2,29,0,0,29
Engine 3,NWCC,4,3,29,0,0,29
Engine 3,NWCC,4,4,29,0,0,29
Engine 3,NWCC,4,5,22,7,24,29
Engine 3,NWCC,5,1,29,0,0,29
Engine 3,NWCC,5,2,29,0,0,29
Engine 3,NWCC,5,3,29,0,0,29
Engine 3,NWCC,5,4,29,0,0,29
Engine 3,NWCC,5,5,29,0,0,29
Engine 3,ONCC,1,1,64,64,50,128
Engine 3,ONCC,1,2,64,64,50,128
Engine 3,ONCC,1,3,64,64,50,128
Engine 3,ONCC,1,4,64,64,50,128
Engine 3,ONCC,1,5,128,0,0,128
Engine 3,ONCC,2,1,64,64,50,128
Engine 3,ONCC,2,2,64,64,50,128
Engine 3,ONCC,2,3,64,64,50,128
Engine 3,ONCC,2,4,64,64,50,128
Engine 3,ONCC,2,5,64,64,50,128
Engine 3,ONCC,3,1,128,0,0,128
Engine 3,ONCC,3,2,128,0,0,128
Engine 3,ONCC,3,3,128,0,0,128
Engine 3,ONCC,3,4,128,0,0,128
Engine 3,ONCC,3,5,96,32,25,128
Engine 3,ONCC,4,1,128,0,0,128
Engine 3,ONCC,4,2,128,0,0,128
Engine 3,ONCC,4,3,128,0,0,128
Engine 3,ONCC,4,4,128,0,0,128
Engine 3,ONCC,4,5,96,32,25,128
Engine 3,ONCC,5,1,128,0,0,128
Engine 3,ONCC,5,2,128,0,0,128
Engine 3,ONCC,5,3,128,0,0,128
Engine 3,ONCC,5,4,128,0,0,128
Engine 3,ONCC,5,5,128,0,0,128
Engine 3,OSCC,1,1,92,92,50,184
Engine 3,OSCC,1,2,92,92,50,184
Engine 3,OSCC,1,3,92,92,50,184
Engine 3,OSCC,1,4,184,0,0,184
Engine 3,OSCC,1,5,92,92,50,184
Engine 3,OSCC,2,1,92,92,50,184
Engine 3,OSCC,2,2,184,0,0,184
Engine 3,OSCC,2,3,92,92,50,184
Engine 3,OSCC,2,4,92,92,50,184
Engine 3,OSCC,2,5,184,0,0,184
Engine 3,OSCC,3,1,184,0,0,184
Engine 3,OSCC,3,2,184,0,0,184
Engine 3,OSCC,3,3,138,46,25,184
Engine 3,OSCC,3,4,138,46,25,184
Engine 3,OSCC,3,5,138,46,25,184
Engine 3,OSCC,4,1,184,0,0,184
Engine 3,OSCC,4,2,184,0,0,184
Engine 3,OSCC,4,3,184,0,0,184
Engine 3,OSCC,4,4,184,0,0,184
Engine 3,OSCC,4,5,138,46,25,184
Engine 3,OSCC,5,1,184,0,0,184
Engine 3,OSCC,5,2,184,0,0,184
Engine 3,OSCC,5,3,184,0,0,184
Engine 3,OSCC,5,4,184,0,0,184
Engine 3,OSCC,5,5,184,0,0,184
Engine 3,NRCC,1,1,0,0,0,0
Engine 3,NRCC,1,2,0,0,0,0
Engine 3,NRCC,1,3,0,0,0,0
Engine 3,NRCC,1,4,0,0,0,0
Engine 3,NRCC,1,5,0,0,0,0
Engine 3,NRCC,2,1,0,0,0,0
Engine 3,NRCC,2,2,0,0,0,0
Engine 3,NRCC,2,3,0,0,0,0
Engine 3,NRCC,2,4,0,0,0,0
Engine 3,NRCC,2,5,0,0,0,0
Engine 3,NRCC,3,1,0,0,0,0
Engine 3,NRCC,3,2,0,0,0,0
Engine 3,NRCC,3,3,0,0,0,0
Engine 3,NRCC,3,4,0,0,0,0
Engine 3,NRCC,3,5,0,0,0,0
Engine 3,NRCC,4,1,0,0,0,0
Engine 3,NRCC,4,2,0,0,0,0
Engine 3,NRCC,4,3,0,0,0,0
Engine 3,NRCC,4,4,0,0,0,0
Engine 3,NRCC,4,5,0,0,0,0
Engine 3,NRCC,5,1,0,0,0,0
Engine 3,NRCC,5,2,0,0,0,0
Engine 3,NRCC,5,3,0,0,0,0
Engine 3,NRCC,5,4,0,0,0,0
Engine 3,NRCC,5,5,0,0,0,0
Engine 3,GBCC,1,1,8,8,50,16
Engine 3,GBCC,1,2,8,8,50,16
Engine 3,GBCC,1,3,8,8,50,16
Engine 3,GBCC,1,4,16,0,0,16
Engine 3,GBCC,1,5,8,8,50,16
Engine 3,GBCC,2,1,8,8,50,16
Engine 3,GBCC,2,2,16,0,0,16
Engine 3,GBCC,2,3,8,8,50,16
Engine 3,GBCC,2,4,16,0,0,16
Engine 3,GBCC,2,5,8,8,50,16
Engine 3,GBCC,3,1,16,0,0,16
Engine 3,GBCC,3,2,16,0,0,16
Engine 3,GBCC,3,3,16,0,0,16
Engine 3,GBCC,3,4,16,0,0,16
Engine 3,GBCC,3,5,12,4,25,16
Engine 3,GBCC,4,1,16,0,0,16
Engine 3,GBCC,4,2,16,0,0,16
Engine 3,GBCC,4,3,16,0,0,16
Engine 3,GBCC,4,4,16,0,0,16
Engine 3,GBCC,4,5,16,0,0,16
Engine 3,GBCC,5,1,16,0,0,16
Engine 3,GBCC,5,2,16,0,0,16
Engine 3,GBCC,5,3,16,0,0,16
Engine 3,GBCC,5,4,16,0,0,16
Engine 3,GBCC,5,5,16,0,0,16
Engine 3,SWCC,1,1,15,15,50,30
Engine 3,SWCC,1,2,15,15,50,30
Engine 3,SWCC,1,3,30,0,0,30
Engine 3,SWCC,1,4,30,0,0,30
Engine 3,SWCC,1,5,15,15,50,30
Engine 3,SWCC,2,1,15,15,50,30
Engine 3,SWCC,2,2,15,15,50,30
Engine 3,SWCC,2,3,15,15,50,30
Engine 3,SWCC,2,4,30,0,0,30
Engine 3,SWCC,2,5,15,15,50,30
Engine 3,SWCC,3,1,30,0,0,30
Engine 3,SWCC,3,2,30,0,0,30
Engine 3,SWCC,3,3,23,7,23,30
Engine 3,SWCC,3,4,30,0,0,30
Engine 3,SWCC,3,5,23,7,23,30
Engine 3,SWCC,4,1,30,0,0,30
Engine 3,SWCC,4,2,30,0,0,30
Engine 3,SWCC,4,3,30,0,0,30
Engine 3,SWCC,4,4,23,7,23,30
Engine 3,SWCC,4,5,23,7,23,30
Engine 3,SWCC,5,1,30,0,0,30
Engine 3,SWCC,5,2,30,0,0,30
Engine 3,SWCC,5,3,30,0,0,30
Engine 3,SWCC,5,4,30,0,0,30
Engine 3,SWCC,5,5,30,0,0,30
Engine 3,RMCC,1,1,2,2,50,4
Engine 3,RMCC,1,2,2,2,50,4
Engine 3,RMCC,1,3,2,2,50,4
Engine 3,RMCC,1,4,2,2,50,4
Engine 3,RMCC,1,5,2,2,50,4
Engine 3,RMCC,2,1,2,2,50,4
Engine 3,RMCC,2,2,2,2,50,4
Engine 3,RMCC,2,3,2,2,50,4
Engine 3,RMCC,2,4,2,2,50,4
Engine 3,RMCC,2,5,2,2,50,4
Engine 3,RMCC,3,1,4,0,0,4
Engine 3,RMCC,3,2,4,0,0,4
Engine 3,RMCC,3,3,4,0,0,4
Engine 3,RMCC,3,4,3,1,25,4
Engine 3,RMCC,3,5,3,1,25,4
Engine 3,RMCC,4,1,4,0,0,4
Engine 3,RMCC,4,2,4,0,0,4
Engine 3,RMCC,4,3,4,0,0,4
Engine 3,RMCC,4,4,4,0,0,4
Engine 3,RMCC,4,5,4,0,0,4
Engine 3,RMCC,5,1,4,0,0,4
Engine 3,RMCC,5,2,4,0,0,4
Engine 3,RMCC,5,3,4,0,0,4
Engine 3,RMCC,5,4,4,0,0,4
Engine 3,RMCC,5,5,4,0,0,4
Engine 3,EACC,1,1,1,0,0,1
Engine 3,EACC,1,2,1,0,0,1
Engine 3,EACC,1,3,1,0,0,1
Engine 3,EACC,1,4,1,0,0,1
Engine 3,EACC,1,5,1,0,0,1
Engine 3,EACC,2,1,1,0,0,1
Engine 3,EACC,2,2,1,0,0,1
Engine 3,EACC,2,3,1,0,0,1
Engine 3,EACC,2,4,1,0,0,1
Engine 3,EACC,2,5,1,0,0,1
Engine 3,EACC,3,1,1,0,0,1
Engine 3,EACC,3,2,1,0,0,1
Engine 3,EACC,3,3,1,0,0,1
Engine 3,EACC,3,4,1,0,0,1
Engine 3,EACC,3,5,1,0,0,1
Engine 3,EACC,4,1,1,0,0,1
Engine 3,EACC,4,2,1,0,0,1
Engine 3,EACC,4,3,1,0,0,1
Engine 3,EACC,4,4,1,0,0,1
Engine 3,EACC,4,5,1,0,0,1
Engine 3,EACC,5,1,1,0,0,1
Engine 3,EACC,5,2,1,0,0,1
Engine 3,EACC,5,3,1,0,0,1
Engine 3,EACC,5,4,1,0,0,1
Engine 3,EACC,5,5,1,0,0,1
Engine 3,SACC,1,1,0,0,0,0
Engine 3,SACC,1,2,0,0,0,0
Engine 3,SACC,1,3,0,0,0,0
Engine 3,SACC,1,4,0,0,0,0
Engine 3,SACC,1,5,0,0,0,0
Engine 3,SACC,2,1,0,0,0,0
Engine 3,SACC,2,2,0,0,0,0
Engine 3,SACC,2,3,0,0,0,0
Engine 3,SACC,2,4,0,0,0,0
Engine 3,SACC,2,5,0,0,0,0
Engine 3,SACC,3,1,0,0,0,0
Engine 3,SACC,3,2,0,0,0,0
Engine 3,SACC,3,3,0,0,0,0
Engine 3,SACC,3,4,0,0,0,0
Engine 3,SACC,3,5,0,0,0,0
Engine 3,SACC,4,1,0,0,0,0
Engine 3,SACC,4,2,0,0,0,0
Engine 3,SACC,4,3,0,0,0,0
Engine 3,SACC,4,4,0,0,0,0
Engine 3,SACC,4,5,0,0,0,0
Engine 3,SACC,5,1,0,0,0,0
Engine 3,SACC,5,2,0,0,0,0
Engine 3,SACC,5,3,0,0,0,0
Engine 3,SACC,5,4,0,0,0,0
Engine 3,SACC,5,5,0,0,0,0
Engine 4,AICC,1,1,0,0,0,0
Engine 4,AICC,1,2,0,0,0,0
Engine 4,AICC,1,3,0,0,0,0
Engine 4,AICC,1,4,0,0,0,0
Engine 4,AICC,1,5,0,0,0,0
Engine 4,AICC,2,1,0,0,0,0
Engine 4,AICC,2,2,0,0,0,0
Engine 4,AICC,2,3,0,0,0,0
Engine 4,AICC,2,4,0,0,0,0
Engine 4,AICC,2,5,0,0,0,0
Engine 4,AICC,3,1,0,0,0,0
Engine 4,AICC,3,2,0,0,0,0
Engine 4,AICC,3,3,0,0,0,0
Engine 4,AICC,3,4,0,0,0,0
Engine 4,AICC,3,5,0,0,0,0
Engine 4,AICC,4,1,0,0,0,0
Engine 4,AICC,4,2,0,0,0,0
Engine 4,AICC,4,3,0,0,0,0
Engine 4,AICC,4,4,0,0,0,0
Engine 4,AICC,4,5,0,0,0,0
Engine 4,AICC,5,1,0,0,0,0
Engine 4,AICC,5,2,0,0,0,0
Engine 4,AICC,5,3,0,0,0,0
Engine 4,AICC,5,4,0,0,0,0
Engine 4,AICC,5,5,0,0,0,0
Engine 4,NWCC,1,1,9,8,47,17
Engine 4,NWCC,1,2,9,8,47,17
Engine 4,NWCC,1,3,17,0,0,17
Engine 4,NWCC,1,4,9,8,47,17
Engine 4,NWCC,1,5,9,8,47,17
Engine 4,NWCC,2,1,9,8,47,17
Engine 4,NWCC,2,2,9,8,47,17
Engine 4,NWCC,2,3,9,8,47,17
Engine 4,NWCC,2,4,17,0,0,17
Engine 4,NWCC,2,5,9,8,47,17
Engine 4,NWCC,3,1,17,0,0,17
Engine 4,NWCC,3,2,17,0,0,17
Engine 4,NWCC,3,3,13,4,23,17
Engine 4,NWCC,3,4,17,0,0,17
Engine 4,NWCC,3,5,13,4,23,17
Engine 4,NWCC,4,1,17,0,0,17
Engine 4,NWCC,4,2,17,0,0,17
Engine 4,NWCC,4,3,17,0,0,17
Engine 4,NWCC,4,4,13,4,23,17
Engine 4,NWCC,4,5,17,0,0,17
Engine 4,NWCC,5,1,17,0,0,17
Engine 4,NWCC,5,2,17,0,0,17
Engine 4,NWCC,5,3,17,0,0,17
Engine 4,NWCC,5,4,17,0,0,17
Engine 4,NWCC,5,5,17,0,0,17
Engine 4,ONCC,1,1,0,0,0,0
Engine 4,ONCC,1,2,0,0,0,0
Engine 4,ONCC,1,3,0,0,0,0
Engine 4,ONCC,1,4,0,0,0,0
Engine 4,ONCC,1,5,0,0,0,0
Engine 4,ONCC,2,1,0,0,0,0
Engine 4,ONCC,2,2,0,0,0,0
Engine 4,ONCC,2,3,0,0,0,0
Engine 4,ONCC,2,4,0,0,0,0
Engine 4,ONCC,2,5,0,0,0,0
Engine 4,ONCC,3,1,0,0,0,0
Engine 4,ONCC,3,2,0,0,0,0
Engine 4,ONCC,3,3,0,0,0,0
Engine 4,ONCC,3,4,0,0,0,0
Engine 4,ONCC,3,5,0,0,0,0
Engine 4,ONCC,4,1,0,0,0,0
Engine 4,ONCC,4,2,0,0,0,0
Engine 4,ONCC,4,3,0,0,0,0
Engine 4,ONCC,4,4,0,0,0,0
Engine 4,ONCC,4,5,0,0,0,0
Engine 4,ONCC,5,1,0,0,0,0
Engine 4,ONCC,5,2,0,0,0,0
Engine 4,ONCC,5,3,0,0,0,0
Engine 4,ONCC,5,4,0,0,0,0
Engine 4,ONCC,5,5,0,0,0,0
Engine 4,OSCC,1,1,2,2,50,4
Engine 4,OSCC,1,2,2,2,50,4
Engine 4,OSCC,1,3,2,2,50,4
Engine 4,OSCC,1,4,4,0,0,4
Engine 4,OSCC,1,5,2,2,50,4
Engine 4,OSCC,2,1,2,2,50,4
Engine 4,OSCC,2,2,2,2,50,4
Engine 4,OSCC,2,3,2,2,50,4
Engine 4,OSCC,2,4,2,2,50,4
Engine 4,OSCC,2,5,2,2,50,4
Engine 4,OSCC,3,1,4,0,0,4
Engine 4,OSCC,3,2,4,0,0,4
Engine 4,OSCC,3,3,4,0,0,4
Engine 4,OSCC,3,4,4,0,0,4
Engine 4,OSCC,3,5,3,1,25,4
Engine 4,OSCC,4,1,4,0,0,4
Engine 4,OSCC,4,2,4,0,0,4
Engine 4,OSCC,4,3,4,0,0,4
Engine 4,OSCC,4,4,3,1,25,4
Engine 4,OSCC,4,5,3,1,25,4
Engine 4,OSCC,5,1,4,0,0,4
Engine 4,OSCC,5,2,4,0,0,4
Engine 4,OSCC,5,3,4,0,0,4
Engine 4,OSCC,5,4,4,0,0,4
Engine 4,OSCC,5,5,4,0,0,4
Engine 4,NRCC,1,1,5,4,44,9
Engine 4,NRCC,1,2,5,4,44,9
Engine 4,NRCC,1,3,5,4,44,9
Engine 4,NRCC,1,4,9,0,0,9
Engine 4,NRCC,1,5,5,4,44,9
Engine 4,NRCC,2,1,5,4,44,9
Engine 4,NRCC,2,2,5,4,44,9
Engine 4,NRCC,2,3,5,4,44,9
Engine 4,NRCC,2,4,5,4,44,9
Engine 4,NRCC,2,5,5,4,44,9
Engine 4,NRCC,3,1,9,0,0,9
Engine 4,NRCC,3,2,9,0,0,9
Engine 4,NRCC,3,3,7,2,22,9
Engine 4,NRCC,3,4,7,2,22,9
Engine 4,NRCC,3,5,7,2,22,9
Engine 4,NRCC,4,1,9,0,0,9
Engine 4,NRCC,4,2,9,0,0,9
Engine 4,NRCC,4,3,9,0,0,9
Engine 4,NRCC,4,4,9,0,0,9
Engine 4,NRCC,4,5,7,2,22,9
Engine 4,NRCC,5,1,9,0,0,9
Engine 4,NRCC,5,2,9,0,0,9
Engine 4,NRCC,5,3,9,0,0,9
Engine 4,NRCC,5,4,9,0,0,9
Engine 4,NRCC,5,5,9,0,0,9
Engine 4,GBCC,1,1,14,13,48,27
Engine 4,GBCC,1,2,14,13,48,27
Engine 4,GBCC,1,3,14,13,48,27
Engine 4,GBCC,1,4,14,13,48,27
Engine 4,GBCC,1,5,27,0,0,27
Engine 4,GBCC,2,1,14,13,48,27
Engine 4,GBCC,2,2,14,13,48,27
Engine 4,GBCC,2,3,14,13,48,27
Engine 4,GBCC,2,4,27,0,0,27
Engine 4,GBCC,2,5,27,0,0,27
Engine 4,GBCC,3,1,27,0,0,27
Engine 4,GBCC,3,2,27,0,0,27
Engine 4,GBCC,3,3,21,6,22,27
Engine 4,GBCC,3,4,21,6,22,27
Engine 4,GBCC,3,5,27,0,0,27
Engine 4,GBCC,4,1,27,0,0,27
Engine 4,GBCC,4,2,27,0,0,27
Engine 4,GBCC,4,3,27,0,0,27
Engine 4,GBCC,4,4,27,0,0,27
Engine 4,GBCC,4,5,21,6,22,27
Engine 4,GBCC,5,1,27,0,0,27
Engine 4,GBCC,5,2,27,0,0,27
Engine 4,GBCC,5,3,27,0,0,27
Engine 4,GBCC,5,4,27,0,0,27
Engine 4,GBCC,5,5,27,0,0,27
Engine 4,SWCC,1,1,1,1,50,2
Engine 4,SWCC,1,2,2,0,0,2
Engine 4,SWCC,1,3,1,1,50,2
Engine 4,SWCC,1,4,2,0,0,2
Engine 4,SWCC,1,5,1,1,50,2
Engine 4,SWCC,2,1,1,1,50,2
Engine 4,SWCC,2,2,1,1,50,2
Engine 4,SWCC,2,3,1,1,50,2
Engine 4,SWCC,2,4,1,1,50,2
Engine 4,SWCC,2,5,2,0,0,2
Engine 4,SWCC,3,1,2,0,0,2
Engine 4,SWCC,3,2,2,0,0,2
Engine 4,SWCC,3,3,2,0,0,2
Engine 4,SWCC,3,4,2,0,0,2
Engine 4,SWCC,3,5,2,0,0,2
Engine 4,SWCC,4,1,2,0,0,2
Engine 4,SWCC,4,2,2,0,0,2
Engine 4,SWCC,4,3,2,0,0,2
Engine 4,SWCC,4,4,2,0,0,2
Engine 4,SWCC,4,5,2,0,0,2
Engine 4,SWCC,5,1,2,0,0,2
Engine 4,SWCC,5,2,2,0,0,2
Engine 4,SWCC,5,3,2,0,0,2
Engine 4,SWCC,5,4,2,0,0,2
Engine 4,SWCC,5,5,2,0,0,2
Engine 4,RMCC,1,1,2,1,33,3
Engine 4,RMCC,1,2,2,1,33,3
Engine 4,RMCC,1,3,2,1,33,3
Engine 4,RMCC,1,4,2,1,33,3
Engine 4,RMCC,1,5,2,1,33,3
Engine 4,RMCC,2,1,2,1,33,3
Engine 4,RMCC,2,2,3,0,0,3
Engine 4,RMCC,2,3,2,1,33,3
Engine 4,RMCC,2,4,3,0,0,3
Engine 4,RMCC,2,5,3,0,0,3
Engine 4,RMCC,3,1,3,0,0,3
Engine 4,RMCC,3,2,3,0,0,3
Engine 4,RMCC,3,3,3,0,0,3
Engine 4,RMCC,3,4,3,0,0,3
Engine 4,RMCC,3,5,3,0,0,3
Engine 4,RMCC,4,1,3,0,0,3
Engine 4,RMCC,4,2,3,0,0,3
Engine 4,RMCC,4,3,3,0,0,3
Engine 4,RMCC,4,4,3,0,0,3
Engine 4,RMCC,4,5,3,0,0,3
Engine 4,RMCC,5,1,3,0,0,3
Engine 4,RMCC,5,2,3,0,0,3
Engine 4,RMCC,5,3,3,0,0,3
Engine 4,RMCC,5,4,3,0,0,3
Engine 4,RMCC,5,5,3,0,0,3
Engine 4,EACC,1,1,0,0,0,0
Engine 4,EACC,1,2,0,0,0,0
Engine 4,EACC,1,3,0,0,0,0
Engine 4,EACC,1,4,0,0,0,0
Engine 4,EACC,1,5,0,0,0,0
Engine 4,EACC,2,1,0,0,0,0
Engine 4,EACC,2,2,0,0,0,0
Engine 4,EACC,2,3,0,0,0,0
Engine 4,EACC,2,4,0,0,0,0
Engine 4,EACC,2,5,0,0,0,0
Engine 4,EACC,3,1,0,0,0,0
Engine 4,EACC,3,2,0,0,0,0
Engine 4,EACC,3,3,0,0,0,0
Engine 4,EACC,3,4,0,0,0,0
Engine 4,EACC,3,5,0,0,0,0
Engine 4,EACC,4,1,0,0,0,0
Engine 4,EACC,4,2,0,0,0,0
Engine 4,EACC,4,3,0,0,0,0
Engine 4,EACC,4,4,0,0,0,0
Engine 4,EACC,4,5,0,0,0,0
Engine 4,EACC,5,1,0,0,0,0
Engine 4,EACC,5,2,0,0,0,0
Engine 4,EACC,5,3,0,0,0,0
Engine 4,EACC,5,4,0,0,0,0
Engine 4,EACC,5,5,0,0,0,0
Engine 4,SACC,1,1,0,0,0,0
Engine 4,SACC,1,2,0,0,0,0
Engine 4,SACC,1,3,0,0,0,0
Engine 4,SACC,1,4,0,0,0,0
Engine 4,SACC,1,5,0,0,0,0
Engine 4,SACC,2,1,0,0,0,0
Engine 4,SACC,2,2,0,0,0,0
Engine 4,SACC,2,3,0,0,0,0
Engine 4,SACC,2,4,0,0,0,0
Engine 4,SACC,2,5,0,0,0,0
Engine 4,SACC,3,1,0,0,0,0
Engine 4,SACC,3,2,0,0,0,0
Engine 4,SACC,3,3,0,0,0,0
Engine 4,SACC,3,4,0,0,0,0
Engine 4,SACC,3,5,0,0,0,0
Engine 4,SACC,4,1,0,0,0,0
Engine 4,SACC,4,2,0,0,0,0
Engine 4,SACC,4,3,0,0,0,0
Engine 4,SACC,4,4,0,0,0,0
Engine 4,SACC,4,5,0,0,0,0
Engine 4,SACC,5,1,0,0,0,0
Engine 4,SACC,5,2,0,0,0,0
Engine 4,SACC,5,3,0,0,0,0
Engine 4,SACC,5,4,0,0,0,0
Engine 4,SACC,5,5,0,0,0,0
Engine 5,AICC,1,1,0,0,0,0
Engine 5,AICC,1,2,0,0,0,0
Engine 5,AICC,1,3,0,0,0,0
Engine 5,AICC,1,4,0,0,0,0
Engine 5,AICC,1,5,0,0,0,0
Engine 5,AICC,2,1,0,0,0,0
Engine 5,AICC,2,2,0,0,0,0
Engine 5,AICC,2,3,0,0,0,0
Engine 5,AICC,2,4,0,0,0,0
Engine 5,AICC,2,5,0,0,0,0
Engine 5,AICC,3,1,0,0,0,0
Engine 5,AICC,3,2,0,0,0,0
Engine 5,AICC,3,3,0,0,0,0
Engine 5,AICC,3,4,0,0,0,0
Engine 5,AICC,3,5,0,0,0,0
Engine 5,AICC,4,1,0,0,0,0
Engine 5,AICC,4,2,0,0,0,0
Engine 5,AICC,4,3,0,0,0,0
Engine 5,AICC,4,4,0,0,0,0
Engine 5,AICC,4,5,0,0,0,0
Engine 5,AICC,5,1,0,0,0,0
Engine 5,AICC,5,2,0,0,0,0
Engine 5,AICC,5,3,0,0,0,0
Engine 5,AICC,5,4,0,0,0,0
Engine 5,AICC,5,5,0,0,0,0
Engine 5,NWCC,1,1,0,0,0,0
Engine 5,NWCC,1,2,0,0,0,0
Engine 5,NWCC,1,3,0,0,0,0
Engine 5,NWCC,1,4,0,0,0,0
Engine 5,NWCC,1,5,0,0,0,0
Engine 5,NWCC,2,1,0,0,0,0
Engine 5,NWCC,2,2,0,0,0,0
Engine 5,NWCC,2,3,0,0,0,0
Engine 5,NWCC,2,4,0,0,0,0
Engine 5,NWCC,2,5,0,0,0,0
Engine 5,NWCC,3,1,0,0,0,0
Engine 5,NWCC,3,2,0,0,0,0
Engine 5,NWCC,3,3,0,0,0,0
Engine 5,NWCC,3,4,0,0,0,0
Engine 5,NWCC,3,5,0,0,0,0
Engine 5,NWCC,4,1,0,0,0,0
Engine 5,NWCC,4,2,0,0,0,0
Engine 5,NWCC,4,3,0,0,0,0
Engine 5,NWCC,4,4,0,0,0,0
Engine 5,NWCC,4,5,0,0,0,0
Engine 5,NWCC,5,1,0,0,0,0
Engine 5,NWCC,5,2,0,0,0,0
Engine 5,NWCC,5,3,0,0,0,0
Engine 5,NWCC,5,4,0,0,0,0
Engine 5,NWCC,5,5,0,0,0,0
Engine 5,ONCC,1,1,0,0,0,0
Engine 5,ONCC,1,2,0,0,0,0
Engine 5,ONCC,1,3,0,0,0,0
Engine 5,ONCC,1,4,0,0,0,0
Engine 5,ONCC,1,5,0,0,0,0
Engine 5,ONCC,2,1,0,0,0,0
Engine 5,ONCC,2,2,0,0,0,0
Engine 5,ONCC,2,3,0,0,0,0
Engine 5,ONCC,2,4,0,0,0,0
Engine 5,ONCC,2,5,0,0,0,0
Engine 5,ONCC,3,1,0,0,0,0
Engine 5,ONCC,3,2,0,0,0,0
Engine 5,ONCC,3,3,0,0,0,0
Engine 5,ONCC,3,4,0,0,0,0
Engine 5,ONCC,3,5,0,0,0,0
Engine 5,ONCC,4,1,0,0,0,0
Engine 5,ONCC,4,2,0,0,0,0
Engine 5,ONCC,4,3,0,0,0,0
Engine 5,ONCC,4,4,0,0,0,0
Engine 5,ONCC,4,5,0,0,0,0
Engine 5,ONCC,5,1,0,0,0,0
Engine 5,ONCC,5,2,0,0,0,0
Engine 5,ONCC,5,3,0,0,0,0
Engine 5,ONCC,5,4,0,0,0,0
Engine 5,ONCC,5,5,0,0,0,0
Engine 5,OSCC,1,1,0,0,0,0
Engine 5,OSCC,1,2,0,0,0,0
Engine 5,OSCC,1,3,0,0,0,0
Engine 5,OSCC,1,4,0,0,0,0
Engine 5,OSCC,1,5,0,0,0,0
Engine 5,OSCC,2,1,0,0,0,0
Engine 5,OSCC,2,2,0,0,0,0
Engine 5,OSCC,2,3,0,0,0,0
Engine 5,OSCC,2,4,0,0,0,0
Engine 5,OSCC,2,5,0,0,0,0
Engine 5,OSCC,3,1,0,0,0,0
Engine 5,OSCC,3,2,0,0,0,0
Engine 5,OSCC,3,3,0,0,0,0
Engine 5,OSCC,3,4,0,0,0,0
Engine 5,OSCC,3,5,0,0,0,0
Engine 5,OSCC,4,1,0,0,0,0
Engine 5,OSCC,4,2,0,0,0,0
Engine 5,OSCC,4,3,0,0,0,0
Engine 5,OSCC,4,4,0,0,0,0
Engine 5,OSCC,4,5,0,0,0,0
Engine 5,OSCC,5,1,0,0,0,0
Engine 5,OSCC,5,2,0,0,0,0
Engine 5,OSCC,5,3,0,0,0,0
Engine 5,OSCC,5,4,0,0,0,0
Engine 5,OSCC,5,5,0,0,0,0
Engine 5,NRCC,1,1,0,0,0,0
Engine 5,NRCC,1,2,0,0,0,0
Engine 5,NRCC,1,3,0,0,0,0
Engine 5,NRCC,1,4,0,0,0,0
Engine 5,NRCC,1,5,0,0,0,0
Engine 5,NRCC,2,1,0,0,0,0
Engine 5,NRCC,2,2,0,0,0,0
Engine 5,NRCC,2,3,0,0,0,0
Engine 5,NRCC,2,4,0,0,0,0
Engine 5,NRCC,2,5,0,0,0,0
Engine 5,NRCC,3,1,0,0,0,0
Engine 5,NRCC,3,2,0,0,0,0
Engine 5,NRCC,3,3,0,0,0,0
Engine 5,NRCC,3,4,0,0,0,0
Engine 5,NRCC,3,5,0,0,0,0
Engine 5,NRCC,4,1,0,0,0,0
Engine 5,NRCC,4,2,0,0,0,0
Engine 5,NRCC,4,3,0,0,0,0
Engine 5,NRCC,4,4,0,0,0,0
Engine 5,NRCC,4,5,0,0,0,0
Engine 5,NRCC,5,1,0,0,0,0
Engine 5,NRCC,5,2,0,0,0,0
Engine 5,NRCC,5,3,0,0,0,0
Engine 5,NRCC,5,4,0,0,0,0
Engine 5,NRCC,5,5,0,0,0,0
Engine 5,GBCC,1,1,0,0,0,0
Engine 5,GBCC,1,2,0,0,0,0
Engine 5,GBCC,1,3,0,0,0,0
Engine 5,GBCC,1,4,0,0,0,0
Engine 5,GBCC,1,5,0,0,0,0
Engine 5,GBCC,2,1,0,0,0,0
Engine 5,GBCC,2,2,0,0,0,0
Engine 5,GBCC,2,3,0,0,0,0
Engine 5,GBCC,2,4,0,0,0,0
Engine 5,GBCC,2,5,0,0,0,0
Engine 5,GBCC,3,1,0,0,0,0
Engine 5,GBCC,3,2,0,0,0,0
Engine 5,GBCC,3,3,0,0,0,0
Engine 5,GBCC,3,4,0,0,0,0
Engine 5,GBCC,3,5,0,0,0,0
Engine 5,GBCC,4,1,0,0,0,0
Engine 5,GBCC,4,2,0,0,0,0
Engine 5,GBCC,4,3,0,0,0,0
Engine 5,GBCC,4,4,0,0,0,0
Engine 5,GBCC,4,5,0,0,0,0
Engine 5,GBCC,5,1,0,0,0,0
Engine 5,GBCC,5,2,0,0,0,0
Engine 5,GBCC,5,3,0,0,0,0
Engine 5,GBCC,5,4,0,0,0,0
Engine 5,GBCC,5,5,0,0,0,0
Engine 5,SWCC,1,1,0,0,0,0
Engine 5,SWCC,1,2,0,0,0,0
Engine 5,SWCC,1,3,0,0,0,0
Engine 5,SWCC,1,4,0,0,0,0
Engine 5,SWCC,1,5,0,0,0,0
Engine 5,SWCC,2,1,0,0,0,0
Engine 5,SWCC,2,2,0,0,0,0
Engine 5,SWCC,2,3,0,0,0,0
Engine 5,SWCC,2,4,0,0,0,0
Engine 5,SWCC,2,5,0,0,0,0
Engine 5,SWCC,3,1,0,0,0,0
Engine 5,SWCC,3,2,0,0,0,0
Engine 5,SWCC,3,3,0,0,0,0
Engine 5,SWCC,3,4,0,0,0,0
Engine 5,SWCC,3,5,0,0,0,0
Engine 5,SWCC,4,1,0,0,0,0
Engine 5,SWCC,4,2,0,0,0,0
Engine 5,SWCC,4,3,0,0,0,0
Engine 5,SWCC,4,4,0,0,0,0
Engine 5,SWCC,4,5,0,0,0,0
Engine 5,SWCC,5,1,0,0,0,0
Engine 5,SWCC,5,2,0,0,0,0
Engine 5,SWCC,5,3,0,0,0,0
Engine 5,SWCC,5,4,0,0,0,0
Engine 5,SWCC,5,5,0,0,0,0
Engine 5,RMCC,1,1,0,0,0,0
Engine 5,RMCC,1,2,0,0,0,0
Engine 5,RMCC,1,3,0,0,0,0
Engine 5,RMCC,1,4,0,0,0,0
Engine 5,RMCC,1,5,0,0,0,0
Engine 5,RMCC,2,1,0,0,0,0
Engine 5,RMCC,2,2,0,0,0,0
Engine 5,RMCC,2,3,0,0,0,0
Engine 5,RMCC,2,4,0,0,0,0
Engine 5,RMCC,2,5,0,0,0,0
Engine 5,RMCC,3,1,0,0,0,0
Engine 5,RMCC,3,2,0,0,0,0
Engine 5,RMCC,3,3,0,0,0,0
Engine 5,RMCC,3,4,0,0,0,0
Engine 5,RMCC,3,5,0,0,0,0
Engine 5,RMCC,4,1,0,0,0,0
Engine 5,RMCC,4,2,0,0,0,0
Engine 5,RMCC,4,3,0,0,0,0
Engine 5,RMCC,4,4,0,0,0,0
Engine 5,RMCC,4,5,0,0,0,0
Engine 5,RMCC,5,1,0,0,0,0
Engine 5,RMCC,5,2,0,0,0,0
Engine 5,RMCC,5,3,0,0,0,0
Engine 5,RMCC,5,4,0,0,0,0
Engine 5,RMCC,5,5,0,0,0,0
Engine 5,EACC,1,1,0,0,0,0
Engine 5,EACC,1,2,0,0,0,0
Engine 5,EACC,1,3,0,0,0,0
Engine 5,EACC,1,4,0,0,0,0
Engine 5,EACC,1,5,0,0,0,0
Engine 5,EACC,2,1,0,0,0,0
Engine 5,EACC,2,2,0,0,0,0
Engine 5,EACC,2,3,0,0,0,0
Engine 5,EACC,2,4,0,0,0,0
Engine 5,EACC,2,5,0,0,0,0
Engine 5,EACC,3,1,0,0,0,0
Engine 5,EACC,3,2,0,0,0,0
Engine 5,EACC,3,3,0,0,0,0
Engine 5,EACC,3,4,0,0,0,0
Engine 5,EACC,3,5,0,0,0,0
Engine 5,EACC,4,1,0,0,0,0
Engine 5,EACC,4,2,0,0,0,0
Engine 5,EACC,4,3,0,0,0,0
Engine 5,EACC,4,4,0,0,0,0
Engine 5,EACC,4,5,0,0,0,0
Engine 5,EACC,5,1,0,0,0,0
Engine 5,EACC,5,2,0,0,0,0
Engine 5,EACC,5,3,0,0,0,0
Engine 5,EACC,5,4,0,0,0,0
Engine 5,EACC,5,5,0,0,0,0
Engine 5,SACC,1,1,0,0,0,0
Engine 5,SACC,1,2,0,0,0,0
Engine 5,SACC,1,3,0,0,0,0
Engine 5,SACC,1,4,0,0,0,0
Engine 5,SACC,1,5,0,0,0,0
Engine 5,SACC,2,1,0,0,0,0
Engine 5,SACC,2,2,0,0,0,0
Engine 5,SACC,2,3,0,0,0,0
Engine 5,SACC,2,4,0,0,0,0
Engine 5,SACC,2,5,0,0,0,0
Engine 5,SACC,3,1,0,0,0,0
Engine 5,SACC,3,2,0,0,0,0
Engine 5,SACC,3,3,0,0,0,0
Engine 5,SACC,3,4,0,0,0,0
Engine 5,SACC,3,5,0,0,0,0
Engine 5,SACC,4,1,0,0,0,0
Engine 5,SACC,4,2,0,0,0,0
Engine 5,SACC,4,3,0,0,0,0
Engine 5,SACC,4,4,0,0,0,0
Engine 5,SACC,4,5,0,0,0,0
Engine 5,SACC,5,1,0,0,0,0
Engine 5,SACC,5,2,0,0,0,0
Engine 5,SACC,5,3,0,0,0,0
Engine 5,SACC,5,4,0,0,0,0
Engine 5,SACC,5,5,0,0,0,0
Engine 6,AICC,1,1,1,1,50,2
Engine 6,AICC,1,2,1,1,50,2
Engine 6,AICC,1,3,1,1,50,2
Engine 6,AICC,1,4,2,0,0,2
Engine 6,AICC,1,5,2,0,0,2
Engine 6,AICC,2,1,1,1,50,2
Engine 6,AICC,2,2,1,1,50,2
Engine 6,AICC,2,3,1,1,50,2
Engine 6,AICC,2,4,1,1,50,2
Engine 6,AICC,2,5,1,1,50,2
Engine 6,AICC,3,1,2,0,0,2
Engine 6,AICC,3,2,2,0,0,2
Engine 6,AICC,3,3,2,0,0,2
Engine 6,AICC,3,4,2,0,0,2
Engine 6,AICC,3,5,2,0,0,2
Engine 6,AICC,4,1,2,0,0,2
Engine 6,AICC,4,2,2,0,0,2
Engine 6,AICC,4,3,2,0,0,2
Engine 6,AICC,4,4,2,0,0,2
Engine 6,AICC,4,5,2,0,0,2
Engine 6,AICC,5,1,2,0,0,2
Engine 6,AICC,5,2,2,0,0,2
Engine 6,AICC,5,3,2,0,0,2
Engine 6,AICC,5,4,2,0,0,2
Engine 6,AICC,5,5,2,0,0,2
Engine 6,NWCC,1,1,34,34,50,68
Engine 6,NWCC,1,2,34,34,50,68
Engine 6,NWCC,1,3,68,0,0,68
Engine 6,NWCC,1,4,68,0,0,68
Engine 6,NWCC,1,5,68,0,0,68
Engine 6,NWCC,2,1,34,34,50,68
Engine 6,NWCC,2,2,34,34,50,68
Engine 6,NWCC,2,3,34,34,50,68
Engine 6,NWCC,2,4,34,34,50,68
Engine 6,NWCC,2,5,34,34,50,68
Engine 6,NWCC,3,1,68,0,0,68
Engine 6,NWCC,3,2,68,0,0,68
Engine 6,NWCC,3,3,51,17,25,68
Engine 6,NWCC,3,4,68,0,0,68
Engine 6,NWCC,3,5,51,17,25,68
Engine 6,NWCC,4,1,68,0,0,68
Engine 6,NWCC,4,2,68,0,0,68
Engine 6,NWCC,4,3,68,0,0,68
Engine 6,NWCC,4,4,68,0,0,68
Engine 6,NWCC,4,5,68,0,0,68
Engine 6,NWCC,5,1,68,0,0,68
Engine 6,NWCC,5,2,68,0,0,68
Engine 6,NWCC,5,3,68,0,0,68
Engine 6,NWCC,5,4,68,0,0,68
Engine 6,NWCC,5,5,68,0,0,68
Engine 6,ONCC,1,1,2,1,33,3
Engine 6,ONCC,1,2,2,1,33,3
Engine 6,ONCC,1,3,2,1,33,3
Engine 6,ONCC,1,4,3,0,0,3
Engine 6,ONCC,1,5,2,1,33,3
Engine 6,ONCC,2,1,2,1,33,3
Engine 6,ONCC,2,2,3,0,0,3
Engine 6,ONCC,2,3,2,1,33,3
Engine 6,ONCC,2,4,3,0,0,3
Engine 6,ONCC,2,5,2,1,33,3
Engine 6,ONCC,3,1,3,0,0,3
Engine 6,ONCC,3,2,3,0,0,3
Engine 6,ONCC,3,3,3,0,0,3
Engine 6,ONCC,3,4,3,0,0,3
Engine 6,ONCC,3,5,3,0,0,3
Engine 6,ONCC,4,1,3,0,0,3
Engine 6,ONCC,4,2,3,0,0,3
Engine 6,ONCC,4,3,3,0,0,3
Engine 6,ONCC,4,4,3,0,0,3
Engine 6,ONCC,4,5,3,0,0,3
Engine 6,ONCC,5,1,3,0,0,3
Engine 6,ONCC,5,2,3,0,0,3
Engine 6,ONCC,5,3,3,0,0,3
Engine 6,ONCC,5,4,3,0,0,3
Engine 6,ONCC,5,5,3,0,0,3
Engine 6,OSCC,1,1,6,5,45,11
Engine 6,OSCC,1,2,6,5,45,11
Engine 6,OSCC,1,3,6,5,45,11
Engine 6,OSCC,1,4,11,0,0,11
Engine 6,OSCC,1,5,11,0,0,11
Engine 6,OSCC,2,1,6,5,45,11
Engine 6,OSCC,2,2,11,0,0,11
Engine 6,OSCC,2,3,6,5,45,11
Engine 6,OSCC,2,4,11,0,0,11
Engine 6,OSCC,2,5,6,5,45,11
Engine 6,OSCC,3,1,11,0,0,11
Engine 6,OSCC,3,2,11,0,0,11
Engine 6,OSCC,3,3,9,2,18,11
Engine 6,OSCC,3,4,9,2,18,11
Engine 6,OSCC,3,5,11,0,0,11
Engine 6,OSCC,4,1,11,0,0,11
Engine 6,OSCC,4,2,11,0,0,11
Engine 6,OSCC,4,3,11,0,0,11
Engine 6,OSCC,4,4,9,2,18,11
Engine 6,OSCC,4,5,9,2,18,11
Engine 6,OSCC,5,1,11,0,0,11
Engine 6,OSCC,5,2,11,0,0,11
Engine 6,OSCC,5,3,11,0,0,11
Engine 6,OSCC,5,4,11,0,0,11
Engine 6,OSCC,5,5,11,0,0,11
Engine 6,NRCC,1,1,35,35,50,70
Engine 6,NRCC,1,2,35,35,50,70
Engine 6,NRCC,1,3,35,35,50,70
Engine 6,NRCC,1,4,35,35,50,70
Engine 6,NRCC,1,5,70,0,0,70
Engine 6,NRCC,2,1,35,35,50,70
Engine 6,NRCC,2,2,35,35,50,70
Engine 6,NRCC,2,3,35,35,50,70
Engine 6,NRCC,2,4,35,35,50,70
Engine 6,NRCC,2,5,35,35,50,70
Engine 6,NRCC,3,1,70,0,0,70
Engine 6,NRCC,3,2,70,0,0,70
Engine 6,NRCC,3,3,70,0,0,70
Engine 6,NRCC,3,4,70,0,0,70
Engine 6,NRCC,3,5,53,17,24,70
Engine 6,NRCC,4,1,70,0,0,70
Engine 6,NRCC,4,2,70,0,0,70
Engine 6,NRCC,4,3,70,0,0,70
Engine 6,NRCC,4,4,70,0,0,70
Engine 6,NRCC,4,5,70,0,0,70
Engine 6,NRCC,5,1,70,0,0,70
Engine 6,NRCC,5,2,70,0,0,70
Engine 6,NRCC,5,3,70,0,0,70
Engine 6,NRCC,5,4,70,0,0,70
Engine 6,NRCC,5,5,70,0,0,70
Engine 6,GBCC,1,1,20,19,48,39
Engine 6,GBCC,1,2,20,19,48,39
Engine 6,GBCC,1,3,20,19,48,39
Engine 6,GBCC,1,4,20,19,48,39
Engine 6,GBCC,1,5,39,0,0,39
Engine 6,GBCC,2,1,20,19,48,39
Engine 6,GBCC,2,2,20,19,48,39
Engine 6,GBCC,2,3,20,19,48,39
Engine 6,GBCC,2,4,20,19,48,39
Engine 6,GBCC,2,5,39,0,0,39
Engine 6,GBCC,3,1,39,0,0,39
Engine 6,GBCC,3,2,39,0,0,39
Engine 6,GBCC,3,3,39,0,0,39
Engine 6,GBCC,3,4,39,0,0,39
Engine 6,GBCC,3,5,39,0,0,39
Engine 6,GBCC,4,1,39,0,0,39
Engine 6,GBCC,4,2,39,0,0,39
Engine 6,GBCC,4,3,39,0,0,39
Engine 6,GBCC,4,4,39,0,0,39
Engine 6,GBCC,4,5,30,9,23,39
Engine 6,GBCC,5,1,39,0,0,39
Engine 6,GBCC,5,2,39,0,0,39
Engine 6,GBCC,5,3,39,0,0,39
Engine 6,GBCC,5,4,39,0,0,39
Engine 6,GBCC,5,5,39,0,0,39
Engine 6,SWCC,1,1,34,34,50,68
Engine 6,SWCC,1,2,34,34,50,68
Engine 6,SWCC,1,3,68,0,0,68
Engine 6,SWCC,1,4,34,34,50,68
Engine 6,SWCC,1,5,34,34,50,68
Engine 6,SWCC,2,1,34,34,50,68
Engine 6,SWCC,2,2,34,34,50,68
Engine 6,SWCC,2,3,34,34,50,68
Engine 6,SWCC,2,4,34,34,50,68
Engine 6,SWCC,2,5,34,34,50,68
Engine 6,SWCC,3,1,68,0,0,68
Engine 6,SWCC,3,2,68,0,0,68
Engine 6,SWCC,3,3,51,17,25,68
Engine 6,SWCC,3,4,51,17,25,68
Engine 6,SWCC,3,5,51,17,25,68
Engine 6,SWCC,4,1,68,0,0,68
Engine 6,SWCC,4,2,68,0,0,68
Engine 6,SWCC,4,3,68,0,0,68
Engine 6,SWCC,4,4,51,17,25,68
Engine 6,SWCC,4,5,68,0,0,68
Engine 6,SWCC,5,1,68,0,0,68
Engine 6,SWCC,5,2,68,0,0,68
Engine 6,SWCC,5,3,68,0,0,68
Engine 6,SWCC,5,4,68,0,0,68
Engine 6,SWCC,5,5,68,0,0,68
Engine 6,RMCC,1,1,25,24,48,49
Engine 6,RMCC,1,2,25,24,48,49
Engine 6,RMCC,1,3,25,24,48,49
Engine 6,RMCC,1,4,49,0,0,49
Engine 6,RMCC,1,5,25,24,48,49
Engine 6,RMCC,2,1,25,24,48,49
Engine 6,RMCC,2,2,49,0,0,49
Engine 6,RMCC,2,3,25,24,48,49
Engine 6,RMCC,2,4,49,0,0,49
Engine 6,RMCC,2,5,25,24,48,49
Engine 6,RMCC,3,1,49,0,0,49
Engine 6,RMCC,3,2,49,0,0,49
Engine 6,RMCC,3,3,37,12,24,49
Engine 6,RMCC,3,4,37,12,24,49
Engine 6,RMCC,3,5,49,0,0,49
Engine 6,RMCC,4,1,49,0,0,49
Engine 6,RMCC,4,2,49,0,0,49
Engine 6,RMCC,4,3,49,0,0,49
Engine 6,RMCC,4,4,37,12,24,49
Engine 6,RMCC,4,5,37,12,24,49
Engine 6,RMCC,5,1,49,0,0,49
Engine 6,RMCC,5,2,49,0,0,49
Engine 6,RMCC,5,3,49,0,0,49
Engine 6,RMCC,5,4,49,0,0,49
Engine 6,RMCC,5,5,49,0,0,49
Engine 6,EACC,1,1,20,19,48,39
Engine 6,EACC,1,2,39,0,0,39
Engine 6,EACC,1,3,20,19,48,39
Engine 6,EACC,1,4,39,0,0,39
Engine 6,EACC,1,5,20,19,48,39
Engine 6,EACC,2,1,20,19,48,39
Engine 6,EACC,2,2,20,19,48,39
Engine 6,EACC,2,3,39,0,0,39
Engine 6,EACC,2,4,39,0,0,39
Engine 6,EACC,2,5,20,19,48,39
Engine 6,EACC,3,1,39,0,0,39
Engine 6,EACC,3,2,39,0,0,39
Engine 6,EACC,3,3,30,9,23,39
Engine 6,EACC,3,4,30,9,23,39
Engine 6,EACC,3,5,39,0,0,39
Engine 6,EACC,4,1,39,0,0,39
Engine 6,EACC,4,2,39,0,0,39
Engine 6,EACC,4,3,39,0,0,39
Engine 6,EACC,4,4,39,0,0,39
Engine 6,EACC,4,5,39,0,0,39
Engine 6,EACC,5,1,39,0,0,39
Engine 6,EACC,5,2,39,0,0,39
Engine 6,EACC,5,3,39,0,0,39
Engine 6,EACC,5,4,39,0,0,39
Engine 6,EACC,5,5,39,0,0,39
Engine 6,SACC,1,1,27,26,49,53
Engine 6,SACC,1,2,27,26,49,53
Engine 6,SACC,1,3,27,26,49,53
Engine 6,SACC,1,4,27,26,49,53
Engine 6,SACC,1,5,27,26,49,53
Engine 6,SACC,2,1,27,26,49,53
Engine 6,SACC,2,2,27,26,49,53
Engine 6,SACC,2,3,27,26,49,53
Engine 6,SACC,2,4,27,26,49,53
Engine 6,SACC,2,5,27,26,49,53
Engine 6,SACC,3,1,53,0,0,53
Engine 6,SACC,3,2,53,0,0,53
Engine 6,SACC,3,3,40,13,24,53
Engine 6,SACC,3,4,53,0,0,53
Engine 6,SACC,3,5,40,13,24,53
Engine 6,SACC,4,1,53,0,0,53
Engine 6,SACC,4,2,53,0,0,53
Engine 6,SACC,4,3,53,0,0,53
Engine 6,SACC,4,4,53,0,0,53
Engine 6,SACC,4,5,40,13,24,53
Engine 6,SACC,5,1,53,0,0,53
Engine 6,SACC,5,2,53,0,0,53
Engine 6,SACC,5,3,53,0,0,53
Engine 6,SACC,5,4,53,0,0,53
Engine 6,SACC,5,5,53,0,0,53
Engine 7,AICC,1,1,0,0,0,0
Engine 7,AICC,1,2,0,0,0,0
Engine 7,AICC,1,3,0,0,0,0
Engine 7,AICC,1,4,0,0,0,0
Engine 7,AICC,1,5,0,0,0,0
Engine 7,AICC,2,1,0,0,0,0
Engine 7,AICC,2,2,0,0,0,0
Engine 7,AICC,2,3,0,0,0,0
Engine 7,AICC,2,4,0,0,0,0
Engine 7,AICC,2,5,0,0,0,0
Engine 7,AICC,3,1,0,0,0,0
Engine 7,AICC,3,2,0,0,0,0
Engine 7,AICC,3,3,0,0,0,0
Engine 7,AICC,3,4,0,0,0,0
Engine 7,AICC,3,5,0,0,0,0
Engine 7,AICC,4,1,0,0,0,0
Engine 7,AICC,4,2,0,0,0,0
Engine 7,AICC,4,3,0,0,0,0
Engine 7,AICC,4,4,0,0,0,0
Engine 7,AICC,4,5,0,0,0,0
Engine 7,AICC,5,1,0,0,0,0
Engine 7,AICC,5,2,0,0,0,0
Engine 7,AICC,5,3,0,0,0,0
Engine 7,AICC,5,4,0,0,0,0
Engine 7,AICC,5,5,0,0,0,0
Engine 7,NWCC,1,1,1,1,50,2
Engine 7,NWCC,1,2,1,1,50,2
Engine 7,NWCC,1,3,2,0,0,2
Engine 7,NWCC,1,4,1,1,50,2
Engine 7,NWCC,1,5,2,0,0,2
Engine 7,NWCC,2,1,1,1,50,2
Engine 7,NWCC,2,2,2,0,0,2
Engine 7,NWCC,2,3,1,1,50,2
Engine 7,NWCC,2,4,2,0,0,2
Engine 7,NWCC,2,5,2,0,0,2
Engine 7,NWCC,3,1,2,0,0,2
Engine 7,NWCC,3,2,2,0,0,2
Engine 7,NWCC,3,3,2,0,0,2
Engine 7,NWCC,3,4,2,0,0,2
Engine 7,NWCC,3,5,2,0,0,2
Engine 7,NWCC,4,1,2,0,0,2
Engine 7,NWCC,4,2,2,0,0,2
Engine 7,NWCC,4,3,2,0,0,2
Engine 7,NWCC,4,4,2,0,0,2
Engine 7,NWCC,4,5,2,0,0,2
Engine 7,NWCC,5,1,2,0,0,2
Engine 7,NWCC,5,2,2,0,0,2
Engine 7,NWCC,5,3,2,0,0,2
Engine 7,NWCC,5,4,2,0,0,2
Engine 7,NWCC,5,5,2,0,0,2
Engine 7,ONCC,1,1,2,1,33,3
Engine 7,ONCC,1,2,3,0,0,3
Engine 7,ONCC,1,3,2,1,33,3
Engine 7,ONCC,1,4,3,0,0,3
Engine 7,ONCC,1,5,2,1,33,3
Engine 7,ONCC,2,1,2,1,33,3
Engine 7,ONCC,2,2,2,1,33,3
Engine 7,ONCC,2,3,2,1,33,3
Engine 7,ONCC,2,4,2,1,33,3
Engine 7,ONCC,2,5,3,0,0,3
Engine 7,ONCC,3,1,3,0,0,3
Engine 7,ONCC,3,2,3,0,0,3
Engine 7,ONCC,3,3,3,0,0,3
Engine 7,ONCC,3,4,3,0,0,3
Engine 7,ONCC,3,5,3,0,0,3
Engine 7,ONCC,4,1,3,0,0,3
Engine 7,ONCC,4,2,3,0,0,3
Engine 7,ONCC,4,3,3,0,0,3
Engine 7,ONCC,4,4,3,0,0,3
Engine 7,ONCC,4,5,3,0,0,3
Engine 7,ONCC,5,1,3,0,0,3
Engine 7,ONCC,5,2,3,0,0,3
Engine 7,ONCC,5,3,3,0,0,3
Engine 7,ONCC,5,4,3,0,0,3
Engine 7,ONCC,5,5,3,0,0,3
Engine 7,OSCC,1,1,8,7,46,15
Engine 7,OSCC,1,2,15,0,0,15
Engine 7,OSCC,1,3,8,7,46,15
Engine 7,OSCC,1,4,15,0,0,15
Engine 7,OSCC,1,5,15,0,0,15
Engine 7,OSCC,2,1,8,7,46,15
Engine 7,OSCC,2,2,15,0,0,15
Engine 7,OSCC,2,3,15,0,0,15
Engine 7,OSCC,2,4,8,7,46,15
Engine 7,OSCC,2,5,15,0,0,15
Engine 7,OSCC,3,1,15,0,0,15
Engine 7,OSCC,3,2,15,0,0,15
Engine 7,OSCC,3,3,15,0,0,15
Engine 7,OSCC,3,4,15,0,0,15
Engine 7,OSCC,3,5,15,0,0,15
Engine 7,OSCC,4,1,15,0,0,15
Engine 7,OSCC,4,2,15,0,0,15
Engine 7,OSCC,4,3,15,0,0,15
Engine 7,OSCC,4,4,15,0,0,15
Engine 7,OSCC,4,5,12,3,20,15
Engine 7,OSCC,5,1,15,0,0,15
Engine 7,OSCC,5,2,15,0,0,15
Engine 7,OSCC,5,3,15,0,0,15
Engine 7,OSCC,5,4,15,0,0,15
Engine 7,OSCC,5,5,15,0,0,15
Engine 7,NRCC,1,1,0,0,0,0
Engine 7,NRCC,1,2,0,0,0,0
Engine 7,NRCC,1,3,0,0,0,0
Engine 7,NRCC,1,4,0,0,0,0
Engine 7,NRCC,1,5,0,0,0,0
Engine 7,NRCC,2,1,0,0,0,0
Engine 7,NRCC,2,2,0,0,0,0
Engine 7,NRCC,2,3,0,0,0,0
Engine 7,NRCC,2,4,0,0,0,0
Engine 7,NRCC,2,5,0,0,0,0
Engine 7,NRCC,3,1,0,0,0,0
Engine 7,NRCC,3,2,0,0,0,0
Engine 7,NRCC,3,3,0,0,0,0
Engine 7,NRCC,3,4,0,0,0,0
Engine 7,NRCC,3,5,0,0,0,0
Engine 7,NRCC,4,1,0,0,0,0
Engine 7,NRCC,4,2,0,0,0,0
Engine 7,NRCC,4,3,0,0,0,0
Engine 7,NRCC,4,4,0,0,0,0
Engine 7,NRCC,4,5,0,0,0,0
Engine 7,NRCC,5,1,0,0,0,0
Engine 7,NRCC,5,2,0,0,0,0
Engine 7,NRCC,5,3,0,0,0,0
Engine 7,NRCC,5,4,0,0,0,0
Engine 7,NRCC,5,5,0,0,0,0
Engine 7,GBCC,1,1,3,2,40,5
Engine 7,GBCC,1,2,5,0,0,5
Engine 7,GBCC,1,3,3,2,40,5
Engine 7,GBCC,1,4,5,0,0,5
Engine 7,GBCC,1,5,5,0,0,5
Engine 7,GBCC,2,1,3,2,40,5
Engine 7,GBCC,2,2,5,0,0,5
Engine 7,GBCC,2,3,3,2,40,5
Engine 7,GBCC,2,4,5,0,0,5
Engine 7,GBCC,2,5,5,0,0,5
Engine 7,GBCC,3,1,5,0,0,5
Engine 7,GBCC,3,2,5,0,0,5
Engine 7,GBCC,3,3,4,1,20,5
Engine 7,GBCC,3,4,5,0,0,5
Engine 7,GBCC,3,5,5,0,0,5
Engine 7,GBCC,4,1,5,0,0,5
Engine 7,GBCC,4,2,5,0,0,5
Engine 7,GBCC,4,3,5,0,0,5
Engine 7,GBCC,4,4,4,1,20,5
Engine 7,GBCC,4,5,4,1,20,5
Engine 7,GBCC,5,1,5,0,0,5
Engine 7,GBCC,5,2,5,0,0,5
Engine 7,GBCC,5,3,5,0,0,5
Engine 7,GBCC,5,4,5,0,0,5
Engine 7,GBCC,5,5,5,0,0,5
Engine 7,SWCC,1,1,0,0,0,0
Engine 7,SWCC,1,2,0,0,0,0
Engine 7,SWCC,1,3,0,0,0,0
Engine 7,SWCC,1,4,0,0,0,0
Engine 7,SWCC,1,5,0,0,0,0
Engine 7,SWCC,2,1,0,0,0,0
Engine 7,SWCC,2,2,0,0,0,0
Engine 7,SWCC,2,3,0,0,0,0
Engine 7,SWCC,2,4,0,0,0,0
Engine 7,SWCC,2,5,0,0,0,0
Engine 7,SWCC,3,1,0,0,0,0
Engine 7,SWCC,3,2,0,0,0,0
Engine 7,SWCC,3,3,0,0,0,0
Engine 7,SWCC,3,4,0,0,0,0
Engine 7,SWCC,3,5,0,0,0,0
Engine 7,SWCC,4,1,0,0,0,0
Engine 7,SWCC,4,2,0,0,0,0
Engine 7,SWCC,4,3,0,0,0,0
Engine 7,SWCC,4,4,0,0,0,0
Engine 7,SWCC,4,5,0,0,0,0
Engine 7,SWCC,5,1,0,0,0,0
Engine 7,SWCC,5,2,0,0,0,0
Engine 7,SWCC,5,3,0,0,0,0
Engine 7,SWCC,5,4,0,0,0,0
Engine 7,SWCC,5,5,0,0,0,0
Engine 7,RMCC,1,1,1,1,50,2
Engine 7,RMCC,1,2,2,0,0,2
Engine 7,RMCC,1,3,1,1,50,2
Engine 7,RMCC,1,4,1,1,50,2
Engine 7,RMCC,1,5,2,0,0,2
Engine 7,RMCC,2,1,1,1,50,2
Engine 7,RMCC,2,2,2,0,0,2
Engine 7,RMCC,2,3,1,1,50,2
Engine 7,RMCC,2,4,2,0,0,2
Engine 7,RMCC,2,5,1,1,50,2
Engine 7,RMCC,3,1,2,0,0,2
Engine 7,RMCC,3,2,2,0,0,2
Engine 7,RMCC,3,3,2,0,0,2
Engine 7,RMCC,3,4,2,0,0,2
Engine 7,RMCC,3,5,2,0,0,2
Engine 7,RMCC,4,1,2,0,0,2
Engine 7,RMCC,4,2,2,0,0,2
Engine 7,RMCC,4,3,2,0,0,2
Engine 7,RMCC,4,4,2,0,0,2
Engine 7,RMCC,4,5,2,0,0,2
Engine 7,RMCC,5,1,2,0,0,2
Engine 7,RMCC,5,2,2,0,0,2
Engine 7,RMCC,5,3,2,0,0,2
Engine 7,RMCC,5,4,2,0,0,2
Engine 7,RMCC,5,5,2,0,0,2
Engine 7,EACC,1,1,0,0,0,0
Engine 7,EACC,1,2,0,0,0,0
Engine 7,EACC,1,3,0,0,0,0
Engine 7,EACC,1,4,0,0,0,0
Engine 7,EACC,1,5,0,0,0,0
Engine 7,EACC,2,1,0,0,0,0
Engine 7,EACC,2,2,0,0,0,0
Engine 7,EACC,2,3,0,0,0,0
Engine 7,EACC,2,4,0,0,0,0
Engine 7,EACC,2,5,0,0,0,0
Engine 7,EACC,3,1,0,0,0,0
Engine 7,EACC,3,2,0,0,0,0
Engine 7,EACC,3,3,0,0,0,0
Engine 7,EACC,3,4,0,0,0,0
Engine 7,EACC,3,5,0,0,0,0
Engine 7,EACC,4,1,0,0,0,0
Engine 7,EACC,4,2,0,0,0,0
Engine 7,EACC,4,3,0,0,0,0
Engine 7,EACC,4,4,0,0,0,0
Engine 7,EACC,4,5,0,0,0,0
Engine 7,EACC,5,1,0,0,0,0
Engine 7,EACC,5,2,0,0,0,0
Engine 7,EACC,5,3,0,0,0,0
Engine 7,EACC,5,4,0,0,0,0
Engine 7,EACC,5,5,0,0,0,0
Engine 7,SACC,1,1,2,2,50,4
Engine 7,SACC,1,2,2,2,50,4
Engine 7,SACC,1,3,2,2,50,4
Engine 7,SACC,1,4,2,2,50,4
Engine 7,SACC,1,5,2,2,50,4
Engine 7,SACC,2,1,2,2,50,4
Engine 7,SACC,2,2,4,0,0,4
Engine 7,SACC,2,3,2,2,50,4
Engine 7,SACC,2,4,2,2,50,4
Engine 7,SACC,2,5,2,2,50,4
Engine 7,SACC,3,1,4,0,0,4
Engine 7,SACC,3,2,4,0,0,4
Engine 7,SACC,3,3,4,0,0,4
Engine 7,SACC,3,4,3,1,25,4
Engine 7,SACC,3,5,3,1,25,4
Engine 7,SACC,4,1,4,0,0,4
Engine 7,SACC,4,2,4,0,0,4
Engine 7,SACC,4,3,4,0,0,4
Engine 7,SACC,4,4,4,0,0,4
Engine 7,SACC,4,5,3,1,25,4
Engine 7,SACC,5,1,4,0,0,4
Engine 7,SACC,5,2,4,0,0,4
Engine 7,SACC,5,3,4,0,0,4
Engine 7,SACC,5,4,4,0,0,4
Engine 7,SACC,5,5,4,0,0,4
Dozer 1,AICC,1,1,0,0,0,0
Dozer 1,AICC,1,2,0,0,0,0
Dozer 1,AICC,1,3,0,0,0,0
Dozer 1,AICC,1,4,0,0,0,0
Dozer 1,AICC,1,5,0,0,0,0
Dozer 1,AICC,2,1,0,0,0,0
Dozer 1,AICC,2,2,0,0,0,0
Dozer 1,AICC,2,3,0,0,0,0
Dozer 1,AICC,2,4,0,0,0,0
Dozer 1,AICC,2,5,0,0,0,0
Dozer 1,AICC,3,1,0,0,0,0
Dozer 1,AICC,3,2,0,0,0,0
Dozer 1,AICC,3,3,0,0,0,0
Dozer 1,AICC,3,4,0,0,0,0
Dozer 1,AICC,3,5,0,0,0,0
Dozer 1,AICC,4,1,0,0,0,0
Dozer 1,AICC,4,2,0,0,0,0
Dozer 1,AICC,4,3,0,0,0,0
Dozer 1,AICC,4,4,0,0,0,0
Dozer 1,AICC,4,5,0,0,0,0
Dozer 1,AICC,5,1,0,0,0,0
Dozer 1,AICC,5,2,0,0,0,0
Dozer 1,AICC,5,3,0,0,0,0
Dozer 1,AICC,5,4,0,0,0,0
Dozer 1,AICC,5,5,0,0,0,0
Dozer 1,NWCC,1,1,0,0,0,0
Dozer 1,NWCC,1,2,0,0,0,0
Dozer 1,NWCC,1,3,0,0,0,0
Dozer 1,NWCC,1,4,0,0,0,0
Dozer 1,NWCC,1,5,0,0,0,0
Dozer 1,NWCC,2,1,0,0,0,0
Dozer 1,NWCC,2,2,0,0,0,0
Dozer 1,NWCC,2,3,0,0,0,0
Dozer 1,NWCC,2,4,0,0,0,0
Dozer 1,NWCC,2,5,0,0,0,0
Dozer 1,NWCC,3,1,0,0,0,0
Dozer 1,NWCC,3,2,0,0,0,0
Dozer 1,NWCC,3,3,0,0,0,0
Dozer 1,NWCC,3,4,0,0,0,0
Dozer 1,NWCC,3,5,0,0,0,0
Dozer 1,NWCC,4,1,0,0,0,0
Dozer 1,NWCC,4,2,0,0,0,0
Dozer 1,NWCC,4,3,0,0,0,0
Dozer 1,NWCC,4,4,0,0,0,0
Dozer 1,NWCC,4,5,0,0,0,0
Dozer 1,NWCC,5,1,0,0,0,0
Dozer 1,NWCC,5,2,0,0,0,0
Dozer 1,NWCC,5,3,0,0,0,0
Dozer 1,NWCC,5,4,0,0,0,0
Dozer 1,NWCC,5,5,0,0,0,0
Dozer 1,ONCC,1,1,0,0,0,0
Dozer 1,ONCC,1,2,0,0,0,0
Dozer 1,ONCC,1,3,0,0,0,0
Dozer 1,ONCC,1,4,0,0,0,0
Dozer 1,ONCC,1,5,0,0,0,0
Dozer 1,ONCC,2,1,0,0,0,0
Dozer 1,ONCC,2,2,0,0,0,0
Dozer 1,ONCC,2,3,0,0,0,0
Dozer 1,ONCC,2,4,0,0,0,0
Dozer 1,ONCC,2,5,0,0,0,0
Dozer 1,ONCC,3,1,0,0,0,0
Dozer 1,ONCC,3,2,0,0,0,0
Dozer 1,ONCC,3,3,0,0,0,0
Dozer 1,ONCC,3,4,0,0,0,0
Dozer 1,ONCC,3,5,0,0,0,0
Dozer 1,ONCC,4,1,0,0,0,0
Dozer 1,ONCC,4,2,0,0,0,0
Dozer 1,ONCC,4,3,0,0,0,0
Dozer 1,ONCC,4,4,0,0,0,0
Dozer 1,ONCC,4,5,0,0,0,0
Dozer 1,ONCC,5,1,0,0,0,0
Dozer 1,ONCC,5,2,0,0,0,0
Dozer 1,ONCC,5,3,0,0,0,0
Dozer 1,ONCC,5,4,0,0,0,0
Dozer 1,ONCC,5,5,0,0,0,0
Dozer 1,OSCC,1,1,0,0,0,0
Dozer 1,OSCC,1,2,0,0,0,0
Dozer 1,OSCC,1,3,0,0,0,0
Dozer 1,OSCC,1,4,0,0,0,0
Dozer 1,OSCC,1,5,0,0,0,0
Dozer 1,OSCC,2,1,0,0,0,0
Dozer 1,OSCC,2,2,0,0,0,0
Dozer 1,OSCC,2,3,0,0,0,0
Dozer 1,OSCC,2,4,0,0,0,0
Dozer 1,OSCC,2,5,0,0,0,0
Dozer 1,OSCC,3,1,0,0,0,0
Dozer 1,OSCC,3,2,0,0,0,0
Dozer 1,OSCC,3,3,0,0,0,0
Dozer 1,OSCC,3,4,0,0,0,0
Dozer 1,OSCC,3,5,0,0,0,0
Dozer 1,OSCC,4,1,0,0,0,0
Dozer 1,OSCC,4,2,0,0,0,0
Dozer 1,OSCC,4,3,0,0,0,0
Dozer 1,OSCC,4,4,0,0,0,0
Dozer 1,OSCC,4,5,0,0,0,0
Dozer 1,OSCC,5,1,0,0,0,0
Dozer 1,OSCC,5,2,0,0,0,0
Dozer 1,OSCC,5,3,0,0,0,0
Dozer 1,OSCC,5,4,0,0,0,0
Dozer 1,OSCC,5,5,0,0,0,0
Dozer 1,NRCC,1,1,0,0,0,0
Dozer 1,NRCC,1,2,0,0,0,0
Dozer 1,NRCC,1,3,0,0,0,0
Dozer 1,NRCC,1,4,0,0,0,0
Dozer 1,NRCC,1,5,0,0,0,0
Dozer 1,NRCC,2,1,0,0,0,0
Dozer 1,NRCC,2,2,0,0,0,0
Dozer 1,NRCC,2,3,0,0,0,0
Dozer 1,NRCC,2,4,0,0,0,0
Dozer 1,NRCC,2,5,0,0,0,0
Dozer 1,NRCC,3,1,0,0,0,0
Dozer 1,NRCC,3,2,0,0,0,0
Dozer 1,NRCC,3,3,0,0,0,0
Dozer 1,NRCC,3,4,0,0,0,0
Dozer 1,NRCC,3,5,0,0,0,0
Dozer 1,NRCC,4,1,0,0,0,0
Dozer 1,NRCC,4,2,0,0,0,0
Dozer 1,NRCC,4,3,0,0,0,0
Dozer 1,NRCC,4,4,0,0,0,0
Dozer 1,NRCC,4,5,0,0,0,0
Dozer 1,NRCC,5,1,0,0,0,0
Dozer 1,NRCC,5,2,0,0,0,0
Dozer 1,NRCC,5,3,0,0,0,0
Dozer 1,NRCC,5,4,0,0,0,0
Dozer 1,NRCC,5,5,0,0,0,0
Dozer 1,GBCC,1,1,0,0,0,0
Dozer 1,GBCC,1,2,0,0,0,0
Dozer 1,GBCC,1,3,0,0,0,0
Dozer 1,GBCC,1,4,0,0,0,0
Dozer 1,GBCC,1,5,0,0,0,0
Dozer 1,GBCC,2,1,0,0,0,0
Dozer 1,GBCC,2,2,0,0,0,0
Dozer 1,GBCC,2,3,0,0,0,0
Dozer 1,GBCC,2,4,0,0,0,0
Dozer 1,GBCC,2,5,0,0,0,0
Dozer 1,GBCC,3,1,0,0,0,0
Dozer 1,GBCC,3,2,0,0,0,0
Dozer 1,GBCC,3,3,0,0,0,0
Dozer 1,GBCC,3,4,0,0,0,0
Dozer 1,GBCC,3,5,0,0,0,0
Dozer 1,GBCC,4,1,0,0,0,0
Dozer 1,GBCC,4,2,0,0,0,0
Dozer 1,GBCC,4,3,0,0,0,0
Dozer 1,GBCC,4,4,0,0,0,0
Dozer 1,GBCC,4,5,0,0,0,0
Dozer 1,GBCC,5,1,0,0,0,0
Dozer 1,GBCC,5,2,0,0,0,0
Dozer 1,GBCC,5,3,0,0,0,0
Dozer 1,GBCC,5,4,0,0,0,0
Dozer 1,GBCC,5,5,0,0,0,0
Dozer 1,SWCC,1,1,0,0,0,0
Dozer 1,SWCC,1,2,0,0,0,0
Dozer 1,SWCC,1,3,0,0,0,0
Dozer 1,SWCC,1,4,0,0,0,0
Dozer 1,SWCC,1,5,0,0,0,0
Dozer 1,SWCC,2,1,0,0,0,0
Dozer 1,SWCC,2,2,0,0,0,0
Dozer 1,SWCC,2,3,0,0,0,0
Dozer 1,SWCC,2,4,0,0,0,0
Dozer 1,SWCC,2,5,0,0,0,0
Dozer 1,SWCC,3,1,0,0,0,0
Dozer 1,SWCC,3,2,0,0,0,0
Dozer 1,SWCC,3,3,0,0,0,0
Dozer 1,SWCC,3,4,0,0,0,0
Dozer 1,SWCC,3,5,0,0,0,0
Dozer 1,SWCC,4,1,0,0,0,0
Dozer 1,SWCC,4,2,0,0,0,0
Dozer 1,SWCC,4,3,0,0,0,0
Dozer 1,SWCC,4,4,0,0,0,0
Dozer 1,SWCC,4,5,0,0,0,0
Dozer 1,SWCC,5,1,0,0,0,0
Dozer 1,SWCC,5,2,0,0,0,0
Dozer 1,SWCC,5,3,0,0,0,0
Dozer 1,SWCC,5,4,0,0,0,0
Dozer 1,SWCC,5,5,0,0,0,0
Dozer 1,RMCC,1,1,0,0,0,0
Dozer 1,RMCC,1,2,0,0,0,0
Dozer 1,RMCC,1,3,0,0,0,0
Dozer 1,RMCC,1,4,0,0,0,0
Dozer 1,RMCC,1,5,0,0,0,0
Dozer 1,RMCC,2,1,0,0,0,0
Dozer 1,RMCC,2,2,0,0,0,0
Dozer 1,RMCC,2,3,0,0,0,0
Dozer 1,RMCC,2,4,0,0,0,0
Dozer 1,RMCC,2,5,0,0,0,0
Dozer 1,RMCC,3,1,0,0,0,0
Dozer 1,RMCC,3,2,0,0,0,0
Dozer 1,RMCC,3,3,0,0,0,0
Dozer 1,RMCC,3,4,0,0,0,0
Dozer 1,RMCC,3,5,0,0,0,0
Dozer 1,RMCC,4,1,0,0,0,0
Dozer 1,RMCC,4,2,0,0,0,0
Dozer 1,RMCC,4,3,0,0,0,0
Dozer 1,RMCC,4,4,0,0,0,0
Dozer 1,RMCC,4,5,0,0,0,0
Dozer 1,RMCC,5,1,0,0,0,0
Dozer 1,RMCC,5,2,0,0,0,0
Dozer 1,RMCC,5,3,0,0,0,0
Dozer 1,RMCC,5,4,0,0,0,0
Dozer 1,RMCC,5,5,0,0,0,0
Dozer 1,EACC,1,1,0,0,0,0
Dozer 1,EACC,1,2,0,0,0,0
Dozer 1,EACC,1,3,0,0,0,0
Dozer 1,EACC,1,4,0,0,0,0
Dozer 1,EACC,1,5,0,0,0,0
Dozer 1,EACC,2,1,0,0,0,0
Dozer 1,EACC,2,2,0,0,0,0
Dozer 1,EACC,2,3,0,0,0,0
Dozer 1,EACC,2,4,0,0,0,0
Dozer 1,EACC,2,5,0,0,0,0
Dozer 1,EACC,3,1,0,0,0,0
Dozer 1,EACC,3,2,0,0,0,0
Dozer 1,EACC,3,3,0,0,0,0
Dozer 1,EACC,3,4,0,0,0,0
Dozer 1,EACC,3,5,0,0,0,0
Dozer 1,EACC,4,1,0,0,0,0
Dozer 1,EACC,4,2,0,0,0,0
Dozer 1,EACC,4,3,0,0,0,0
Dozer 1,EACC,4,4,0,0,0,0
Dozer 1,EACC,4,5,0,0,0,0
Dozer 1,EACC,5,1,0,0,0,0
Dozer 1,EACC,5,2,0,0,0,0
Dozer 1,EACC,5,3,0,0,0,0
Dozer 1,EACC,5,4,0,0,0,0
Dozer 1,EACC,5,5,0,0,0,0
Dozer 1,SACC,1,1,0,0,0,0
Dozer 1,SACC,1,2,0,0,0,0
Dozer 1,SACC,1,3,0,0,0,0
Dozer 1,SACC,1,4,0,0,0,0
Dozer 1,SACC,1,5,0,0,0,0
Dozer 1,SACC,2,1,0,0,0,0
Dozer 1,SACC,2,2,0,0,0,0
Dozer 1,SACC,2,3,0,0,0,0
Dozer 1,SACC,2,4,0,0,0,0
Dozer 1,SACC,2,5,0,0,0,0
Dozer 1,SACC,3,1,0,0,0,0
Dozer 1,SACC,3,2,0,0,0,0
Dozer 1,SACC,3,3,0,0,0,0
Dozer 1,SACC,3,4,0,0,0,0
Dozer 1,SACC,3,5,0,0,0,0
Dozer 1,SACC,4,1,0,0,0,0
Dozer 1,SACC,4,2,0,0,0,0
Dozer 1,SACC,4,3,0,0,0,0
Dozer 1,SACC,4,4,0,0,0,0
Dozer 1,SACC,4,5,0,0,0,0
Dozer 1,SACC,5,1,0,0,0,0
Dozer 1,SACC,5,2,0,0,0,0
Dozer 1,SACC,5,3,0,0,0,0
Dozer 1,SACC,5,4,0,0,0,0
Dozer 1,SACC,5,5,0,0,0,0
Dozer 2,AICC,1,1,0,0,0,0
Dozer 2,AICC,1,2,0,0,0,0
Dozer 2,AICC,1,3,0,0,0,0
Dozer 2,AICC,1,4,0,0,0,0
Dozer 2,AICC,1,5,0,0,0,0
Dozer 2,AICC,2,1,0,0,0,0
Dozer 2,AICC,2,2,0,0,0,0
Dozer 2,AICC,2,3,0,0,0,0
Dozer 2,AICC,2,4,0,0,0,0
Dozer 2,AICC,2,5,0,0,0,0
Dozer 2,AICC,3,1,0,0,0,0
Dozer 2,AICC,3,2,0,0,0,0
Dozer 2,AICC,3,3,0,0,0,0
Dozer 2,AICC,3,4,0,0,0,0
Dozer 2,AICC,3,5,0,0,0,0
Dozer 2,AICC,4,1,0,0,0,0
Dozer 2,AICC,4,2,0,0,0,0
Dozer 2,AICC,4,3,0,0,0,0
Dozer 2,AICC,4,4,0,0,0,0
Dozer 2,AICC,4,5,0,0,0,0
Dozer 2,AICC,5,1,0,0,0,0
Dozer 2,AICC,5,2,0,0,0,0
Dozer 2,AICC,5,3,0,0,0,0
Dozer 2,AICC,5,4,0,0,0,0
Dozer 2,AICC,5,5,0,0,0,0
Dozer 2,NWCC,1,1,1,0,0,1
Dozer 2,NWCC,1,2,1,0,0,1
Dozer 2,NWCC,1,3,1,0,0,1
Dozer 2,NWCC,1,4,1,0,0,1
Dozer 2,NWCC,1,5,1,0,0,1
Dozer 2,NWCC,2,1,1,0,0,1
Dozer 2,NWCC,2,2,1,0,0,1
Dozer 2,NWCC,2,3,1,0,0,1
Dozer 2,NWCC,2,4,1,0,0,1
Dozer 2,NWCC,2,5,1,0,0,1
Dozer 2,NWCC,3,1,1,0,0,1
Dozer 2,NWCC,3,2,1,0,0,1
Dozer 2,NWCC,3,3,1,0,0,1
Dozer 2,NWCC,3,4,1,0,0,1
Dozer 2,NWCC,3,5,1,0,0,1
Dozer 2,NWCC,4,1,1,0,0,1
Dozer 2,NWCC,4,2,1,0,0,1
Dozer 2,NWCC,4,3,1,0,0,1
Dozer 2,NWCC,4,4,1,0,0,1
Dozer 2,NWCC,4,5,1,0,0,1
Dozer 2,NWCC,5,1,1,0,0,1
Dozer 2,NWCC,5,2,1,0,0,1
Dozer 2,NWCC,5,3,1,0,0,1
Dozer 2,NWCC,5,4,1,0,0,1
Dozer 2,NWCC,5,5,1,0,0,1
Dozer 2,ONCC,1,1,7,6,46,13
Dozer 2,ONCC,1,2,13,0,0,13
Dozer 2,ONCC,1,3,7,6,46,13
Dozer 2,ONCC,1,4,7,6,46,13
Dozer 2,ONCC,1,5,7,6,46,13
Dozer 2,ONCC,2,1,7,6,46,13
Dozer 2,ONCC,2,2,7,6,46,13
Dozer 2,ONCC,2,3,7,6,46,13
Dozer 2,ONCC,2,4,13,0,0,13
Dozer 2,ONCC,2,5,13,0,0,13
Dozer 2,ONCC,3,1,13,0,0,13
Dozer 2,ONCC,3,2,13,0,0,13
Dozer 2,ONCC,3,3,13,0,0,13
Dozer 2,ONCC,3,4,13,0,0,13
Dozer 2,ONCC,3,5,13,0,0,13
Dozer 2,ONCC,4,1,13,0,0,13
Dozer 2,ONCC,4,2,13,0,0,13
Dozer 2,ONCC,4,3,13,0,0,13
Dozer 2,ONCC,4,4,13,0,0,13
Dozer 2,ONCC,4,5,13,0,0,13
Dozer 2,ONCC,5,1,13,0,0,13
Dozer 2,ONCC,5,2,13,0,0,13
Dozer 2,ONCC,5,3,13,0,0,13
Dozer 2,ONCC,5,4,13,0,0,13
Dozer 2,ONCC,5,5,13,0,0,13
Dozer 2,OSCC,1,1,5,4,44,9
Dozer 2,OSCC,1,2,5,4,44,9
Dozer 2,OSCC,1,3,5,4,44,9
Dozer 2,OSCC,1,4,9,0,0,9
Dozer 2,OSCC,1,5,9,0,0,9
Dozer 2,OSCC,2,1,5,4,44,9
Dozer 2,OSCC,2,2,9,0,0,9
Dozer 2,OSCC,2,3,5,4,44,9
Dozer 2,OSCC,2,4,9,0,0,9
Dozer 2,OSCC,2,5,9,0,0,9
Dozer 2,OSCC,3,1,9,0,0,9
Dozer 2,OSCC,3,2,9,0,0,9
Dozer 2,OSCC,3,3,9,0,0,9
Dozer 2,OSCC,3,4,9,0,0,9
Dozer 2,OSCC,3,5,9,0,0,9
Dozer 2,OSCC,4,1,9,0,0,9
Dozer 2,OSCC,4,2,9,0,0,9
Dozer 2,OSCC,4,3,9,0,0,9
Dozer 2,OSCC,4,4,9,0,0,9
Dozer 2,OSCC,4,5,9,0,0,9
Dozer 2,OSCC,5,1,9,0,0,9
Dozer 2,OSCC,5,2,9,0,0,9
Dozer 2,OSCC,5,3,9,0,0,9
Dozer 2,OSCC,5,4,9,0,0,9
Dozer 2,OSCC,5,5,9,0,0,9
Dozer 2,NRCC,1,1,0,0,0,0
Dozer 2,NRCC,1,2,0,0,0,0
Dozer 2,NRCC,1,3,0,0,0,0
Dozer 2,NRCC,1,4,0,0,0,0
Dozer 2,NRCC,1,5,0,0,0,0
Dozer 2,NRCC,2,1,0,0,0,0
Dozer 2,NRCC,2,2,0,0,0,0
Dozer 2,NRCC,2,3,0,0,0,0
Dozer 2,NRCC,2,4,0,0,0,0
Dozer 2,NRCC,2,5,0,0,0,0
Dozer 2,NRCC,3,1,0,0,0,0
Dozer 2,NRCC,3,2,0,0,0,0
Dozer 2,NRCC,3,3,0,0,0,0
Dozer 2,NRCC,3,4,0,0,0,0
Dozer 2,NRCC,3,5,0,0,0,0
Dozer 2,NRCC,4,1,0,0,0,0
Dozer 2,NRCC,4,2,0,0,0,0
Dozer 2,NRCC,4,3,0,0,0,0
Dozer 2,NRCC,4,4,0,0,0,0
Dozer 2,NRCC,4,5,0,0,0,0
Dozer 2,NRCC,5,1,0,0,0,0
Dozer 2,NRCC,5,2,0,0,0,0
Dozer 2,NRCC,5,3,0,0,0,0
Dozer 2,NRCC,5,4,0,0,0,0
Dozer 2,NRCC,5,5,0,0,0,0
Dozer 2,GBCC,1,1,0,0,0,0
Dozer 2,GBCC,1,2,0,0,0,0
Dozer 2,GBCC,1,3,0,0,0,0
Dozer 2,GBCC,1,4,0,0,0,0
Dozer 2,GBCC,1,5,0,0,0,0
Dozer 2,GBCC,2,1,0,0,0,0
Dozer 2,GBCC,2,2,0,0,0,0
Dozer 2,GBCC,2,3,0,0,0,0
Dozer 2,GBCC,2,4,0,0,0,0
Dozer 2,GBCC,2,5,0,0,0,0
Dozer 2,GBCC,3,1,0,0,0,0
Dozer 2,GBCC,3,2,0,0,0,0
Dozer 2,GBCC,3,3,0,0,0,0
Dozer 2,GBCC,3,4,0,0,0,0
Dozer 2,GBCC,3,5,0,0,0,0
Dozer 2,GBCC,4,1,0,0,0,0
Dozer 2,GBCC,4,2,0,0,0,0
Dozer 2,GBCC,4,3,0,0,0,0
Dozer 2,GBCC,4,4,0,0,0,0
Dozer 2,GBCC,4,5,0,0,0,0
Dozer 2,GBCC,5,1,0,0,0,0
Dozer 2,GBCC,5,2,0,0,0,0
Dozer 2,GBCC,5,3,0,0,0,0
Dozer 2,GBCC,5,4,0,0,0,0
Dozer 2,GBCC,5,5,0,0,0,0
Dozer 2,SWCC,1,1,4,4,50,8
Dozer 2,SWCC,1,2,8,0,0,8
Dozer 2,SWCC,1,3,8,0,0,8
Dozer 2,SWCC,1,4,4,4,50,8
Dozer 2,SWCC,1,5,8,0,0,8
Dozer 2,SWCC,2,1,4,4,50,8
Dozer 2,SWCC,2,2,4,4,50,8
Dozer 2,SWCC,2,3,8,0,0,8
Dozer 2,SWCC,2,4,4,4,50,8
Dozer 2,SWCC,2,5,8,0,0,8
Dozer 2,SWCC,3,1,8,0,0,8
Dozer 2,SWCC,3,2,8,0,0,8
Dozer 2,SWCC,3,3,6,2,25,8
Dozer 2,SWCC,3,4,8,0,0,8
Dozer 2,SWCC,3,5,8,0,0,8
Dozer 2,SWCC,4,1,8,0,0,8
Dozer 2,SWCC,4,2,8,0,0,8
Dozer 2,SWCC,4,3,8,0,0,8
Dozer 2,SWCC,4,4,8,0,0,8
Dozer 2,SWCC,4,5,8,0,0,8
Dozer 2,SWCC,5,1,8,0,0,8
Dozer 2,SWCC,5,2,8,0,0,8
Dozer 2,SWCC,5,3,8,0,0,8
Dozer 2,SWCC,5,4,8,0,0,8
Dozer 2,SWCC,5,5,8,0,0,8
Dozer 2,RMCC,1,1,2,1,33,3
Dozer 2,RMCC,1,2,3,0,0,3
Dozer 2,RMCC,1,3,2,1,33,3
Dozer 2,RMCC,1,4,3,0,0,3
Dozer 2,RMCC,1,5,3,0,0,3
Dozer 2,RMCC,2,1,2,1,33,3
Dozer 2,RMCC,2,2,2,1,33,3
Dozer 2,RMCC,2,3,2,1,33,3
Dozer 2,RMCC,2,4,3,0,0,3
Dozer 2,RMCC,2,5,3,0,0,3
Dozer 2,RMCC,3,1,3,0,0,3
Dozer 2,RMCC,3,2,3,0,0,3
Dozer 2,RMCC,3,3,3,0,0,3
Dozer 2,RMCC,3,4,3,0,0,3
Dozer 2,RMCC,3,5,3,0,0,3
Dozer 2,RMCC,4,1,3,0,0,3
Dozer 2,RMCC,4,2,3,0,0,3
Dozer 2,RMCC,4,3,3,0,0,3
Dozer 2,RMCC,4,4,3,0,0,3
Dozer 2,RMCC,4,5,3,0,0,3
Dozer 2,RMCC,5,1,3,0,0,3
Dozer 2,RMCC,5,2,3,0,0,3
Dozer 2,RMCC,5,3,3,0,0,3
Dozer 2,RMCC,5,4,3,0,0,3
Dozer 2,RMCC,5,5,3,0,0,3
Dozer 2,EACC,1,1,0,0,0,0
Dozer 2,EACC,1,2,0,0,0,0
Dozer 2,EACC,1,3,0,0,0,0
Dozer 2,EACC,1,4,0,0,0,0
Dozer 2,EACC,1,5,0,0,0,0
Dozer 2,EACC,2,1,0,0,0,0
Dozer 2,EACC,2,2,0,0,0,0
Dozer 2,EACC,2,3,0,0,0,0
Dozer 2,EACC,2,4,0,0,0,0
Dozer 2,EACC,2,5,0,0,0,0
Dozer 2,EACC,3,1,0,0,0,0
Dozer 2,EACC,3,2,0,0,0,0
Dozer 2,EACC,3,3,0,0,0,0
Dozer 2,EACC,3,4,0,0,0,0
Dozer 2,EACC,3,5,0,0,0,0
Dozer 2,EACC,4,1,0,0,0,0
Dozer 2,EACC,4,2,0,0,0,0
Dozer 2,EACC,4,3,0,0,0,0
Dozer 2,EACC,4,4,0,0,0,0
Dozer 2,EACC,4,5,0,0,0,0
Dozer 2,EACC,5,1,0,0,0,0
Dozer 2,EACC,5,2,0,0,0,0
Dozer 2,EACC,5,3,0,0,0,0
Dozer 2,EACC,5,4,0,0,0,0
Dozer 2,EACC,5,5,0,0,0,0
Dozer 2,SACC,1,1,2,1,33,3
Dozer 2,SACC,1,2,3,0,0,3
Dozer 2,SACC,1,3,2,1,33,3
Dozer 2,SACC,1,4,3,0,0,3
Dozer 2,SACC,1,5,2,1,33,3
Dozer 2,SACC,2,1,2,1,33,3
Dozer 2,SACC,2,2,2,1,33,3
Dozer 2,SACC,2,3,2,1,33,3
Dozer 2,SACC,2,4,2,1,33,3
Dozer 2,SACC,2,5,2,1,33,3
Dozer 2,SACC,3,1,3,0,0,3
Dozer 2,SACC,3,2,3,0,0,3
Dozer 2,SACC,3,3,3,0,0,3
Dozer 2,SACC,3,4,3,0,0,3
Dozer 2,SACC,3,5,3,0,0,3
Dozer 2,SACC,4,1,3,0,0,3
Dozer 2,SACC,4,2,3,0,0,3
Dozer 2,SACC,4,3,3,0,0,3
Dozer 2,SACC,4,4,3,0,0,3
Dozer 2,SACC,4,5,3,0,0,3
Dozer 2,SACC,5,1,3,0,0,3
Dozer 2,SACC,5,2,3,0,0,3
Dozer 2,SACC,5,3,3,0,0,3
Dozer 2,SACC,5,4,3,0,0,3
Dozer 2,SACC,5,5,3,0,0,3
Dozer 3,AICC,1,1,0,0,0,0
Dozer 3,AICC,1,2,0,0,0,0
Dozer 3,AICC,1,3,0,0,0,0
Dozer 3,AICC,1,4,0,0,0,0
Dozer 3,AICC,1,5,0,0,0,0
Dozer 3,AICC,2,1,0,0,0,0
Dozer 3,AICC,2,2,0,0,0,0
Dozer 3,AICC,2,3,0,0,0,0
Dozer 3,AICC,2,4,0,0,0,0
Dozer 3,AICC,2,5,0,0,0,0
Dozer 3,AICC,3,1,0,0,0,0
Dozer 3,AICC,3,2,0,0,0,0
Dozer 3,AICC,3,3,0,0,0,0
Dozer 3,AICC,3,4,0,0,0,0
Dozer 3,AICC,3,5,0,0,0,0
Dozer 3,AICC,4,1,0,0,0,0
Dozer 3,AICC,4,2,0,0,0,0
Dozer 3,AICC,4,3,0,0,0,0
Dozer 3,AICC,4,4,0,0,0,0
Dozer 3,AICC,4,5,0,0,0,0
Dozer 3,AICC,5,1,0,0,0,0
Dozer 3,AICC,5,2,0,0,0,0
Dozer 3,AICC,5,3,0,0,0,0
Dozer 3,AICC,5,4,0,0,0,0
Dozer 3,AICC,5,5,0,0,0,0
Dozer 3,NWCC,1,1,1,0,0,1
Dozer 3,NWCC,1,2,1,0,0,1
Dozer 3,NWCC,1,3,1,0,0,1
Dozer 3,NWCC,1,4,1,0,0,1
Dozer 3,NWCC,1,5,1,0,0,1
Dozer 3,NWCC,2,1,1,0,0,1
Dozer 3,NWCC,2,2,1,0,0,1
Dozer 3,NWCC,2,3,1,0,0,1
Dozer 3,NWCC,2,4,1,0,0,1
Dozer 3,NWCC,2,5,1,0,0,1
Dozer 3,NWCC,3,1,1,0,0,1
Dozer 3,NWCC,3,2,1,0,0,1
Dozer 3,NWCC,3,3,1,0,0,1
Dozer 3,NWCC,3,4,1,0,0,1
Dozer 3,NWCC,3,5,1,0,0,1
Dozer 3,NWCC,4,1,1,0,0,1
Dozer 3,NWCC,4,2,1,0,0,1
Dozer 3,NWCC,4,3,1,0,0,1
Dozer 3,NWCC,4,4,1,0,0,1
Dozer 3,NWCC,4,5,1,0,0,1
Dozer 3,NWCC,5,1,1,0,0,1
Dozer 3,NWCC,5,2,1,0,0,1
Dozer 3,NWCC,5,3,1,0,0,1
Dozer 3,NWCC,5,4,1,0,0,1
Dozer 3,NWCC,5,5,1,0,0,1
Dozer 3,ONCC,1,1,0,0,0,0
Dozer 3,ONCC,1,2,0,0,0,0
Dozer 3,ONCC,1,3,0,0,0,0
Dozer 3,ONCC,1,4,0,0,0,0
Dozer 3,ONCC,1,5,0,0,0,0
Dozer 3,ONCC,2,1,0,0,0,0
Dozer 3,ONCC,2,2,0,0,0,0
Dozer 3,ONCC,2,3,0,0,0,0
Dozer 3,ONCC,2,4,0,0,0,0
Dozer 3,ONCC,2,5,0,0,0,0
Dozer 3,ONCC,3,1,0,0,0,0
Dozer 3,ONCC,3,2,0,0,0,0
Dozer 3,ONCC,3,3,0,0,0,0
Dozer 3,ONCC,3,4,0,0,0,0
Dozer 3,ONCC,3,5,0,0,0,0
Dozer 3,ONCC,4,1,0,0,0,0
Dozer 3,ONCC,4,2,0,0,0,0
Dozer 3,ONCC,4,3,0,0,0,0
Dozer 3,ONCC,4,4,0,0,0,0
Dozer 3,ONCC,4,5,0,0,0,0
Dozer 3,ONCC,5,1,0,0,0,0
Dozer 3,ONCC,5,2,0,0,0,0
Dozer 3,ONCC,5,3,0,0,0,0
Dozer 3,ONCC,5,4,0,0,0,0
Dozer 3,ONCC,5,5,0,0,0,0
Dozer 3,OSCC,1,1,0,0,0,0
Dozer 3,OSCC,1,2,0,0,0,0
Dozer 3,OSCC,1,3,0,0,0,0
Dozer 3,OSCC,1,4,0,0,0,0
Dozer 3,OSCC,1,5,0,0,0,0
Dozer 3,OSCC,2,1,0,0,0,0
Dozer 3,OSCC,2,2,0,0,0,0
Dozer 3,OSCC,2,3,0,0,0,0
Dozer 3,OSCC,2,4,0,0,0,0
Dozer 3,OSCC,2,5,0,0,0,0
Dozer 3,OSCC,3,1,0,0,0,0
Dozer 3,OSCC,3,2,0,0,0,0
Dozer 3,OSCC,3,3,0,0,0,0
Dozer 3,OSCC,3,4,0,0,0,0
Dozer 3,OSCC,3,5,0,0,0,0
Dozer 3,OSCC,4,1,0,0,0,0
Dozer 3,OSCC,4,2,0,0,0,0
Dozer 3,OSCC,4,3,0,0,0,0
Dozer 3,OSCC,4,4,0,0,0,0
Dozer 3,OSCC,4,5,0,0,0,0
Dozer 3,OSCC,5,1,0,0,0,0
Dozer 3,OSCC,5,2,0,0,0,0
Dozer 3,OSCC,5,3,0,0,0,0
Dozer 3,OSCC,5,4,0,0,0,0
Dozer 3,OSCC,5,5,0,0,0,0
Dozer 3,NRCC,1,1,0,0,0,0
Dozer 3,NRCC,1,2,0,0,0,0
Dozer 3,NRCC,1,3,0,0,0,0
Dozer 3,NRCC,1,4,0,0,0,0
Dozer 3,NRCC,1,5,0,0,0,0
Dozer 3,NRCC,2,1,0,0,0,0
Dozer 3,NRCC,2,2,0,0,0,0
Dozer 3,NRCC,2,3,0,0,0,0
Dozer 3,NRCC,2,4,0,0,0,0
Dozer 3,NRCC,2,5,0,0,0,0
Dozer 3,NRCC,3,1,0,0,0,0
Dozer 3,NRCC,3,2,0,0,0,0
Dozer 3,NRCC,3,3,0,0,0,0
Dozer 3,NRCC,3,4,0,0,0,0
Dozer 3,NRCC,3,5,0,0,0,0
Dozer 3,NRCC,4,1,0,0,0,0
Dozer 3,NRCC,4,2,0,0,0,0
Dozer 3,NRCC,4,3,0,0,0,0
Dozer 3,NRCC,4,4,0,0,0,0
Dozer 3,NRCC,4,5,0,0,0,0
Dozer 3,NRCC,5,1,0,0,0,0
Dozer 3,NRCC,5,2,0,0,0,0
Dozer 3,NRCC,5,3,0,0,0,0
Dozer 3,NRCC,5,4,0,0,0,0
Dozer 3,NRCC,5,5,0,0,0,0
Dozer 3,GBCC,1,1,0,0,0,0
Dozer 3,GBCC,1,2,0,0,0,0
Dozer 3,GBCC,1,3,0,0,0,0
Dozer 3,GBCC,1,4,0,0,0,0
Dozer 3,GBCC,1,5,0,0,0,0
Dozer 3,GBCC,2,1,0,0,0,0
Dozer 3,GBCC,2,2,0,0,0,0
Dozer 3,GBCC,2,3,0,0,0,0
Dozer 3,GBCC,2,4,0,0,0,0
Dozer 3,GBCC,2,5,0,0,0,0
Dozer 3,GBCC,3,1,0,0,0,0
Dozer 3,GBCC,3,2,0,0,0,0
Dozer 3,GBCC,3,3,0,0,0,0
Dozer 3,GBCC,3,4,0,0,0,0
Dozer 3,GBCC,3,5,0,0,0,0
Dozer 3,GBCC,4,1,0,0,0,0
Dozer 3,GBCC,4,2,0,0,0,0
Dozer 3,GBCC,4,3,0,0,0,0
Dozer 3,GBCC,4,4,0,0,0,0
Dozer 3,GBCC,4,5,0,0,0,0
Dozer 3,GBCC,5,1,0,0,0,0
Dozer 3,GBCC,5,2,0,0,0,0
Dozer 3,GBCC,5,3,0,0,0,0
Dozer 3,GBCC,5,4,0,0,0,0
Dozer 3,GBCC,5,5,0,0,0,0
Dozer 3,SWCC,1,1,1,0,0,1
Dozer 3,SWCC,1,2,1,0,0,1
Dozer 3,SWCC,1,3,1,0,0,1
Dozer 3,SWCC,1,4,1,0,0,1
Dozer 3,SWCC,1,5,1,0,0,1
Dozer 3,SWCC,2,1,1,0,0,1
Dozer 3,SWCC,2,2,1,0,0,1
Dozer 3,SWCC,2,3,1,0,0,1
Dozer 3,SWCC,2,4,1,0,0,1
Dozer 3,SWCC,2,5,1,0,0,1
Dozer 3,SWCC,3,1,1,0,0,1
Dozer 3,SWCC,3,2,1,0,0,1
Dozer 3,SWCC,3,3,1,0,0,1
Dozer 3,SWCC,3,4,1,0,0,1
Dozer 3,SWCC,3,5,1,0,0,1
Dozer 3,SWCC,4,1,1,0,0,1
Dozer 3,SWCC,4,2,1,0,0,1
Dozer 3,SWCC,4,3,1,0,0,1
Dozer 3,SWCC,4,4,1,0,0,1
Dozer 3,SWCC,4,5,1,0,0,1
Dozer 3,SWCC,5,1,1,0,0,1
Dozer 3,SWCC,5,2,1,0,0,1
Dozer 3,SWCC,5,3,1,0,0,1
Dozer 3,SWCC,5,4,1,0,0,1
Dozer 3,SWCC,5,5,1,0,0,1
Dozer 3,RMCC,1,1,1,1,50,2
Dozer 3,RMCC,1,2,1,1,50,2
Dozer 3,RMCC,1,3,2,0,0,2
Dozer 3,RMCC,1,4,1,1,50,2
Dozer 3,RMCC,1,5,2,0,0,2
Dozer 3,RMCC,2,1,1,1,50,2
Dozer 3,RMCC,2,2,2,0,0,2
Dozer 3,RMCC,2,3,1,1,50,2
Dozer 3,RMCC,2,4,2,0,0,2
Dozer 3,RMCC,2,5,2,0,0,2
Dozer 3,RMCC,3,1,2,0,0,2
Dozer 3,RMCC,3,2,2,0,0,2
Dozer 3,RMCC,3,3,2,0,0,2
Dozer 3,RMCC,3,4,2,0,0,2
Dozer 3,RMCC,3,5,2,0,0,2
Dozer 3,RMCC,4,1,2,0,0,2
Dozer 3,RMCC,4,2,2,0,0,2
Dozer 3,RMCC,4,3,2,0,0,2
Dozer 3,RMCC,4,4,2,0,0,2
Dozer 3,RMCC,4,5,2,0,0,2
Dozer 3,RMCC,5,1,2,0,0,2
Dozer 3,RMCC,5,2,2,0,0,2
Dozer 3,RMCC,5,3,2,0,0,2
Dozer 3,RMCC,5,4,2,0,0,2
Dozer 3,RMCC,5,5,2,0,0,2
Dozer 3,EACC,1,1,5,5,50,10
Dozer 3,EACC,1,2,10,0,0,10
Dozer 3,EACC,1,3,10,0,0,10
Dozer 3,EACC,1,4,10,0,0,10
Dozer 3,EACC,1,5,10,0,0,10
Dozer 3,EACC,2,1,5,5,50,10
Dozer 3,EACC,2,2,5,5,50,10
Dozer 3,EACC,2,3,5,5,50,10
Dozer 3,EACC,2,4,10,0,0,10
Dozer 3,EACC,2,5,5,5,50,10
Dozer 3,EACC,3,1,10,0,0,10
Dozer 3,EACC,3,2,10,0,0,10
Dozer 3,EACC,3,3,10,0,0,10
Dozer 3,EACC,3,4,10,0,0,10
Dozer 3,EACC,3,5,8,2,20,10
Dozer 3,EACC,4,1,10,0,0,10
Dozer 3,EACC,4,2,10,0,0,10
Dozer 3,EACC,4,3,10,0,0,10
Dozer 3,EACC,4,4,10,0,0,10
Dozer 3,EACC,4,5,8,2,20,10
Dozer 3,EACC,5,1,10,0,0,10
Dozer 3,EACC,5,2,10,0,0,10
Dozer 3,EACC,5,3,10,0,0,10
Dozer 3,EACC,5,4,10,0,0,10
Dozer 3,EACC,5,5,10,0,0,10
Dozer 3,SACC,1,1,6,5,45,11
Dozer 3,SACC,1,2,6,5,45,11
Dozer 3,SACC,1,3,6,5,45,11
Dozer 3,SACC,1,4,11,0,0,11
Dozer 3,SACC,1,5,11,0,0,11
Dozer 3,SACC,2,1,6,5,45,11
Dozer 3,SACC,2,2,6,5,45,11
Dozer 3,SACC,2,3,6,5,45,11
Dozer 3,SACC,2,4,6,5,45,11
Dozer 3,SACC,2,5,11,0,0,11
Dozer 3,SACC,3,1,11,0,0,11
Dozer 3,SACC,3,2,11,0,0,11
Dozer 3,SACC,3,3,11,0,0,11
Dozer 3,SACC,3,4,9,2,18,11
Dozer 3,SACC,3,5,9,2,18,11
Dozer 3,SACC,4,1,11,0,0,11
Dozer 3,SACC,4,2,11,0,0,11
Dozer 3,SACC,4,3,11,0,0,11
Dozer 3,SACC,4,4,11,0,0,11
Dozer 3,SACC,4,5,11,0,0,11
Dozer 3,SACC,5,1,11,0,0,11
Dozer 3,SACC,5,2,11,0,0,11
Dozer 3,SACC,5,3,11,0,0,11
Dozer 3,SACC,5,4,11,0,0,11
Dozer 3,SACC,5,5,11,0,0,11
Dozer 4,AICC,1,1,0,0,0,0
Dozer 4,AICC,1,2,0,0,0,0
Dozer 4,AICC,1,3,0,0,0,0
Dozer 4,AICC,1,4,0,0,0,0
Dozer 4,AICC,1,5,0,0,0,0
Dozer 4,AICC,2,1,0,0,0,0
Dozer 4,AICC,2,2,0,0,0,0
Dozer 4,AICC,2,3,0,0,0,0
Dozer 4,AICC,2,4,0,0,0,0
Dozer 4,AICC,2,5,0,0,0,0
Dozer 4,AICC,3,1,0,0,0,0
Dozer 4,AICC,3,2,0,0,0,0
Dozer 4,AICC,3,3,0,0,0,0
Dozer 4,AICC,3,4,0,0,0,0
Dozer 4,AICC,3,5,0,0,0,0
Dozer 4,AICC,4,1,0,0,0,0
Dozer 4,AICC,4,2,0,0,0,0
Dozer 4,AICC,4,3,0,0,0,0
Dozer 4,AICC,4,4,0,0,0,0
Dozer 4,AICC,4,5,0,0,0,0
Dozer 4,AICC,5,1,0,0,0,0
Dozer 4,AICC,5,2,0,0,0,0
Dozer 4,AICC,5,3,0,0,0,0
Dozer 4,AICC,5,4,0,0,0,0
Dozer 4,AICC,5,5,0,0,0,0
Dozer 4,NWCC,1,1,0,0,0,0
Dozer 4,NWCC,1,2,0,0,0,0
Dozer 4,NWCC,1,3,0,0,0,0
Dozer 4,NWCC,1,4,0,0,0,0
Dozer 4,NWCC,1,5,0,0,0,0
Dozer 4,NWCC,2,1,0,0,0,0
Dozer 4,NWCC,2,2,0,0,0,0
Dozer 4,NWCC,2,3,0,0,0,0
Dozer 4,NWCC,2,4,0,0,0,0
Dozer 4,NWCC,2,5,0,0,0,0
Dozer 4,NWCC,3,1,0,0,0,0
Dozer 4,NWCC,3,2,0,0,0,0
Dozer 4,NWCC,3,3,0,0,0,0
Dozer 4,NWCC,3,4,0,0,0,0
Dozer 4,NWCC,3,5,0,0,0,0
Dozer 4,NWCC,4,1,0,0,0,0
Dozer 4,NWCC,4,2,0,0,0,0
Dozer 4,NWCC,4,3,0,0,0,0
Dozer 4,NWCC,4,4,0,0,0,0
Dozer 4,NWCC,4,5,0,0,0,0
Dozer 4,NWCC,5,1,0,0,0,0
Dozer 4,NWCC,5,2,0,0,0,0
Dozer 4,NWCC,5,3,0,0,0,0
Dozer 4,NWCC,5,4,0,0,0,0
Dozer 4,NWCC,5,5,0,0,0,0
Dozer 4,ONCC,1,1,0,0,0,0
Dozer 4,ONCC,1,2,0,0,0,0
Dozer 4,ONCC,1,3,0,0,0,0
Dozer 4,ONCC,1,4,0,0,0,0
Dozer 4,ONCC,1,5,0,0,0,0
Dozer 4,ONCC,2,1,0,0,0,0
Dozer 4,ONCC,2,2,0,0,0,0
Dozer 4,ONCC,2,3,0,0,0,0
Dozer 4,ONCC,2,4,0,0,0,0
Dozer 4,ONCC,2,5,0,0,0,0
Dozer 4,ONCC,3,1,0,0,0,0
Dozer 4,ONCC,3,2,0,0,0,0
Dozer 4,ONCC,3,3,0,0,0,0
Dozer 4,ONCC,3,4,0,0,0,0
Dozer 4,ONCC,3,5,0,0,0,0
Dozer 4,ONCC,4,1,0,0,0,0
Dozer 4,ONCC,4,2,0,0,0,0
Dozer 4,ONCC,4,3,0,0,0,0
Dozer 4,ONCC,4,4,0,0,0,0
Dozer 4,ONCC,4,5,0,0,0,0
Dozer 4,ONCC,5,1,0,0,0,0
Dozer 4,ONCC,5,2,0,0,0,0
Dozer 4,ONCC,5,3,0,0,0,0
Dozer 4,ONCC,5,4,0,0,0,0
Dozer 4,ONCC,5,5,0,0,0,0
Dozer 4,OSCC,1,1,0,0,0,0
Dozer 4,OSCC,1,2,0,0,0,0
Dozer 4,OSCC,1,3,0,0,0,0
Dozer 4,OSCC,1,4,0,0,0,0
Dozer 4,OSCC,1,5,0,0,0,0
Dozer 4,OSCC,2,1,0,0,0,0
Dozer 4,OSCC,2,2,0,0,0,0
Dozer 4,OSCC,2,3,0,0,0,0
Dozer 4,OSCC,2,4,0,0,0,0
Dozer 4,OSCC,2,5,0,0,0,0
Dozer 4,OSCC,3,1,0,0,0,0
Dozer 4,OSCC,3,2,0,0,0,0
Dozer 4,OSCC,3,3,0,0,0,0
Dozer 4,OSCC,3,4,0,0,0,0
Dozer 4,OSCC,3,5,0,0,0,0
Dozer 4,OSCC,4,1,0,0,0,0
Dozer 4,OSCC,4,2,0,0,0,0
Dozer 4,OSCC,4,3,0,0,0,0
Dozer 4,OSCC,4,4,0,0,0,0
Dozer 4,OSCC,4,5,0,0,0,0
Dozer 4,OSCC,5,1,0,0,0,0
Dozer 4,OSCC,5,2,0,0,0,0
Dozer 4,OSCC,5,3,0,0,0,0
Dozer 4,OSCC,5,4,0,0,0,0
Dozer 4,OSCC,5,5,0,0,0,0
Dozer 4,NRCC,1,1,0,0,0,0
Dozer 4,NRCC,1,2,0,0,0,0
Dozer 4,NRCC,1,3,0,0,0,0
Dozer 4,NRCC,1,4,0,0,0,0
Dozer 4,NRCC,1,5,0,0,0,0
Dozer 4,NRCC,2,1,0,0,0,0
Dozer 4,NRCC,2,2,0,0,0,0
Dozer 4,NRCC,2,3,0,0,0,0
Dozer 4,NRCC,2,4,0,0,0,0
Dozer 4,NRCC,2,5,0,0,0,0
Dozer 4,NRCC,3,1,0,0,0,0
Dozer 4,NRCC,3,2,0,0,0,0
Dozer 4,NRCC,3,3,0,0,0,0
Dozer 4,NRCC,3,4,0,0,0,0
Dozer 4,NRCC,3,5,0,0,0,0
Dozer 4,NRCC,4,1,0,0,0,0
Dozer 4,NRCC,4,2,0,0,0,0
Dozer 4,NRCC,4,3,0,0,0,0
Dozer 4,NRCC,4,4,0,0,0,0
Dozer 4,NRCC,4,5,0,0,0,0
Dozer 4,NRCC,5,1,0,0,0,0
Dozer 4,NRCC,5,2,0,0,0,0
Dozer 4,NRCC,5,3,0,0,0,0
Dozer 4,NRCC,5,4,0,0,0,0
Dozer 4,NRCC,5,5,0,0,0,0
Dozer 4,GBCC,1,1,0,0,0,0
Dozer 4,GBCC,1,2,0,0,0,0
Dozer 4,GBCC,1,3,0,0,0,0
Dozer 4,GBCC,1,4,0,0,0,0
Dozer 4,GBCC,1,5,0,0,0,0
Dozer 4,GBCC,2,1,0,0,0,0
Dozer 4,GBCC,2,2,0,0,0,0
Dozer 4,GBCC,2,3,0,0,0,0
Dozer 4,GBCC,2,4,0,0,0,0
Dozer 4,GBCC,2,5,0,0,0,0
Dozer 4,GBCC,3,1,0,0,0,0
Dozer 4,GBCC,3,2,0,0,0,0
Dozer 4,GBCC,3,3,0,0,0,0
Dozer 4,GBCC,3,4,0,0,0,0
Dozer 4,GBCC,3,5,0,0,0,0
Dozer 4,GBCC,4,1,0,0,0,0
Dozer 4,GBCC,4,2,0,0,0,0
Dozer 4,GBCC,4,3,0,0,0,0
Dozer 4,GBCC,4,4,0,0,0,0
Dozer 4,GBCC,4,5,0,0,0,0
Dozer 4,GBCC,5,1,0,0,0,0
Dozer 4,GBCC,5,2,0,0,0,0
Dozer 4,GBCC,5,3,0,0,0,0
Dozer 4,GBCC,5,4,0,0,0,0
Dozer 4,GBCC,5,5,0,0,0,0
Dozer 4,SWCC,1,1,0,0,0,0
Dozer 4,SWCC,1,2,0,0,0,0
Dozer 4,SWCC,1,3,0,0,0,0
Dozer 4,SWCC,1,4,0,0,0,0
Dozer 4,SWCC,1,5,0,0,0,0
Dozer 4,SWCC,2,1,0,0,0,0
Dozer 4,SWCC,2,2,0,0,0,0
Dozer 4,SWCC,2,3,0,0,0,0
Dozer 4,SWCC,2,4,0,0,0,0
Dozer 4,SWCC,2,5,0,0,0,0
Dozer 4,SWCC,3,1,0,0,0,0
Dozer 4,SWCC,3,2,0,0,0,0
Dozer 4,SWCC,3,3,0,0,0,0
Dozer 4,SWCC,3,4,0,0,0,0
Dozer 4,SWCC,3,5,0,0,0,0
Dozer 4,SWCC,4,1,0,0,0,0
Dozer 4,SWCC,4,2,0,0,0,0
Dozer 4,SWCC,4,3,0,0,0,0
Dozer 4,SWCC,4,4,0,0,0,0
Dozer 4,SWCC,4,5,0,0,0,0
Dozer 4,SWCC,5,1,0,0,0,0
Dozer 4,SWCC,5,2,0,0,0,0
Dozer 4,SWCC,5,3,0,0,0,0
Dozer 4,SWCC,5,4,0,0,0,0
Dozer 4,SWCC,5,5,0,0,0,0
Dozer 4,RMCC,1,1,0,0,0,0
Dozer 4,RMCC,1,2,0,0,0,0
Dozer 4,RMCC,1,3,0,0,0,0
Dozer 4,RMCC,1,4,0,0,0,0
Dozer 4,RMCC,1,5,0,0,0,0
Dozer 4,RMCC,2,1,0,0,0,0
Dozer 4,RMCC,2,2,0,0,0,0
Dozer 4,RMCC,2,3,0,0,0,0
Dozer 4,RMCC,2,4,0,0,0,0
Dozer 4,RMCC,2,5,0,0,0,0
Dozer 4,RMCC,3,1,0,0,0,0
Dozer 4,RMCC,3,2,0,0,0,0
Dozer 4,RMCC,3,3,0,0,0,0
Dozer 4,RMCC,3,4,0,0,0,0
Dozer 4,RMCC,3,5,0,0,0,0
Dozer 4,RMCC,4,1,0,0,0,0
Dozer 4,RMCC,4,2,0,0,0,0
Dozer 4,RMCC,4,3,0,0,0,0
Dozer 4,RMCC,4,4,0,0,0,0
Dozer 4,RMCC,4,5,0,0,0,0
Dozer 4,RMCC,5,1,0,0,0,0
Dozer 4,RMCC,5,2,0,0,0,0
Dozer 4,RMCC,5,3,0,0,0,0
Dozer 4,RMCC,5,4,0,0,0,0
Dozer 4,RMCC,5,5,0,0,0,0
Dozer 4,EACC,1,1,1,0,0,1
Dozer 4,EACC,1,2,1,0,0,1
Dozer 4,EACC,1,3,1,0,0,1
Dozer 4,EACC,1,4,1,0,0,1
Dozer 4,EACC,1,5,1,0,0,1
Dozer 4,EACC,2,1,1,0,0,1
Dozer 4,EACC,2,2,1,0,0,1
Dozer 4,EACC,2,3,1,0,0,1
Dozer 4,EACC,2,4,1,0,0,1
Dozer 4,EACC,2,5,1,0,0,1
Dozer 4,EACC,3,1,1,0,0,1
Dozer 4,EACC,3,2,1,0,0,1
Dozer 4,EACC,3,3,1,0,0,1
Dozer 4,EACC,3,4,1,0,0,1
Dozer 4,EACC,3,5,1,0,0,1
Dozer 4,EACC,4,1,1,0,0,1
Dozer 4,EACC,4,2,1,0,0,1
Dozer 4,EACC,4,3,1,0,0,1
Dozer 4,EACC,4,4,1,0,0,1
Dozer 4,EACC,4,5,1,0,0,1
Dozer 4,EACC,5,1,1,0,0,1
Dozer 4,EACC,5,2,1,0,0,1
Dozer 4,EACC,5,3,1,0,0,1
Dozer 4,EACC,5,4,1,0,0,1
Dozer 4,EACC,5,5,1,0,0,1
Dozer 4,SACC,1,1,3,2,40,5
Dozer 4,SACC,1,2,5,0,0,5
Dozer 4,SACC,1,3,5,0,0,5
Dozer 4,SACC,1,4,5,0,0,5
Dozer 4,SACC,1,5,5,0,0,5
Dozer 4,SACC,2,1,3,2,40,5
Dozer 4,SACC,2,2,5,0,0,5
Dozer 4,SACC,2,3,3,2,40,5
Dozer 4,SACC,2,4,5,0,0,5
Dozer 4,SACC,2,5,5,0,0,5
Dozer 4,SACC,3,1,5,0,0,5
Dozer 4,SACC,3,2,5,0,0,5
Dozer 4,SACC,3,3,5,0,0,5
Dozer 4,SACC,3,4,5,0,0,5
Dozer 4,SACC,3,5,5,0,0,5
Dozer 4,SACC,4,1,5,0,0,5
Dozer 4,SACC,4,2,5,0,0,5
Dozer 4,SACC,4,3,5,0,0,5
Dozer 4,SACC,4,4,4,1,20,5
Dozer 4,SACC,4,5,4,1,20,5
Dozer 4,SACC,5,1,5,0,0,5
Dozer 4,SACC,5,2,5,0,0,5
Dozer 4,SACC,5,3,5,0,0,5
Dozer 4,SACC,5,4,5,0,0,5
Dozer 4,SACC,5,5,5,0,0,5
Module 1,AICC,1,1,0,0,0,0
Module 1,AICC,1,2,0,0,0,0
Module 1,AICC,1,3,0,0,0,0
Module 1,AICC,1,4,0,0,0,0
Module 1,AICC,1,5,0,0,0,0
Module 1,AICC,2,1,0,0,0,0
Module 1,AICC,2,2,0,0,0,0
Module 1,AICC,2,3,0,0,0,0
Module 1,AICC,2,4,0,0,0,0
Module 1,AICC,2,5,0,0,0,0
Module 1,AICC,3,1,0,0,0,0
Module 1,AICC,3,2,0,0,0,0
Module 1,AICC,3,3,0,0,0,0
Module 1,AICC,3,4,0,0,0,0
Module 1,AICC,3,5,0,0,0,0
Module 1,AICC,4,1,0,0,0,0
Module 1,AICC,4,2,0,0,0,0
Module 1,AICC,4,3,0,0,0,0
Module 1,AICC,4,4,0,0,0,0
Module 1,AICC,4,5,0,0,0,0
Module 1,AICC,5,1,0,0,0,0
Module 1,AICC,5,2,0,0,0,0
Module 1,AICC,5,3,0,0,0,0
Module 1,AICC,5,4,0,0,0,0
Module 1,AICC,5,5,0,0,0,0
Module 1,NWCC,1,1,1,0,0,1
Module 1,NWCC,1,2,1,0,0,1
Module 1,NWCC,1,3,1,0,0,1
Module 1,NWCC,1,4,1,0,0,1
Module 1,NWCC,1,5,1,0,0,1
Module 1,NWCC,2,1,1,0,0,1
Module 1,NWCC,2,2,1,0,0,1
Module 1,NWCC,2,3,1,0,0,1
Module 1,NWCC,2,4,1,0,0,1
Module 1,NWCC,2,5,1,0,0,1
Module 1,NWCC,3,1,1,0,0,1
Module 1,NWCC,3,2,1,0,0,1
Module 1,NWCC,3,3,1,0,0,1
Module 1,NWCC,3,4,1,0,0,1
Module 1,NWCC,3,5,1,0,0,1
Module 1,NWCC,4,1,1,0,0,1
Module 1,NWCC,4,2,1,0,0,1
Module 1,NWCC,4,3,1,0,0,1
Module 1,NWCC,4,4,1,0,0,1
Module 1,NWCC,4,5,1,0,0,1
Module 1,NWCC,5,1,1,0,0,1
Module 1,NWCC,5,2,1,0,0,1
Module 1,NWCC,5,3,1,0,0,1
Module 1,NWCC,5,4,1,0,0,1
Module 1,NWCC,5,5,1,0,0,1
Module 1,ONCC,1,1,1,0,0,1
Module 1,ONCC,1,2,1,0,0,1
Module 1,ONCC,1,3,1,0,0,1
Module 1,ONCC,1,4,1,0,0,1
Module 1,ONCC,1,5,1,0,0,1
Module 1,ONCC,2,1,1,0,0,1
Module 1,ONCC,2,2,1,0,0,1
Module 1,ONCC,2,3,1,0,0,1
Module 1,ONCC,2,4,1,0,0,1
Module 1,ONCC,2,5,1,0,0,1
Module 1,ONCC,3,1,1,0,0,1
Module 1,ONCC,3,2,1,0,0,1
Module 1,ONCC,3,3,1,0,0,1
Module 1,ONCC,3,4,1,0,0,1
Module 1,ONCC,3,5,1,0,0,1
Module 1,ONCC,4,1,1,0,0,1
Module 1,ONCC,4,2,1,0,0,1
Module 1,ONCC,4,3,1,0,0,1
Module 1,ONCC,4,4,1,0,0,1
Module 1,ONCC,4,5,1,0,0,1
Module 1,ONCC,5,1,1,0,0,1
Module 1,ONCC,5,2,1,0,0,1
Module 1,ONCC,5,3,1,0,0,1
Module 1,ONCC,5,4,1,0,0,1
Module 1,ONCC,5,5,1,0,0,1
Module 1,OSCC,1,1,0,0,0,0
Module 1,OSCC,1,2,0,0,0,0
Module 1,OSCC,1,3,0,0,0,0
Module 1,OSCC,1,4,0,0,0,0
Module 1,OSCC,1,5,0,0,0,0
Module 1,OSCC,2,1,0,0,0,0
Module 1,OSCC,2,2,0,0,0,0
Module 1,OSCC,2,3,0,0,0,0
Module 1,OSCC,2,4,0,0,0,0
Module 1,OSCC,2,5,0,0,0,0
Module 1,OSCC,3,1,0,0,0,0
Module 1,OSCC,3,2,0,0,0,0
Module 1,OSCC,3,3,0,0,0,0
Module 1,OSCC,3,4,0,0,0,0
Module 1,OSCC,3,5,0,0,0,0
Module 1,OSCC,4,1,0,0,0,0
Module 1,OSCC,4,2,0,0,0,0
Module 1,OSCC,4,3,0,0,0,0
Module 1,OSCC,4,4,0,0,0,0
Module 1,OSCC,4,5,0,0,0,0
Module 1,OSCC,5,1,0,0,0,0
Module 1,OSCC,5,2,0,0,0,0
Module 1,OSCC,5,3,0,0,0,0
Module 1,OSCC,5,4,0,0,0,0
Module 1,OSCC,5,5,0,0,0,0
Module 1,NRCC,1,1,1,0,0,1
Module 1,NRCC,1,2,1,0,0,1
Module 1,NRCC,1,3,1,0,0,1
Module 1,NRCC,1,4,1,0,0,1
Module 1,NRCC,1,5,1,0,0,1
Module 1,NRCC,2,1,1,0,0,1
Module 1,NRCC,2,2,1,0,0,1
Module 1,NRCC,2,3,1,0,0,1
Module 1,NRCC,2,4,1,0,0,1
Module 1,NRCC,2,5,1,0,0,1
Module 1,NRCC,3,1,1,0,0,1
Module 1,NRCC,3,2,1,0,0,1
Module 1,NRCC,3,3,1,0,0,1
Module 1,NRCC,3,4,1,0,0,1
Module 1,NRCC,3,5,1,0,0,1
Module 1,NRCC,4,1,1,0,0,1
Module 1,NRCC,4,2,1,0,0,1
Module 1,NRCC,4,3,1,0,0,1
Module 1,NRCC,4,4,1,0,0,1
Module 1,NRCC,4,5,1,0,0,1
Module 1,NRCC,5,1,1,0,0,1
Module 1,NRCC,5,2,1,0,0,1
Module 1,NRCC,5,3,1,0,0,1
Module 1,NRCC,5,4,1,0,0,1
Module 1,NRCC,5,5,1,0,0,1
Module 1,GBCC,1,1,2,1,33,3
Module 1,GBCC,1,2,2,1,33,3
Module 1,GBCC,1,3,2,1,33,3
Module 1,GBCC,1,4,3,0,0,3
Module 1,GBCC,1,5,3,0,0,3
Module 1,GBCC,2,1,2,1,33,3
Module 1,GBCC,2,2,2,1,33,3
Module 1,GBCC,2,3,3,0,0,3
Module 1,GBCC,2,4,2,1,33,3
Module 1,GBCC,2,5,2,1,33,3
Module 1,GBCC,3,1,3,0,0,3
Module 1,GBCC,3,2,3,0,0,3
Module 1,GBCC,3,3,3,0,0,3
Module 1,GBCC,3,4,3,0,0,3
Module 1,GBCC,3,5,3,0,0,3
Module 1,GBCC,4,1,3,0,0,3
Module 1,GBCC,4,2,3,0,0,3
Module 1,GBCC,4,3,3,0,0,3
Module 1,GBCC,4,4,3,0,0,3
Module 1,GBCC,4,5,3,0,0,3
Module 1,GBCC,5,1,3,0,0,3
Module 1,GBCC,5,2,3,0,0,3
Module 1,GBCC,5,3,3,0,0,3
Module 1,GBCC,5,4,3,0,0,3
Module 1,GBCC,5,5,3,0,0,3
Module 1,SWCC,1,1,0,0,0,0
Module 1,SWCC,1,2,0,0,0,0
Module 1,SWCC,1,3,0,0,0,0
Module 1,SWCC,1,4,0,0,0,0
Module 1,SWCC,1,5,0,0,0,0
Module 1,SWCC,2,1,0,0,0,0
Module 1,SWCC,2,2,0,0,0,0
Module 1,SWCC,2,3,0,0,0,0
Module 1,SWCC,2,4,0,0,0,0
Module 1,SWCC,2,5,0,0,0,0
Module 1,SWCC,3,1,0,0,0,0
Module 1,SWCC,3,2,0,0,0,0
Module 1,SWCC,3,3,0,0,0,0
Module 1,SWCC,3,4,0,0,0,0
Module 1,SWCC,3,5,0,0,0,0
Module 1,SWCC,4,1,0,0,0,0
Module 1,SWCC,4,2,0,0,0,0
Module 1,SWCC,4,3,0,0,0,0
Module 1,SWCC,4,4,0,0,0,0
Module 1,SWCC,4,5,0,0,0,0
Module 1,SWCC,5,1,0,0,0,0
Module 1,SWCC,5,2,0,0,0,0
Module 1,SWCC,5,3,0,0,0,0
Module 1,SWCC,5,4,0,0,0,0
Module 1,SWCC,5,5,0,0,0,0
Module 1,RMCC,1,1,1,1,50,2
Module 1,RMCC,1,2,1,1,50,2
Module 1,RMCC,1,3,2,0,0,2
Module 1,RMCC,1,4,1,1,50,2
Module 1,RMCC,1,5,2,0,0,2
Module 1,RMCC,2,1,1,1,50,2
Module 1,RMCC,2,2,1,1,50,2
Module 1,RMCC,2,3,1,1,50,2
Module 1,RMCC,2,4,1,1,50,2
Module 1,RMCC,2,5,1,1,50,2
Module 1,RMCC,3,1,2,0,0,2
Module 1,RMCC,3,2,2,0,0,2
Module 1,RMCC,3,3,2,0,0,2
Module 1,RMCC,3,4,2,0,0,2
Module 1,RMCC,3,5,2,0,0,2
Module 1,RMCC,4,1,2,0,0,2
Module 1,RMCC,4,2,2,0,0,2
Module 1,RMCC,4,3,2,0,0,2
Module 1,RMCC,4,4,2,0,0,2
Module 1,RMCC,4,5,2,0,0,2
Module 1,RMCC,5,1,2,0,0,2
Module 1,RMCC,5,2,2,0,0,2
Module 1,RMCC,5,3,2,0,0,2
Module 1,RMCC,5,4,2,0,0,2
Module 1,RMCC,5,5,2,0,0,2
Module 1,EACC,1,1,1,0,0,1
Module 1,EACC,1,2,1,0,0,1
Module 1,EACC,1,3,1,0,0,1
Module 1,EACC,1,4,1,0,0,1
Module 1,EACC,1,5,1,0,0,1
Module 1,EACC,2,1,1,0,0,1
Module 1,EACC,2,2,1,0,0,1
Module 1,EACC,2,3,1,0,0,1
Module 1,EACC,2,4,1,0,0,1
Module 1,EACC,2,5,1,0,0,1
Module 1,EACC,3,1,1,0,0,1
Module 1,EACC,3,2,1,0,0,1
Module 1,EACC,3,3,1,0,0,1
Module 1,EACC,3,4,1,0,0,1
Module 1,EACC,3,5,1,0,0,1
Module 1,EACC,4,1,1,0,0,1
Module 1,EACC,4,2,1,0,0,1
Module 1,EACC,4,3,1,0,0,1
Module 1,EACC,4,4,1,0,0,1
Module 1,EACC,4,5,1,0,0,1
Module 1,EACC,5,1,1,0,0,1
Module 1,EACC,5,2,1,0,0,1
Module 1,EACC,5,3,1,0,0,1
Module 1,EACC,5,4,1,0,0,1
Module 1,EACC,5,5,1,0,0,1
Module 1,SACC,1,1,0,0,0,0
Module 1,SACC,1,2,0,0,0,0
Module 1,SACC,1,3,0,0,0,0
Module 1,SACC,1,4,0,0,0,0
Module 1,SACC,1,5,0,0,0,0
Module 1,SACC,2,1,0,0,0,0
Module 1,SACC,2,2,0,0,0,0
Module 1,SACC,2,3,0,0,0,0
Module 1,SACC,2,4,0,0,0,0
Module 1,SACC,2,5,0,0,0,0
Module 1,SACC,3,1,0,0,0,0
Module 1,SACC,3,2,0,0,0,0
Module 1,SACC,3,3,0,0,0,0
Module 1,SACC,3,4,0,0,0,0
Module 1,SACC,3,5,0,0,0,0
Module 1,SACC,4,1,0,0,0,0
Module 1,SACC,4,2,0,0,0,0
Module 1,SACC,4,3,0,0,0,0
Module 1,SACC,4,4,0,0,0,0
Module 1,SACC,4,5,0,0,0,0
Module 1,SACC,5,1,0,0,0,0
Module 1,SACC,5,2,0,0,0,0
Module 1,SACC,5,3,0,0,0,0
Module 1,SACC,5,4,0,0,0,0
Module 1,SACC,5,5,0,0,0,0
Module 2,AICC,1,1,0,0,0,0
Module 2,AICC,1,2,0,0,0,0
Module 2,AICC,1,3,0,0,0,0
Module 2,AICC,1,4,0,0,0,0
Module 2,AICC,1,5,0,0,0,0
Module 2,AICC,2,1,0,0,0,0
Module 2,AICC,2,2,0,0,0,0
Module 2,AICC,2,3,0,0,0,0
Module 2,AICC,2,4,0,0,0,0
Module 2,AICC,2,5,0,0,0,0
Module 2,AICC,3,1,0,0,0,0
Module 2,AICC,3,2,0,0,0,0
Module 2,AICC,3,3,0,0,0,0
Module 2,AICC,3,4,0,0,0,0
Module 2,AICC,3,5,0,0,0,0
Module 2,AICC,4,1,0,0,0,0
Module 2,AICC,4,2,0,0,0,0
Module 2,AICC,4,3,0,0,0,0
Module 2,AICC,4,4,0,0,0,0
Module 2,AICC,4,5,0,0,0,0
Module 2,AICC,5,1,0,0,0,0
Module 2,AICC,5,2,0,0,0,0
Module 2,AICC,5,3,0,0,0,0
Module 2,AICC,5,4,0,0,0,0
Module 2,AICC,5,5,0,0,0,0
Module 2,NWCC,1,1,2,2,50,4
Module 2,NWCC,1,2,2,2,50,4
Module 2,NWCC,1,3,2,2,50,4
Module 2,NWCC,1,4,2,2,50,4
Module 2,NWCC,1,5,2,2,50,4
Module 2,NWCC,2,1,2,2,50,4
Module 2,NWCC,2,2,2,2,50,4
Module 2,NWCC,2,3,2,2,50,4
Module 2,NWCC,2,4,4,0,0,4
Module 2,NWCC,2,5,4,0,0,4
Module 2,NWCC,3,1,4,0,0,4
Module 2,NWCC,3,2,4,0,0,4
Module 2,NWCC,3,3,3,1,25,4
Module 2,NWCC,3,4,4,0,0,4
Module 2,NWCC,3,5,4,0,0,4
Module 2,NWCC,4,1,4,0,0,4
Module 2,NWCC,4,2,4,0,0,4
Module 2,NWCC,4,3,4,0,0,4
Module 2,NWCC,4,4,4,0,0,4
Module 2,NWCC,4,5,4,0,0,4
Module 2,NWCC,5,1,4,0,0,4
Module 2,NWCC,5,2,4,0,0,4
Module 2,NWCC,5,3,4,0,0,4
Module 2,NWCC,5,4,4,0,0,4
Module 2,NWCC,5,5,4,0,0,4
Module 2,ONCC,1,1,2,1,33,3
Module 2,ONCC,1,2,2,1,33,3
Module 2,ONCC,1,3,2,1,33,3
Module 2,ONCC,1,4,2,1,33,3
Module 2,ONCC,1,5,3,0,0,3
Module 2,ONCC,2,1,2,1,33,3
Module 2,ONCC,2,2,3,0,0,3
Module 2,ONCC,2,3,2,1,33,3
Module 2,ONCC,2,4,2,1,33,3
Module 2,ONCC,2,5,3,0,0,3
Module 2,ONCC,3,1,3,0,0,3
Module 2,ONCC,3,2,3,0,0,3
Module 2,ONCC,3,3,3,0,0,3
Module 2,ONCC,3,4,3,0,0,3
Module 2,ONCC,3,5,3,0,0,3
Module 2,ONCC,4,1,3,0,0,3
Module 2,ONCC,4,2,3,0,0,3
Module 2,ONCC,4,3,3,0,0,3
Module 2,ONCC,4,4,3,0,0,3
Module 2,ONCC,4,5,3,0,0,3
Module 2,ONCC,5,1,3,0,0,3
Module 2,ONCC,5,2,3,0,0,3
Module 2,ONCC,5,3,3,0,0,3
Module 2,ONCC,5,4,3,0,0,3
Module 2,ONCC,5,5,3,0,0,3
Module 2,OSCC,1,1,2,2,50,4
Module 2,OSCC,1,2,2,2,50,4
Module 2,OSCC,1,3,2,2,50,4
Module 2,OSCC,1,4,4,0,0,4
Module 2,OSCC,1,5,4,0,0,4
Module 2,OSCC,2,1,2,2,50,4
Module 2,OSCC,2,2,4,0,0,4
Module 2,OSCC,2,3,2,2,50,4
Module 2,OSCC,2,4,4,0,0,4
Module 2,OSCC,2,5,4,0,0,4
Module 2,OSCC,3,1,4,0,0,4
Module 2,OSCC,3,2,4,0,0,4
Module 2,OSCC,3,3,3,1,25,4
Module 2,OSCC,3,4,3,1,25,4
Module 2,OSCC,3,5,3,1,25,4
Module 2,OSCC,4,1,4,0,0,4
Module 2,OSCC,4,2,4,0,0,4
Module 2,OSCC,4,3,4,0,0,4
Module 2,OSCC,4,4,3,1,25,4
Module 2,OSCC,4,5,3,1,25,4
Module 2,OSCC,5,1,4,0,0,4
Module 2,OSCC,5,2,4,0,0,4
Module 2,OSCC,5,3,4,0,0,4
Module 2,OSCC,5,4,4,0,0,4
Module 2,OSCC,5,5,4,0,0,4
Module 2,NRCC,1,1,2,1,33,3
Module 2,NRCC,1,2,2,1,33,3
Module 2,NRCC,1,3,2,1,33,3
Module 2,NRCC,1,4,3,0,0,3
Module 2,NRCC,1,5,3,0,0,3
Module 2,NRCC,2,1,2,1,33,3
Module 2,NRCC,2,2,2,1,33,3
Module 2,NRCC,2,3,2,1,33,3
Module 2,NRCC,2,4,3,0,0,3
Module 2,NRCC,2,5,3,0,0,3
Module 2,NRCC,3,1,3,0,0,3
Module 2,NRCC,3,2,3,0,0,3
Module 2,NRCC,3,3,3,0,0,3
Module 2,NRCC,3,4,3,0,0,3
Module 2,NRCC,3,5,3,0,0,3
Module 2,NRCC,4,1,3,0,0,3
Module 2,NRCC,4,2,3,0,0,3
Module 2,NRCC,4,3,3,0,0,3
Module 2,NRCC,4,4,3,0,0,3
Module 2,NRCC,4,5,3,0,0,3
Module 2,NRCC,5,1,3,0,0,3
Module 2,NRCC,5,2,3,0,0,3
Module 2,NRCC,5,3,3,0,0,3
Module 2,NRCC,5,4,3,0,0,3
Module 2,NRCC,5,5,3,0,0,3
Module 2,GBCC,1,1,3,2,40,5
Module 2,GBCC,1,2,3,2,40,5
Module 2,GBCC,1,3,3,2,40,5
Module 2,GBCC,1,4,5,0,0,5
Module 2,GBCC,1,5,3,2,40,5
Module 2,GBCC,2,1,3,2,40,5
Module 2,GBCC,2,2,5,0,0,5
Module 2,GBCC,2,3,3,2,40,5
Module 2,GBCC,2,4,3,2,40,5
Module 2,GBCC,2,5,5,0,0,5
Module 2,GBCC,3,1,5,0,0,5
Module 2,GBCC,3,2,5,0,0,5
Module 2,GBCC,3,3,5,0,0,5
Module 2,GBCC,3,4,5,0,0,5
Module 2,GBCC,3,5,4,1,20,5
Module 2,GBCC,4,1,5,0,0,5
Module 2,GBCC,4,2,5,0,0,5
Module 2,GBCC,4,3,5,0,0,5
Module 2,GBCC,4,4,4,1,20,5
Module 2,GBCC,4,5,5,0,0,5
Module 2,GBCC,5,1,5,0,0,5
Module 2,GBCC,5,2,5,0,0,5
Module 2,GBCC,5,3,5,0,0,5
Module 2,GBCC,5,4,5,0,0,5
Module 2,GBCC,5,5,5,0,0,5
Module 2,SWCC,1,1,1,1,50,2
Module 2,SWCC,1,2,1,1,50,2
Module 2,SWCC,1,3,2,0,0,2
Module 2,SWCC,1,4,1,1,50,2
Module 2,SWCC,1,5,1,1,50,2
Module 2,SWCC,2,1,1,1,50,2
Module 2,SWCC,2,2,1,1,50,2
Module 2,SWCC,2,3,2,0,0,2
Module 2,SWCC,2,4,2,0,0,2
Module 2,SWCC,2,5,2,0,0,2
Module 2,SWCC,3,1,2,0,0,2
Module 2,SWCC,3,2,2,0,0,2
Module 2,SWCC,3,3,2,0,0,2
Module 2,SWCC,3,4,2,0,0,2
Module 2,SWCC,3,5,2,0,0,2
Module 2,SWCC,4,1,2,0,0,2
Module 2,SWCC,4,2,2,0,0,2
Module 2,SWCC,4,3,2,0,0,2
Module 2,SWCC,4,4,2,0,0,2
Module 2,SWCC,4,5,2,0,0,2
Module 2,SWCC,5,1,2,0,0,2
Module 2,SWCC,5,2,2,0,0,2
Module 2,SWCC,5,3,2,0,0,2
Module 2,SWCC,5,4,2,0,0,2
Module 2,SWCC,5,5,2,0,0,2
Module 2,RMCC,1,1,2,2,50,4
Module 2,RMCC,1,2,2,2,50,4
Module 2,RMCC,1,3,4,0,0,4
Module 2,RMCC,1,4,4,0,0,4
Module 2,RMCC,1,5,4,0,0,4
Module 2,RMCC,2,1,2,2,50,4
Module 2,RMCC,2,2,2,2,50,4
Module 2,RMCC,2,3,2,2,50,4
Module 2,RMCC,2,4,2,2,50,4
Module 2,RMCC,2,5,2,2,50,4
Module 2,RMCC,3,1,4,0,0,4
Module 2,RMCC,3,2,4,0,0,4
Module 2,RMCC,3,3,3,1,25,4
Module 2,RMCC,3,4,3,1,25,4
Module 2,RMCC,3,5,3,1,25,4
Module 2,RMCC,4,1,4,0,0,4
Module 2,RMCC,4,2,4,0,0,4
Module 2,RMCC,4,3,4,0,0,4
Module 2,RMCC,4,4,3,1,25,4
Module 2,RMCC,4,5,4,0,0,4
Module 2,RMCC,5,1,4,0,0,4
Module 2,RMCC,5,2,4,0,0,4
Module 2,RMCC,5,3,4,0,0,4
Module 2,RMCC,5,4,4,0,0,4
Module 2,RMCC,5,5,4,0,0,4
Module 2,EACC,1,1,1,0,0,1
Module 2,EACC,1,2,1,0,0,1
Module 2,EACC,1,3,1,0,0,1
Module 2,EACC,1,4,1,0,0,1
Module 2,EACC,1,5,1,0,0,1
Module 2,EACC,2,1,1,0,0,1
Module 2,EACC,2,2,1,0,0,1
Module 2,EACC,2,3,1,0,0,1
Module 2,EACC,2,4,1,0,0,1
Module 2,EACC,2,5,1,0,0,1
Module 2,EACC,3,1,1,0,0,1
Module 2,EACC,3,2,1,0,0,1
Module 2,EACC,3,3,1,0,0,1
Module 2,EACC,3,4,1,0,0,1
Module 2,EACC,3,5,1,0,0,1
Module 2,EACC,4,1,1,0,0,1
Module 2,EACC,4,2,1,0,0,1
Module 2,EACC,4,3,1,0,0,1
Module 2,EACC,4,4,1,0,0,1
Module 2,EACC,4,5,1,0,0,1
Module 2,EACC,5,1,1,0,0,1
Module 2,EACC,5,2,1,0,0,1
Module 2,EACC,5,3,1,0,0,1
Module 2,EACC,5,4,1,0,0,1
Module 2,EACC,5,5,1,0,0,1
Module 2,SACC,1,1,0,0,0,0
Module 2,SACC,1,2,0,0,0,0
Module 2,SACC,1,3,0,0,0,0
Module 2,SACC,1,4,0,0,0,0
Module 2,SACC,1,5,0,0,0,0
Module 2,SACC,2,1,0,0,0,0
Module 2,SACC,2,2,0,0,0,0
Module 2,SACC,2,3,0,0,0,0
Module 2,SACC,2,4,0,0,0,0
Module 2,SACC,2,5,0,0,0,0
Module 2,SACC,3,1,0,0,0,0
Module 2,SACC,3,2,0,0,0,0
Module 2,SACC,3,3,0,0,0,0
Module 2,SACC,3,4,0,0,0,0
Module 2,SACC,3,5,0,0,0,0
Module 2,SACC,4,1,0,0,0,0
Module 2,SACC,4,2,0,0,0,0
Module 2,SACC,4,3,0,0,0,0
Module 2,SACC,4,4,0,0,0,0
Module 2,SACC,4,5,0,0,0,0
Module 2,SACC,5,1,0,0,0,0
Module 2,SACC,5,2,0,0,0,0
Module 2,SACC,5,3,0,0,0,0
Module 2,SACC,5,4,0,0,0,0
Module 2,SACC,5,5,0,0,0,0
Water 1,AICC,1,1,0,0,0,0
Water 1,AICC,1,2,0,0,0,0
Water 1,AICC,1,3,0,0,0,0
Water 1,AICC,1,4,0,0,0,0
Water 1,AICC,1,5,0,0,0,0
Water 1,AICC,2,1,0,0,0,0
Water 1,AICC,2,2,0,0,0,0
Water 1,AICC,2,3,0,0,0,0
Water 1,AICC,2,4,0,0,0,0
Water 1,AICC,2,5,0,0,0,0
Water 1,AICC,3,1,0,0,0,0
Water 1,AICC,3,2,0,0,0,0
Water 1,AICC,3,3,0,0,0,0
Water 1,AICC,3,4,0,0,0,0
Water 1,AICC,3,5,0,0,0,0
Water 1,AICC,4,1,0,0,0,0
Water 1,AICC,4,2,0,0,0,0
Water 1,AICC,4,3,0,0,0,0
Water 1,AICC,4,4,0,0,0,0
Water 1,AICC,4,5,0,0,0,0
Water 1,AICC,5,1,0,0,0,0
Water 1,AICC,5,2,0,0,0,0
Water 1,AICC,5,3,0,0,0,0
Water 1,AICC,5,4,0,0,0,0
Water 1,AICC,5,5,0,0,0,0
Water 1,NWCC,1,1,1,0,0,1
Water 1,NWCC,1,2,1,0,0,1
Water 1,NWCC,1,3,1,0,0,1
Water 1,NWCC,1,4,1,0,0,1
Water 1,NWCC,1,5,1,0,0,1
Water 1,NWCC,2,1,1,0,0,1
Water 1,NWCC,2,2,1,0,0,1
Water 1,NWCC,2,3,1,0,0,1
Water 1,NWCC,2,4,1,0,0,1
Water 1,NWCC,2,5,1,0,0,1
Water 1,NWCC,3,1,1,0,0,1
Water 1,NWCC,3,2,1,0,0,1
Water 1,NWCC,3,3,1,0,0,1
Water 1,NWCC,3,4,1,0,0,1
Water 1,NWCC,3,5,1,0,0,1
Water 1,NWCC,4,1,1,0,0,1
Water 1,NWCC,4,2,1,0,0,1
Water 1,NWCC,4,3,1,0,0,1
Water 1,NWCC,4,4,1,0,0,1
Water 1,NWCC,4,5,1,0,0,1
Water 1,NWCC,5,1,1,0,0,1
Water 1,NWCC,5,2,1,0,0,1
Water 1,NWCC,5,3,1,0,0,1
Water 1,NWCC,5,4,1,0,0,1
Water 1,NWCC,5,5,1,0,0,1
Water 1,ONCC,1,1,1,0,0,1
Water 1,ONCC,1,2,1,0,0,1
Water 1,ONCC,1,3,1,0,0,1
Water 1,ONCC,1,4,1,0,0,1
Water 1,ONCC,1,5,1,0,0,1
Water 1,ONCC,2,1,1,0,0,1
Water 1,ONCC,2,2,1,0,0,1
Water 1,ONCC,2,3,1,0,0,1
Water 1,ONCC,2,4,1,0,0,1
Water 1,ONCC,2,5,1,0,0,1
Water 1,ONCC,3,1,1,0,0,1
Water 1,ONCC,3,2,1,0,0,1
Water 1,ONCC,3,3,1,0,0,1
Water 1,ONCC,3,4,1,0,0,1
Water 1,ONCC,3,5,1,0,0,1
Water 1,ONCC,4,1,1,0,0,1
Water 1,ONCC,4,2,1,0,0,1
Water 1,ONCC,4,3,1,0,0,1
Water 1,ONCC,4,4,1,0,0,1
Water 1,ONCC,4,5,1,0,0,1
Water 1,ONCC,5,1,1,0,0,1
Water 1,ONCC,5,2,1,0,0,1
Water 1,ONCC,5,3,1,0,0,1
Water 1,ONCC,5,4,1,0,0,1
Water 1,ONCC,5,5,1,0,0,1
Water 1,OSCC,1,1,0,0,0,0
Water 1,OSCC,1,2,0,0,0,0
Water 1,OSCC,1,3,0,0,0,0
Water 1,OSCC,1,4,0,0,0,0
Water 1,OSCC,1,5,0,0,0,0
Water 1,OSCC,2,1,0,0,0,0
Water 1,OSCC,2,2,0,0,0,0
Water 1,OSCC,2,3,0,0,0,0
Water 1,OSCC,2,4,0,0,0,0
Water 1,OSCC,2,5,0,0,0,0
Water 1,OSCC,3,1,0,0,0,0
Water 1,OSCC,3,2,0,0,0,0
Water 1,OSCC,3,3,0,0,0,0
Water 1,OSCC,3,4,0,0,0,0
Water 1,OSCC,3,5,0,0,0,0
Water 1,OSCC,4,1,0,0,0,0
Water 1,OSCC,4,2,0,0,0,0
Water 1,OSCC,4,3,0,0,0,0
Water 1,OSCC,4,4,0,0,0,0
Water 1,OSCC,4,5,0,0,0,0
Water 1,OSCC,5,1,0,0,0,0
Water 1,OSCC,5,2,0,0,0,0
Water 1,OSCC,5,3,0,0,0,0
Water 1,OSCC,5,4,0,0,0,0
Water 1,OSCC,5,5,0,0,0,0
Water 1,NRCC,1,1,0,0,0,0
Water 1,NRCC,1,2,0,0,0,0
Water 1,NRCC,1,3,0,0,0,0
Water 1,NRCC,1,4,0,0,0,0
Water 1,NRCC,1,5,0,0,0,0
Water 1,NRCC,2,1,0,0,0,0
Water 1,NRCC,2,2,0,0,0,0
Water 1,NRCC,2,3,0,0,0,0
Water 1,NRCC,2,4,0,0,0,0
Water 1,NRCC,2,5,0,0,0,0
Water 1,NRCC,3,1,0,0,0,0
Water 1,NRCC,3,2,0,0,0,0
Water 1,NRCC,3,3,0,0,0,0
Water 1,NRCC,3,4,0,0,0,0
Water 1,NRCC,3,5,0,0,0,0
Water 1,NRCC,4,1,0,0,0,0
Water 1,NRCC,4,2,0,0,0,0
Water 1,NRCC,4,3,0,0,0,0
Water 1,NRCC,4,4,0,0,0,0
Water 1,NRCC,4,5,0,0,0,0
Water 1,NRCC,5,1,0,0,0,0
Water 1,NRCC,5,2,0,0,0,0
Water 1,NRCC,5,3,0,0,0,0
Water 1,NRCC,5,4,0,0,0,0
Water 1,NRCC,5,5,0,0,0,0
Water 1,GBCC,1,1,0,0,0,0
Water 1,GBCC,1,2,0,0,0,0
Water 1,GBCC,1,3,0,0,0,0
Water 1,GBCC,1,4,0,0,0,0
Water 1,GBCC,1,5,0,0,0,0
Water 1,GBCC,2,1,0,0,0,0
Water 1,GBCC,2,2,0,0,0,0
Water 1,GBCC,2,3,0,0,0,0
Water 1,GBCC,2,4,0,0,0,0
Water 1,GBCC,2,5,0,0,0,0
Water 1,GBCC,3,1,0,0,0,0
Water 1,GBCC,3,2,0,0,0,0
Water 1,GBCC,3,3,0,0,0,0
Water 1,GBCC,3,4,0,0,0,0
Water 1,GBCC,3,5,0,0,0,0
Water 1,GBCC,4,1,0,0,0,0
Water 1,GBCC,4,2,0,0,0,0
Water 1,GBCC,4,3,0,0,0,0
Water 1,GBCC,4,4,0,0,0,0
Water 1,GBCC,4,5,0,0,0,0
Water 1,GBCC,5,1,0,0,0,0
Water 1,GBCC,5,2,0,0,0,0
Water 1,GBCC,5,3,0,0,0,0
Water 1,GBCC,5,4,0,0,0,0
Water 1,GBCC,5,5,0,0,0,0
Water 1,SWCC,1,1,1,0,0,1
Water 1,SWCC,1,2,1,0,0,1
Water 1,SWCC,1,3,1,0,0,1
Water 1,SWCC,1,4,1,0,0,1
Water 1,SWCC,1,5,1,0,0,1
Water 1,SWCC,2,1,1,0,0,1
Water 1,SWCC,2,2,1,0,0,1
Water 1,SWCC,2,3,1,0,0,1
Water 1,SWCC,2,4,1,0,0,1
Water 1,SWCC,2,5,1,0,0,1
Water 1,SWCC,3,1,1,0,0,1
Water 1,SWCC,3,2,1,0,0,1
Water 1,SWCC,3,3,1,0,0,1
Water 1,SWCC,3,4,1,0,0,1
Water 1,SWCC,3,5,1,0,0,1
Water 1,SWCC,4,1,1,0,0,1
Water 1,SWCC,4,2,1,0,0,1
Water 1,SWCC,4,3,1,0,0,1
Water 1,SWCC,4,4,1,0,0,1
Water 1,SWCC,4,5,1,0,0,1
Water 1,SWCC,5,1,1,0,0,1
Water 1,SWCC,5,2,1,0,0,1
Water 1,SWCC,5,3,1,0,0,1
Water 1,SWCC,5,4,1,0,0,1
Water 1,SWCC,5,5,1,0,0,1
Water 1,RMCC,1,1,0,0,0,0
Water 1,RMCC,1,2,0,0,0,0
Water 1,RMCC,1,3,0,0,0,0
Water 1,RMCC,1,4,0,0,0,0
Water 1,RMCC,1,5,0,0,0,0
Water 1,RMCC,2,1,0,0,0,0
Water 1,RMCC,2,2,0,0,0,0
Water 1,RMCC,2,3,0,0,0,0
Water 1,RMCC,2,4,0,0,0,0
Water 1,RMCC,2,5,0,0,0,0
Water 1,RMCC,3,1,0,0,0,0
Water 1,RMCC,3,2,0,0,0,0
Water 1,RMCC,3,3,0,0,0,0
Water 1,RMCC,3,4,0,0,0,0
Water 1,RMCC,3,5,0,0,0,0
Water 1,RMCC,4,1,0,0,0,0
Water 1,RMCC,4,2,0,0,0,0
Water 1,RMCC,4,3,0,0,0,0
Water 1,RMCC,4,4,0,0,0,0
Water 1,RMCC,4,5,0,0,0,0
Water 1,RMCC,5,1,0,0,0,0
Water 1,RMCC,5,2,0,0,0,0
Water 1,RMCC,5,3,0,0,0,0
Water 1,RMCC,5,4,0,0,0,0
Water 1,RMCC,5,5,0,0,0,0
Water 1,EACC,1,1,1,0,0,1
Water 1,EACC,1,2,1,0,0,1
Water 1,EACC,1,3,1,0,0,1
Water 1,EACC,1,4,1,0,0,1
Water 1,EACC,1,5,1,0,0,1
Water 1,EACC,2,1,1,0,0,1
Water 1,EACC,2,2,1,0,0,1
Water 1,EACC,2,3,1,0,0,1
Water 1,EACC,2,4,1,0,0,1
Water 1,EACC,2,5,1,0,0,1
Water 1,EACC,3,1,1,0,0,1
Water 1,EACC,3,2,1,0,0,1
Water 1,EACC,3,3,1,0,0,1
Water 1,EACC,3,4,1,0,0,1
Water 1,EACC,3,5,1,0,0,1
Water 1,EACC,4,1,1,0,0,1
Water 1,EACC,4,2,1,0,0,1
Water 1,EACC,4,3,1,0,0,1
Water 1,EACC,4,4,1,0,0,1
Water 1,EACC,4,5,1,0,0,1
Water 1,EACC,5,1,1,0,0,1
Water 1,EACC,5,2,1,0,0,1
Water 1,EACC,5,3,1,0,0,1
Water 1,EACC,5,4,1,0,0,1
Water 1,EACC,5,5,1,0,0,1
Water 1,SACC,1,1,0,0,0,0
Water 1,SACC,1,2,0,0,0,0
Water 1,SACC,1,3,0,0,0,0
Water 1,SACC,1,4,0,0,0,0
Water 1,SACC,1,5,0,0,0,0
Water 1,SACC,2,1,0,0,0,0
Water 1,SACC,2,2,0,0,0,0
Water 1,SACC,2,3,0,0,0,0
Water 1,SACC,2,4,0,0,0,0
Water 1,SACC,2,5,0,0,0,0
Water 1,SACC,3,1,0,0,0,0
Water 1,SACC,3,2,0,0,0,0
Water 1,SACC,3,3,0,0,0,0
Water 1,SACC,3,4,0,0,0,0
Water 1,SACC,3,5,0,0,0,0
Water 1,SACC,4,1,0,0,0,0
Water 1,SACC,4,2,0,0,0,0
Water 1,SACC,4,3,0,0,0,0
Water 1,SACC,4,4,0,0,0,0
Water 1,SACC,4,5,0,0,0,0
Water 1,SACC,5,1,0,0,0,0
Water 1,SACC,5,2,0,0,0,0
Water 1,SACC,5,3,0,0,0,0
Water 1,SACC,5,4,0,0,0,0
Water 1,SACC,5,5,0,0,0,0
Water 2,AICC,1,1,0,0,0,0
Water 2,AICC,1,2,0,0,0,0
Water 2,AICC,1,3,0,0,0,0
Water 2,AICC,1,4,0,0,0,0
Water 2,AICC,1,5,0,0,0,0
Water 2,AICC,2,1,0,0,0,0
Water 2,AICC,2,2,0,0,0,0
Water 2,AICC,2,3,0,0,0,0
Water 2,AICC,2,4,0,0,0,0
Water 2,AICC,2,5,0,0,0,0
Water 2,AICC,3,1,0,0,0,0
Water 2,AICC,3,2,0,0,0,0
Water 2,AICC,3,3,0,0,0,0
Water 2,AICC,3,4,0,0,0,0
Water 2,AICC,3,5,0,0,0,0
Water 2,AICC,4,1,0,0,0,0
Water 2,AICC,4,2,0,0,0,0
Water 2,AICC,4,3,0,0,0,0
Water 2,AICC,4,4,0,0,0,0
Water 2,AICC,4,5,0,0,0,0
Water 2,AICC,5,1,0,0,0,0
Water 2,AICC,5,2,0,0,0,0
Water 2,AICC,5,3,0,0,0,0
Water 2,AICC,5,4,0,0,0,0
Water 2,AICC,5,5,0,0,0,0
Water 2,NWCC,1,1,1,0,0,1
Water 2,NWCC,1,2,1,0,0,1
Water 2,NWCC,1,3,1,0,0,1
Water 2,NWCC,1,4,1,0,0,1
Water 2,NWCC,1,5,1,0,0,1
Water 2,NWCC,2,1,1,0,0,1
Water 2,NWCC,2,2,1,0,0,1
Water 2,NWCC,2,3,1,0,0,1
Water 2,NWCC,2,4,1,0,0,1
Water 2,NWCC,2,5,1,0,0,1
Water 2,NWCC,3,1,1,0,0,1
Water 2,NWCC,3,2,1,0,0,1
Water 2,NWCC,3,3,1,0,0,1
Water 2,NWCC,3,4,1,0,0,1
Water 2,NWCC,3,5,1,0,0,1
Water 2,NWCC,4,1,1,0,0,1
Water 2,NWCC,4,2,1,0,0,1
Water 2,NWCC,4,3,1,0,0,1
Water 2,NWCC,4,4,1,0,0,1
Water 2,NWCC,4,5,1,0,0,1
Water 2,NWCC,5,1,1,0,0,1
Water 2,NWCC,5,2,1,0,0,1
Water 2,NWCC,5,3,1,0,0,1
Water 2,NWCC,5,4,1,0,0,1
Water 2,NWCC,5,5,1,0,0,1
Water 2,ONCC,1,1,11,11,50,22
Water 2,ONCC,1,2,11,11,50,22
Water 2,ONCC,1,3,11,11,50,22
Water 2,ONCC,1,4,22,0,0,22
Water 2,ONCC,1,5,22,0,0,22
Water 2,ONCC,2,1,11,11,50,22
Water 2,ONCC,2,2,22,0,0,22
Water 2,ONCC,2,3,11,11,50,22
Water 2,ONCC,2,4,22,0,0,22
Water 2,ONCC,2,5,11,11,50,22
Water 2,ONCC,3,1,22,0,0,22
Water 2,ONCC,3,2,22,0,0,22
Water 2,ONCC,3,3,22,0,0,22
Water 2,ONCC,3,4,17,5,22,22
Water 2,ONCC,3,5,22,0,0,22
Water 2,ONCC,4,1,22,0,0,22
Water 2,ONCC,4,2,22,0,0,22
Water 2,ONCC,4,3,22,0,0,22
Water 2,ONCC,4,4,17,5,22,22
Water 2,ONCC,4,5,22,0,0,22
Water 2,ONCC,5,1,22,0,0,22
Water 2,ONCC,5,2,22,0,0,22
Water 2,ONCC,5,3,22,0,0,22
Water 2,ONCC,5,4,22,0,0,22
Water 2,ONCC,5,5,22,0,0,22
Water 2,OSCC,1,1,12,12,50,24
Water 2,OSCC,1,2,12,12,50,24
Water 2,OSCC,1,3,12,12,50,24
Water 2,OSCC,1,4,12,12,50,24
Water 2,OSCC,1,5,12,12,50,24
Water 2,OSCC,2,1,12,12,50,24
Water 2,OSCC,2,2,24,0,0,24
Water 2,OSCC,2,3,12,12,50,24
Water 2,OSCC,2,4,24,0,0,24
Water 2,OSCC,2,5,24,0,0,24
Water 2,OSCC,3,1,24,0,0,24
Water 2,OSCC,3,2,24,0,0,24
Water 2,OSCC,3,3,18,6,25,24
Water 2,OSCC,3,4,24,0,0,24
Water 2,OSCC,3,5,24,0,0,24
Water 2,OSCC,4,1,24,0,0,24
Water 2,OSCC,4,2,24,0,0,24
Water 2,OSCC,4,3,24,0,0,24
Water 2,OSCC,4,4,24,0,0,24
Water 2,OSCC,4,5,24,0,0,24
Water 2,OSCC,5,1,24,0,0,24
Water 2,OSCC,5,2,24,0,0,24
Water 2,OSCC,5,3,24,0,0,24
Water 2,OSCC,5,4,24,0,0,24
Water 2,OSCC,5,5,24,0,0,24
Water 2,NRCC,1,1,2,1,33,3
Water 2,NRCC,1,2,2,1,33,3
Water 2,NRCC,1,3,2,1,33,3
Water 2,NRCC,1,4,2,1,33,3
Water 2,NRCC,1,5,2,1,33,3
Water 2,NRCC,2,1,2,1,33,3
Water 2,NRCC,2,2,3,0,0,3
Water 2,NRCC,2,3,2,1,33,3
Water 2,NRCC,2,4,3,0,0,3
Water 2,NRCC,2,5,3,0,0,3
Water 2,NRCC,3,1,3,0,0,3
Water 2,NRCC,3,2,3,0,0,3
Water 2,NRCC,3,3,3,0,0,3
Water 2,NRCC,3,4,3,0,0,3
Water 2,NRCC,3,5,3,0,0,3
Water 2,NRCC,4,1,3,0,0,3
Water 2,NRCC,4,2,3,0,0,3
Water 2,NRCC,4,3,3,0,0,3
Water 2,NRCC,4,4,3,0,0,3
Water 2,NRCC,4,5,3,0,0,3
Water 2,NRCC,5,1,3,0,0,3
Water 2,NRCC,5,2,3,0,0,3
Water 2,NRCC,5,3,3,0,0,3
Water 2,NRCC,5,4,3,0,0,3
Water 2,NRCC,5,5,3,0,0,3
Water 2,GBCC,1,1,0,0,0,0
Water 2,GBCC,1,2,0,0,0,0
Water 2,GBCC,1,3,0,0,0,0
Water 2,GBCC,1,4,0,0,0,0
Water 2,GBCC,1,5,0,0,0,0
Water 2,GBCC,2,1,0,0,0,0
Water 2,GBCC,2,2,0,0,0,0
Water 2,GBCC,2,3,0,0,0,0
Water 2,GBCC,2,4,0,0,0,0
Water 2,GBCC,2,5,0,0,0,0
Water 2,GBCC,3,1,0,0,0,0
Water 2,GBCC,3,2,0,0,0,0
Water 2,GBCC,3,3,0,0,0,0
Water 2,GBCC,3,4,0,0,0,0
Water 2,GBCC,3,5,0,0,0,0
Water 2,GBCC,4,1,0,0,0,0
Water 2,GBCC,4,2,0,0,0,0
Water 2,GBCC,4,3,0,0,0,0
Water 2,GBCC,4,4,0,0,0,0
Water 2,GBCC,4,5,0,0,0,0
Water 2,GBCC,5,1,0,0,0,0
Water 2,GBCC,5,2,0,0,0,0
Water 2,GBCC,5,3,0,0,0,0
Water 2,GBCC,5,4,0,0,0,0
Water 2,GBCC,5,5,0,0,0,0
Water 2,SWCC,1,1,1,1,50,2
Water 2,SWCC,1,2,1,1,50,2
Water 2,SWCC,1,3,2,0,0,2
Water 2,SWCC,1,4,1,1,50,2
Water 2,SWCC,1,5,2,0,0,2
Water 2,SWCC,2,1,1,1,50,2
Water 2,SWCC,2,2,1,1,50,2
Water 2,SWCC,2,3,1,1,50,2
Water 2,SWCC,2,4,1,1,50,2
Water 2,SWCC,2,5,2,0,0,2
Water 2,SWCC,3,1,2,0,0,2
Water 2,SWCC,3,2,2,0,0,2
Water 2,SWCC,3,3,2,0,0,2
Water 2,SWCC,3,4,2,0,0,2
Water 2,SWCC,3,5,2,0,0,2
Water 2,SWCC,4,1,2,0,0,2
Water 2,SWCC,4,2,2,0,0,2
Water 2,SWCC,4,3,2,0,0,2
Water 2,SWCC,4,4,2,0,0,2
Water 2,SWCC,4,5,2,0,0,2
Water 2,SWCC,5,1,2,0,0,2
Water 2,SWCC,5,2,2,0,0,2
Water 2,SWCC,5,3,2,0,0,2
Water 2,SWCC,5,4,2,0,0,2
Water 2,SWCC,5,5,2,0,0,2
Water 2,RMCC,1,1,0,0,0,0
Water 2,RMCC,1,2,0,0,0,0
Water 2,RMCC,1,3,0,0,0,0
Water 2,RMCC,1,4,0,0,0,0
Water 2,RMCC,1,5,0,0,0,0
Water 2,RMCC,2,1,0,0,0,0
Water 2,RMCC,2,2,0,0,0,0
Water 2,RMCC,2,3,0,0,0,0
Water 2,RMCC,2,4,0,0,0,0
Water 2,RMCC,2,5,0,0,0,0
Water 2,RMCC,3,1,0,0,0,0
Water 2,RMCC,3,2,0,0,0,0
Water 2,RMCC,3,3,0,0,0,0
Water 2,RMCC,3,4,0,0,0,0
Water 2,RMCC,3,5,0,0,0,0
Water 2,RMCC,4,1,0,0,0,0
Water 2,RMCC,4,2,0,0,0,0
Water 2,RMCC,4,3,0,0,0,0
Water 2,RMCC,4,4,0,0,0,0
Water 2,RMCC,4,5,0,0,0,0
Water 2,RMCC,5,1,0,0,0,0
Water 2,RMCC,5,2,0,0,0,0
Water 2,RMCC,5,3,0,0,0,0
Water 2,RMCC,5,4,0,0,0,0
Water 2,RMCC,5,5,0,0,0,0
Water 2,EACC,1,1,0,0,0,0
Water 2,EACC,1,2,0,0,0,0
Water 2,EACC,1,3,0,0,0,0
Water 2,EACC,1,4,0,0,0,0
Water 2,EACC,1,5,0,0,0,0
Water 2,EACC,2,1,0,0,0,0
Water 2,EACC,2,2,0,0,0,0
Water 2,EACC,2,3,0,0,0,0
Water 2,EACC,2,4,0,0,0,0
Water 2,EACC,2,5,0,0,0,0
Water 2,EACC,3,1,0,0,0,0
Water 2,EACC,3,2,0,0,0,0
Water 2,EACC,3,3,0,0,0,0
Water 2,EACC,3,4,0,0,0,0
Water 2,EACC,3,5,0,0,0,0
Water 2,EACC,4,1,0,0,0,0
Water 2,EACC,4,2,0,0,0,0
Water 2,EACC,4,3,0,0,0,0
Water 2,EACC,4,4,0,0,0,0
Water 2,EACC,4,5,0,0,0,0
Water 2,EACC,5,1,0,0,0,0
Water 2,EACC,5,2,0,0,0,0
Water 2,EACC,5,3,0,0,0,0
Water 2,EACC,5,4,0,0,0,0
Water 2,EACC,5,5,0,0,0,0
Water 2,SACC,1,1,0,0,0,0
Water 2,SACC,1,2,0,0,0,0
Water 2,SACC,1,3,0,0,0,0
Water 2,SACC,1,4,0,0,0,0
Water 2,SACC,1,5,0,0,0,0
Water 2,SACC,2,1,0,0,0,0
Water 2,SACC,2,2,0,0,0,0
Water 2,SACC,2,3,0,0,0,0
Water 2,SACC,2,4,0,0,0,0
Water 2,SACC,2,5,0,0,0,0
Water 2,SACC,3,1,0,0,0,0
Water 2,SACC,3,2,0,0,0,0
Water 2,SACC,3,3,0,0,0,0
Water 2,SACC,3,4,0,0,0,0
Water 2,SACC,3,5,0,0,0,0
Water 2,SACC,4,1,0,0,0,0
Water 2,SACC,4,2,0,0,0,0
Water 2,SACC,4,3,0,0,0,0
Water 2,SACC,4,4,0,0,0,0
Water 2,SACC,4,5,0,0,0,0
Water 2,SACC,5,1,0,0,0,0
Water 2,SACC,5,2,0,0,0,0
Water 2,SACC,5,3,0,0,0,0
Water 2,SACC,5,4,0,0,0,0
Water 2,SACC,5,5,0,0,0,0
