crewtype,region,gacc_pl,national_pl,drawndown,mobile,staffing
Crew 1,AICC,1,1,0,0,0
Crew 1,AICC,1,2,0,0,0
Crew 1,AICC,1,3,0,0,0
Crew 1,AICC,1,4,0,0,0
Crew 1,AICC,1,5,0,0,0
Crew 1,AICC,2,1,0,0,0
Crew 1,AICC,2,2,0,0,0
Crew 1,AICC,2,3,0,0,0
Crew 1,AICC,2,4,0,0,0
Crew 1,AICC,2,5,0,0,0
Crew 1,AICC,3,1,0,0,0
Crew 1,AICC,3,2,0,0,0
Crew 1,AICC,3,3,0,0,0
Crew 1,AICC,3,4,0,0,0
Crew 1,AICC,3,5,0,0,0
Crew 1,AICC,4,1,0,0,0
Crew 1,AICC,4,2,0,0,0
Crew 1,AICC,4,3,0,0,0
Crew 1,AICC,4,4,0,0,0
Crew 1,AICC,4,5,0,0,0
Crew 1,AICC,5,1,0,0,0
Crew 1,AICC,5,2,0,0,0
Crew 1,AICC,5,3,0,0,0
Crew 1,AICC,5,4,0,0,0
Crew 1,AICC,5,5,0,0,0
Crew 1,NWCC,1,1,9.8333333333,0,9.8333333333
Crew 1,NWCC,1,2,6.5,3.3333333333,9.8333333333
Crew 1,NWCC,1,3,8,1.8333333333,9.8333333333
Crew 1,NWCC,1,4,9.8333333333,0,9.8333333333
Crew 1,NWCC,1,5,9.8333333333,0,9.8333333333
Crew 1,NWCC,2,1,9.8333333333,0,9.8333333333
Crew 1,NWCC,2,2,7.8333333333,2,9.8333333333
Crew 1,NWCC,2,3,4.8333333333,5,9.8333333333
Crew 1,NWCC,2,4,8.8333333333,1,9.8333333333
Crew 1,NWCC,2,5,9.8333333333,0,9.8333333333
Crew 1,NWCC,3,1,9.8333333333,0,9.8333333333
Crew 1,NWCC,3,2,9.8333333333,0,9.8333333333
Crew 1,NWCC,3,3,7.8333333333,2,9.8333333333
Crew 1,NWCC,3,4,6.5,3.3333333333,9.8333333333
Crew 1,NWCC,3,5,9.1666666667,0.6666666667,9.8333333333
Crew 1,NWCC,4,1,9.8333333333,0,9.8333333333
Crew 1,NWCC,4,2,9.8333333333,0,9.8333333333
Crew 1,NWCC,4,3,9.6666666667,0.1666666667,9.8333333333
Crew 1,NWCC,4,4,9.3333333333,0.5,9.8333333333
Crew 1,NWCC,4,5,9.1666666667,0.6666666667,9.8333333333
Crew 1,NWCC,5,1,9.8333333333,0,9.8333333333
Crew 1,NWCC,5,2,9.8333333333,0,9.8333333333
Crew 1,NWCC,5,3,9.8333333333,0,9.8333333333
Crew 1,NWCC,5,4,9.6666666667,0.1666666667,9.8333333333
Crew 1,NWCC,5,5,9.8333333333,0,9.8333333333
Crew 1,ONCC,1,1,14,0.1666666667,14.1666666667
Crew 1,ONCC,1,2,10.5,3.6666666667,14.1666666667
Crew 1,ONCC,1,3,11.5,2.6666666667,14.1666666667
Crew 1,ONCC,1,4,14.1666666667,0,14.1666666667
Crew 1,ONCC,1,5,14.1666666667,0,14.1666666667
Crew 1,ONCC,2,1,12.1666666667,2,14.1666666667
Crew 1,ONCC,2,2,9.5,4.6666666667,14.1666666667
Crew 1,ONCC,2,3,6.1666666667,8,14.1666666667
Crew 1,ONCC,2,4,12.3333333333,1.8333333333,14.1666666667
Crew 1,ONCC,2,5,12.8333333333,1.3333333333,14.1666666667
Crew 1,ONCC,3,1,14.1666666667,0,14.1666666667
Crew 1,ONCC,3,2,13.1666666667,1,14.1666666667
Crew 1,ONCC,3,3,8.1666666667,6,14.1666666667
Crew 1,ONCC,3,4,7.8333333333,6.3333333333,14.1666666667
Crew 1,ONCC,3,5,12.1666666667,2,14.1666666667
Crew 1,ONCC,4,1,14.1666666667,0,14.1666666667
Crew 1,ONCC,4,2,14.1666666667,0,14.1666666667
Crew 1,ONCC,4,3,13.3333333333,0.8333333333,14.1666666667
Crew 1,ONCC,4,4,10.6666666667,3.5,14.1666666667
Crew 1,ONCC,4,5,13,1.1666666667,14.1666666667
Crew 1,ONCC,5,1,14.1666666667,0,14.1666666667
Crew 1,ONCC,5,2,14.1666666667,0,14.1666666667
Crew 1,ONCC,5,3,14.1666666667,0,14.1666666667
Crew 1,ONCC,5,4,14.1666666667,0,14.1666666667
Crew 1,ONCC,5,5,13.3333333333,0.8333333333,14.1666666667
Crew 1,OSCC,1,1,19.3333333333,0.1666666667,19.5
Crew 1,OSCC,1,2,17.8333333333,1.6666666667,19.5
Crew 1,OSCC,1,3,19.5,0,19.5
Crew 1,OSCC,1,4,19.5,0,19.5
Crew 1,OSCC,1,5,19.5,0,19.5
Crew 1,OSCC,2,1,18.3333333333,1.1666666667,19.5
Crew 1,OSCC,2,2,12.1666666667,7.3333333333,19.5
Crew 1,OSCC,2,3,8.3333333333,11.1666666667,19.5
Crew 1,OSCC,2,4,15.6666666667,3.8333333333,19.5
Crew 1,OSCC,2,5,19.5,0,19.5
Crew 1,OSCC,3,1,17.1666666667,2.3333333333,19.5
Crew 1,OSCC,3,2,14.5,5,19.5
Crew 1,OSCC,3,3,9,10.5,19.5
Crew 1,OSCC,3,4,11,8.5,19.5
Crew 1,OSCC,3,5,13.6666666667,5.8333333333,19.5
Crew 1,OSCC,4,1,19.5,0,19.5
Crew 1,OSCC,4,2,19.5,0,19.5
Crew 1,OSCC,4,3,19.5,0,19.5
Crew 1,OSCC,4,4,16.8333333333,2.6666666667,19.5
Crew 1,OSCC,4,5,15.6666666667,3.8333333333,19.5
Crew 1,OSCC,5,1,19.5,0,19.5
Crew 1,OSCC,5,2,19.5,0,19.5
Crew 1,OSCC,5,3,19.5,0,19.5
Crew 1,OSCC,5,4,19.5,0,19.5
Crew 1,OSCC,5,5,18.5,1,19.5
Crew 1,NRCC,1,1,5.6666666667,0.1666666667,5.8333333333
Crew 1,NRCC,1,2,2.1666666667,3.6666666667,5.8333333333
Crew 1,NRCC,1,3,3,2.8333333333,5.8333333333
Crew 1,NRCC,1,4,5,0.8333333333,5.8333333333
Crew 1,NRCC,1,5,5.8333333333,0,5.8333333333
Crew 1,NRCC,2,1,5.8333333333,0,5.8333333333
Crew 1,NRCC,2,2,5.3333333333,0.5,5.8333333333
Crew 1,NRCC,2,3,2.8333333333,3,5.8333333333
Crew 1,NRCC,2,4,3.3333333333,2.5,5.8333333333
Crew 1,NRCC,2,5,3.6666666667,2.1666666667,5.8333333333
Crew 1,NRCC,3,1,5.8333333333,0,5.8333333333
Crew 1,NRCC,3,2,5.8333333333,0,5.8333333333
Crew 1,NRCC,3,3,5.5,0.3333333333,5.8333333333
Crew 1,NRCC,3,4,4.1666666667,1.6666666667,5.8333333333
Crew 1,NRCC,3,5,4.1666666667,1.6666666667,5.8333333333
Crew 1,NRCC,4,1,5.8333333333,0,5.8333333333
Crew 1,NRCC,4,2,5.8333333333,0,5.8333333333
Crew 1,NRCC,4,3,5.8333333333,0,5.8333333333
Crew 1,NRCC,4,4,5.5,0.3333333333,5.8333333333
Crew 1,NRCC,4,5,5.5,0.3333333333,5.8333333333
Crew 1,NRCC,5,1,5.8333333333,0,5.8333333333
Crew 1,NRCC,5,2,5.8333333333,0,5.8333333333
Crew 1,NRCC,5,3,5.8333333333,0,5.8333333333
Crew 1,NRCC,5,4,5.5,0.3333333333,5.8333333333
Crew 1,NRCC,5,5,5.5,0.3333333333,5.8333333333
Crew 1,GBCC,1,1,5.3333333333,0.5,5.8333333333
Crew 1,GBCC,1,2,2.1666666667,3.6666666667,5.8333333333
Crew 1,GBCC,1,3,4.8333333333,1,5.8333333333
Crew 1,GBCC,1,4,5.8333333333,0,5.8333333333
Crew 1,GBCC,1,5,5.8333333333,0,5.8333333333
Crew 1,GBCC,2,1,5.8333333333,0,5.8333333333
Crew 1,GBCC,2,2,3.6666666667,2.1666666667,5.8333333333
Crew 1,GBCC,2,3,3.3333333333,2.5,5.8333333333
Crew 1,GBCC,2,4,4.8333333333,1,5.8333333333
Crew 1,GBCC,2,5,4.8333333333,1,5.8333333333
Crew 1,GBCC,3,1,5.8333333333,0,5.8333333333
Crew 1,GBCC,3,2,5.8333333333,0,5.8333333333
Crew 1,GBCC,3,3,4.6666666667,1.1666666667,5.8333333333
Crew 1,GBCC,3,4,4.5,1.3333333333,5.8333333333
Crew 1,GBCC,3,5,4.6666666667,1.1666666667,5.8333333333
Crew 1,GBCC,4,1,5.8333333333,0,5.8333333333
Crew 1,GBCC,4,2,5.8333333333,0,5.8333333333
Crew 1,GBCC,4,3,5.8333333333,0,5.8333333333
Crew 1,GBCC,4,4,5.3333333333,0.5,5.8333333333
Crew 1,GBCC,4,5,5.1666666667,0.6666666667,5.8333333333
Crew 1,GBCC,5,1,5.8333333333,0,5.8333333333
Crew 1,GBCC,5,2,5.8333333333,0,5.8333333333
Crew 1,GBCC,5,3,5.8333333333,0,5.8333333333
Crew 1,GBCC,5,4,5.8333333333,0,5.8333333333
Crew 1,GBCC,5,5,5.6666666667,0.1666666667,5.8333333333
Crew 1,SWCC,1,1,13.3333333333,0.3333333333,13.6666666667
Crew 1,SWCC,1,2,13.1666666667,0.5,13.6666666667
Crew 1,SWCC,1,3,12,1.6666666667,13.6666666667
Crew 1,SWCC,1,4,12.1666666667,1.5,13.6666666667
Crew 1,SWCC,1,5,13.6666666667,0,13.6666666667
Crew 1,SWCC,2,1,12.6666666667,1,13.6666666667
Crew 1,SWCC,2,2,12.5,1.1666666667,13.6666666667
Crew 1,SWCC,2,3,7.6666666667,6,13.6666666667
Crew 1,SWCC,2,4,8,5.6666666667,13.6666666667
Crew 1,SWCC,2,5,9,4.6666666667,13.6666666667
Crew 1,SWCC,3,1,13.6666666667,0,13.6666666667
Crew 1,SWCC,3,2,13,0.6666666667,13.6666666667
Crew 1,SWCC,3,3,11.5,2.1666666667,13.6666666667
Crew 1,SWCC,3,4,9.8333333333,3.8333333333,13.6666666667
Crew 1,SWCC,3,5,10,3.6666666667,13.6666666667
Crew 1,SWCC,4,1,13.6666666667,0,13.6666666667
Crew 1,SWCC,4,2,13.6666666667,0,13.6666666667
Crew 1,SWCC,4,3,13.6666666667,0,13.6666666667
Crew 1,SWCC,4,4,13.6666666667,0,13.6666666667
Crew 1,SWCC,4,5,13,0.6666666667,13.6666666667
Crew 1,SWCC,5,1,13.6666666667,0,13.6666666667
Crew 1,SWCC,5,2,13.6666666667,0,13.6666666667
Crew 1,SWCC,5,3,13.6666666667,0,13.6666666667
Crew 1,SWCC,5,4,13.6666666667,0,13.6666666667
Crew 1,SWCC,5,5,13.3333333333,0.3333333333,13.6666666667
Crew 1,RMCC,1,1,4.3333333333,0.1666666667,4.5
Crew 1,RMCC,1,2,2.5,2,4.5
Crew 1,RMCC,1,3,4.5,0,4.5
Crew 1,RMCC,1,4,4.5,0,4.5
Crew 1,RMCC,1,5,4.5,0,4.5
Crew 1,RMCC,2,1,4.5,0,4.5
Crew 1,RMCC,2,2,2.5,2,4.5
Crew 1,RMCC,2,3,1,3.5,4.5
Crew 1,RMCC,2,4,1.1666666667,3.3333333333,4.5
Crew 1,RMCC,2,5,3,1.5,4.5
Crew 1,RMCC,3,1,4.5,0,4.5
Crew 1,RMCC,3,2,4.5,0,4.5
Crew 1,RMCC,3,3,4.3333333333,0.1666666667,4.5
Crew 1,RMCC,3,4,3.5,1,4.5
Crew 1,RMCC,3,5,3.6666666667,0.8333333333,4.5
Crew 1,RMCC,4,1,4.5,0,4.5
Crew 1,RMCC,4,2,4.5,0,4.5
Crew 1,RMCC,4,3,4.5,0,4.5
Crew 1,RMCC,4,4,4.3333333333,0.1666666667,4.5
Crew 1,RMCC,4,5,4.5,0,4.5
Crew 1,RMCC,5,1,4.5,0,4.5
Crew 1,RMCC,5,2,4.5,0,4.5
Crew 1,RMCC,5,3,4.5,0,4.5
Crew 1,RMCC,5,4,4.5,0,4.5
Crew 1,RMCC,5,5,4.5,0,4.5
Crew 1,EACC,1,1,0.5,0,0.5
Crew 1,EACC,1,2,0.3333333333,0.1666666667,0.5
Crew 1,EACC,1,3,0.1666666667,0.3333333333,0.5
Crew 1,EACC,1,4,0.3333333333,0.1666666667,0.5
Crew 1,EACC,1,5,0.3333333333,0.1666666667,0.5
Crew 1,EACC,2,1,0.5,0,0.5
Crew 1,EACC,2,2,0.3333333333,0.1666666667,0.5
Crew 1,EACC,2,3,0.5,0,0.5
Crew 1,EACC,2,4,0.5,0,0.5
Crew 1,EACC,2,5,0.5,0,0.5
Crew 1,EACC,3,1,0.5,0,0.5
Crew 1,EACC,3,2,0.5,0,0.5
Crew 1,EACC,3,3,0.5,0,0.5
Crew 1,EACC,3,4,0.5,0,0.5
Crew 1,EACC,3,5,0.5,0,0.5
Crew 1,EACC,4,1,0.5,0,0.5
Crew 1,EACC,4,2,0.5,0,0.5
Crew 1,EACC,4,3,0.5,0,0.5
Crew 1,EACC,4,4,0.5,0,0.5
Crew 1,EACC,4,5,0.5,0,0.5
Crew 1,EACC,5,1,0.5,0,0.5
Crew 1,EACC,5,2,0.5,0,0.5
Crew 1,EACC,5,3,0.5,0,0.5
Crew 1,EACC,5,4,0.5,0,0.5
Crew 1,EACC,5,5,0.5,0,0.5
Crew 1,SACC,1,1,1.5,0,1.5
Crew 1,SACC,1,2,1.1666666667,0.3333333333,1.5
Crew 1,SACC,1,3,1.1666666667,0.3333333333,1.5
Crew 1,SACC,1,4,0.8333333333,0.6666666667,1.5
Crew 1,SACC,1,5,1.1666666667,0.3333333333,1.5
Crew 1,SACC,2,1,1.3333333333,0.1666666667,1.5
Crew 1,SACC,2,2,1.3333333333,0.1666666667,1.5
Crew 1,SACC,2,3,1.5,0,1.5
Crew 1,SACC,2,4,1.3333333333,0.1666666667,1.5
Crew 1,SACC,2,5,1.1666666667,0.3333333333,1.5
Crew 1,SACC,3,1,1.5,0,1.5
Crew 1,SACC,3,2,1.5,0,1.5
Crew 1,SACC,3,3,1.5,0,1.5
Crew 1,SACC,3,4,1.5,0,1.5
Crew 1,SACC,3,5,1.5,0,1.5
Crew 1,SACC,4,1,1.5,0,1.5
Crew 1,SACC,4,2,1.5,0,1.5
Crew 1,SACC,4,3,1.5,0,1.5
Crew 1,SACC,4,4,1.5,0,1.5
Crew 1,SACC,4,5,1.5,0,1.5
Crew 1,SACC,5,1,1.5,0,1.5
Crew 1,SACC,5,2,1.5,0,1.5
Crew 1,SACC,5,3,1.5,0,1.5
Crew 1,SACC,5,4,1.5,0,1.5
Crew 1,SACC,5,5,1.5,0,1.5
Crew 2IA,AICC,1,1,0.6666666667,0,0.6666666667
Crew 2IA,AICC,1,2,0.6666666667,0,0.6666666667
Crew 2IA,AICC,1,3,0.5,0.1666666667,0.6666666667
Crew 2IA,AICC,1,4,0.5,0.1666666667,0.6666666667
Crew 2IA,AICC,1,5,0.5,0.1666666667,0.6666666667
Crew 2IA,AICC,2,1,0.6666666667,0,0.6666666667
Crew 2IA,AICC,2,2,0.6666666667,0,0.6666666667
Crew 2IA,AICC,2,3,0.5,0.1666666667,0.6666666667
Crew 2IA,AICC,2,4,0.5,0.1666666667,0.6666666667
Crew 2IA,AICC,2,5,0.3333333333,0.3333333333,0.6666666667
Crew 2IA,AICC,3,1,0.6666666667,0,0.6666666667
Crew 2IA,AICC,3,2,0.6666666667,0,0.6666666667
Crew 2IA,AICC,3,3,0.6666666667,0,0.6666666667
Crew 2IA,AICC,3,4,0.6666666667,0,0.6666666667
Crew 2IA,AICC,3,5,0.6666666667,0,0.6666666667
Crew 2IA,AICC,4,1,0.6666666667,0,0.6666666667
Crew 2IA,AICC,4,2,0.6666666667,0,0.6666666667
Crew 2IA,AICC,4,3,0.6666666667,0,0.6666666667
Crew 2IA,AICC,4,4,0.6666666667,0,0.6666666667
Crew 2IA,AICC,4,5,0.6666666667,0,0.6666666667
Crew 2IA,AICC,5,1,0.6666666667,0,0.6666666667
Crew 2IA,AICC,5,2,0.6666666667,0,0.6666666667
Crew 2IA,AICC,5,3,0.6666666667,0,0.6666666667
Crew 2IA,AICC,5,4,0.6666666667,0,0.6666666667
Crew 2IA,AICC,5,5,0.6666666667,0,0.6666666667
Crew 2IA,NWCC,1,1,15,0.1666666667,15.1666666667
Crew 2IA,NWCC,1,2,14.3333333333,0.8333333333,15.1666666667
Crew 2IA,NWCC,1,3,13.1666666667,2,15.1666666667
Crew 2IA,NWCC,1,4,15.1666666667,0,15.1666666667
Crew 2IA,NWCC,1,5,15.1666666667,0,15.1666666667
Crew 2IA,NWCC,2,1,15.1666666667,0,15.1666666667
Crew 2IA,NWCC,2,2,14.3333333333,0.8333333333,15.1666666667
Crew 2IA,NWCC,2,3,11.6666666667,3.5,15.1666666667
Crew 2IA,NWCC,2,4,15,0.1666666667,15.1666666667
Crew 2IA,NWCC,2,5,15.1666666667,0,15.1666666667
Crew 2IA,NWCC,3,1,15.1666666667,0,15.1666666667
Crew 2IA,NWCC,3,2,15.1666666667,0,15.1666666667
Crew 2IA,NWCC,3,3,14.3333333333,0.8333333333,15.1666666667
Crew 2IA,NWCC,3,4,14,1.1666666667,15.1666666667
Crew 2IA,NWCC,3,5,14.8333333333,0.3333333333,15.1666666667
Crew 2IA,NWCC,4,1,15.1666666667,0,15.1666666667
Crew 2IA,NWCC,4,2,15.1666666667,0,15.1666666667
Crew 2IA,NWCC,4,3,15.1666666667,0,15.1666666667
Crew 2IA,NWCC,4,4,14.8333333333,0.3333333333,15.1666666667
Crew 2IA,NWCC,4,5,15,0.1666666667,15.1666666667
Crew 2IA,NWCC,5,1,15.1666666667,0,15.1666666667
Crew 2IA,NWCC,5,2,15.1666666667,0,15.1666666667
Crew 2IA,NWCC,5,3,15.1666666667,0,15.1666666667
Crew 2IA,NWCC,5,4,15.1666666667,0,15.1666666667
Crew 2IA,NWCC,5,5,14.8333333333,0.3333333333,15.1666666667
Crew 2IA,ONCC,1,1,6.5,0,6.5
Crew 2IA,ONCC,1,2,6.1666666667,0.3333333333,6.5
Crew 2IA,ONCC,1,3,6.3333333333,0.1666666667,6.5
Crew 2IA,ONCC,1,4,6.5,0,6.5
Crew 2IA,ONCC,1,5,6.5,0,6.5
Crew 2IA,ONCC,2,1,5.5,1,6.5
Crew 2IA,ONCC,2,2,5.1666666667,1.3333333333,6.5
Crew 2IA,ONCC,2,3,4.8333333333,1.6666666667,6.5
Crew 2IA,ONCC,2,4,5.8333333333,0.6666666667,6.5
Crew 2IA,ONCC,2,5,6.1666666667,0.3333333333,6.5
Crew 2IA,ONCC,3,1,6.5,0,6.5
Crew 2IA,ONCC,3,2,5.8333333333,0.6666666667,6.5
Crew 2IA,ONCC,3,3,4.8333333333,1.6666666667,6.5
Crew 2IA,ONCC,3,4,4.6666666667,1.8333333333,6.5
Crew 2IA,ONCC,3,5,5.5,1,6.5
Crew 2IA,ONCC,4,1,6.5,0,6.5
Crew 2IA,ONCC,4,2,6.5,0,6.5
Crew 2IA,ONCC,4,3,6.5,0,6.5
Crew 2IA,ONCC,4,4,6.1666666667,0.3333333333,6.5
Crew 2IA,ONCC,4,5,5.5,1,6.5
Crew 2IA,ONCC,5,1,6.5,0,6.5
Crew 2IA,ONCC,5,2,6.5,0,6.5
Crew 2IA,ONCC,5,3,6.5,0,6.5
Crew 2IA,ONCC,5,4,6.5,0,6.5
Crew 2IA,ONCC,5,5,6.1666666667,0.3333333333,6.5
Crew 2IA,OSCC,1,1,9.3333333333,0,9.3333333333
Crew 2IA,OSCC,1,2,8,1.3333333333,9.3333333333
Crew 2IA,OSCC,1,3,9.3333333333,0,9.3333333333
Crew 2IA,OSCC,1,4,9.3333333333,0,9.3333333333
Crew 2IA,OSCC,1,5,9.3333333333,0,9.3333333333
Crew 2IA,OSCC,2,1,9,0.3333333333,9.3333333333
Crew 2IA,OSCC,2,2,7.1666666667,2.1666666667,9.3333333333
Crew 2IA,OSCC,2,3,7.1666666667,2.1666666667,9.3333333333
Crew 2IA,OSCC,2,4,8.5,0.8333333333,9.3333333333
Crew 2IA,OSCC,2,5,9.3333333333,0,9.3333333333
Crew 2IA,OSCC,3,1,9,0.3333333333,9.3333333333
Crew 2IA,OSCC,3,2,7.3333333333,2,9.3333333333
Crew 2IA,OSCC,3,3,7.5,1.8333333333,9.3333333333
Crew 2IA,OSCC,3,4,7.6666666667,1.6666666667,9.3333333333
Crew 2IA,OSCC,3,5,7.3333333333,2,9.3333333333
Crew 2IA,OSCC,4,1,9.3333333333,0,9.3333333333
Crew 2IA,OSCC,4,2,9.1666666667,0.1666666667,9.3333333333
Crew 2IA,OSCC,4,3,9.3333333333,0,9.3333333333
Crew 2IA,OSCC,4,4,8.1666666667,1.1666666667,9.3333333333
Crew 2IA,OSCC,4,5,8.1666666667,1.1666666667,9.3333333333
Crew 2IA,OSCC,5,1,9.3333333333,0,9.3333333333
Crew 2IA,OSCC,5,2,9.3333333333,0,9.3333333333
Crew 2IA,OSCC,5,3,9.3333333333,0,9.3333333333
Crew 2IA,OSCC,5,4,9.3333333333,0,9.3333333333
Crew 2IA,OSCC,5,5,8.8333333333,0.5,9.3333333333
Crew 2IA,NRCC,1,1,8.5,0,8.5
Crew 2IA,NRCC,1,2,6.6666666667,1.8333333333,8.5
Crew 2IA,NRCC,1,3,6.5,2,8.5
Crew 2IA,NRCC,1,4,8.5,0,8.5
Crew 2IA,NRCC,1,5,8.5,0,8.5
Crew 2IA,NRCC,2,1,8.5,0,8.5
Crew 2IA,NRCC,2,2,8.5,0,8.5
Crew 2IA,NRCC,2,3,5,3.5,8.5
Crew 2IA,NRCC,2,4,7.5,1,8.5
Crew 2IA,NRCC,2,5,8.3333333333,0.1666666667,8.5
Crew 2IA,NRCC,3,1,8.5,0,8.5
Crew 2IA,NRCC,3,2,8.5,0,8.5
Crew 2IA,NRCC,3,3,8.3333333333,0.1666666667,8.5
Crew 2IA,NRCC,3,4,7.8333333333,0.6666666667,8.5
Crew 2IA,NRCC,3,5,8.1666666667,0.3333333333,8.5
Crew 2IA,NRCC,4,1,8.5,0,8.5
Crew 2IA,NRCC,4,2,8.5,0,8.5
Crew 2IA,NRCC,4,3,8.5,0,8.5
Crew 2IA,NRCC,4,4,8.5,0,8.5
Crew 2IA,NRCC,4,5,8.5,0,8.5
Crew 2IA,NRCC,5,1,8.5,0,8.5
Crew 2IA,NRCC,5,2,8.5,0,8.5
Crew 2IA,NRCC,5,3,8.5,0,8.5
Crew 2IA,NRCC,5,4,8.5,0,8.5
Crew 2IA,NRCC,5,5,8.5,0,8.5
Crew 2IA,GBCC,1,1,7.1666666667,0,7.1666666667
Crew 2IA,GBCC,1,2,6.1666666667,1,7.1666666667
Crew 2IA,GBCC,1,3,7,0.1666666667,7.1666666667
Crew 2IA,GBCC,1,4,7.1666666667,0,7.1666666667
Crew 2IA,GBCC,1,5,7.1666666667,0,7.1666666667
Crew 2IA,GBCC,2,1,7.1666666667,0,7.1666666667
Crew 2IA,GBCC,2,2,6.5,0.6666666667,7.1666666667
Crew 2IA,GBCC,2,3,6.3333333333,0.8333333333,7.1666666667
Crew 2IA,GBCC,2,4,6.6666666667,0.5,7.1666666667
Crew 2IA,GBCC,2,5,6.3333333333,0.8333333333,7.1666666667
Crew 2IA,GBCC,3,1,7.1666666667,0,7.1666666667
Crew 2IA,GBCC,3,2,7.1666666667,0,7.1666666667
Crew 2IA,GBCC,3,3,6.1666666667,1,7.1666666667
Crew 2IA,GBCC,3,4,6,1.1666666667,7.1666666667
Crew 2IA,GBCC,3,5,6.8333333333,0.3333333333,7.1666666667
Crew 2IA,GBCC,4,1,7.1666666667,0,7.1666666667
Crew 2IA,GBCC,4,2,7.1666666667,0,7.1666666667
Crew 2IA,GBCC,4,3,7.1666666667,0,7.1666666667
Crew 2IA,GBCC,4,4,7.1666666667,0,7.1666666667
Crew 2IA,GBCC,4,5,7,0.1666666667,7.1666666667
Crew 2IA,GBCC,5,1,7.1666666667,0,7.1666666667
Crew 2IA,GBCC,5,2,7.1666666667,0,7.1666666667
Crew 2IA,GBCC,5,3,7.1666666667,0,7.1666666667
Crew 2IA,GBCC,5,4,7.1666666667,0,7.1666666667
Crew 2IA,GBCC,5,5,7.1666666667,0,7.1666666667
Crew 2IA,SWCC,1,1,3.3333333333,0.1666666667,3.5
Crew 2IA,SWCC,1,2,3.5,0,3.5
Crew 2IA,SWCC,1,3,3.1666666667,0.3333333333,3.5
Crew 2IA,SWCC,1,4,3.3333333333,0.1666666667,3.5
Crew 2IA,SWCC,1,5,3.5,0,3.5
Crew 2IA,SWCC,2,1,3.5,0,3.5
Crew 2IA,SWCC,2,2,3.5,0,3.5
Crew 2IA,SWCC,2,3,2.3333333333,1.1666666667,3.5
Crew 2IA,SWCC,2,4,3,0.5,3.5
Crew 2IA,SWCC,2,5,3,0.5,3.5
Crew 2IA,SWCC,3,1,3.5,0,3.5
Crew 2IA,SWCC,3,2,3.5,0,3.5
Crew 2IA,SWCC,3,3,3.5,0,3.5
Crew 2IA,SWCC,3,4,3.1666666667,0.3333333333,3.5
Crew 2IA,SWCC,3,5,3.5,0,3.5
Crew 2IA,SWCC,4,1,3.5,0,3.5
Crew 2IA,SWCC,4,2,3.5,0,3.5
Crew 2IA,SWCC,4,3,3.5,0,3.5
Crew 2IA,SWCC,4,4,3.5,0,3.5
Crew 2IA,SWCC,4,5,3.5,0,3.5
Crew 2IA,SWCC,5,1,3.5,0,3.5
Crew 2IA,SWCC,5,2,3.5,0,3.5
Crew 2IA,SWCC,5,3,3.5,0,3.5
Crew 2IA,SWCC,5,4,3.5,0,3.5
Crew 2IA,SWCC,5,5,3.5,0,3.5
Crew 2IA,RMCC,1,1,4,0,4
Crew 2IA,RMCC,1,2,4,0,4
Crew 2IA,RMCC,1,3,4,0,4
Crew 2IA,RMCC,1,4,4,0,4
Crew 2IA,RMCC,1,5,4,0,4
Crew 2IA,RMCC,2,1,4,0,4
Crew 2IA,RMCC,2,2,3.8333333333,0.1666666667,4
Crew 2IA,RMCC,2,3,3,1,4
Crew 2IA,RMCC,2,4,3.3333333333,0.6666666667,4
Crew 2IA,RMCC,2,5,3.1666666667,0.8333333333,4
Crew 2IA,RMCC,3,1,4,0,4
Crew 2IA,RMCC,3,2,4,0,4
Crew 2IA,RMCC,3,3,3.8333333333,0.1666666667,4
Crew 2IA,RMCC,3,4,3.8333333333,0.1666666667,4
Crew 2IA,RMCC,3,5,3.5,0.5,4
Crew 2IA,RMCC,4,1,4,0,4
Crew 2IA,RMCC,4,2,4,0,4
Crew 2IA,RMCC,4,3,4,0,4
Crew 2IA,RMCC,4,4,4,0,4
Crew 2IA,RMCC,4,5,4,0,4
Crew 2IA,RMCC,5,1,4,0,4
Crew 2IA,RMCC,5,2,4,0,4
Crew 2IA,RMCC,5,3,4,0,4
Crew 2IA,RMCC,5,4,4,0,4
Crew 2IA,RMCC,5,5,4,0,4
Crew 2IA,EACC,1,1,2.8333333333,0,2.8333333333
Crew 2IA,EACC,1,2,2.8333333333,0,2.8333333333
Crew 2IA,EACC,1,3,2,0.8333333333,2.8333333333
Crew 2IA,EACC,1,4,1.6666666667,1.1666666667,2.8333333333
Crew 2IA,EACC,1,5,2.3333333333,0.5,2.8333333333
Crew 2IA,EACC,2,1,2.8333333333,0,2.8333333333
Crew 2IA,EACC,2,2,2.8333333333,0,2.8333333333
Crew 2IA,EACC,2,3,2.3333333333,0.5,2.8333333333
Crew 2IA,EACC,2,4,2.6666666667,0.1666666667,2.8333333333
Crew 2IA,EACC,2,5,2.8333333333,0,2.8333333333
Crew 2IA,EACC,3,1,2.8333333333,0,2.8333333333
Crew 2IA,EACC,3,2,2.8333333333,0,2.8333333333
Crew 2IA,EACC,3,3,2.8333333333,0,2.8333333333
Crew 2IA,EACC,3,4,2.8333333333,0,2.8333333333
Crew 2IA,EACC,3,5,2.5,0.3333333333,2.8333333333
Crew 2IA,EACC,4,1,2.8333333333,0,2.8333333333
Crew 2IA,EACC,4,2,2.8333333333,0,2.8333333333
Crew 2IA,EACC,4,3,2.8333333333,0,2.8333333333
Crew 2IA,EACC,4,4,2.8333333333,0,2.8333333333
Crew 2IA,EACC,4,5,2.5,0.3333333333,2.8333333333
Crew 2IA,EACC,5,1,2.8333333333,0,2.8333333333
Crew 2IA,EACC,5,2,2.8333333333,0,2.8333333333
Crew 2IA,EACC,5,3,2.8333333333,0,2.8333333333
Crew 2IA,EACC,5,4,2.8333333333,0,2.8333333333
Crew 2IA,EACC,5,5,2.8333333333,0,2.8333333333
Crew 2IA,SACC,1,1,1.8333333333,0,1.8333333333
Crew 2IA,SACC,1,2,1.5,0.3333333333,1.8333333333
Crew 2IA,SACC,1,3,1.3333333333,0.5,1.8333333333
Crew 2IA,SACC,1,4,1,0.8333333333,1.8333333333
Crew 2IA,SACC,1,5,1.5,0.3333333333,1.8333333333
Crew 2IA,SACC,2,1,1.6666666667,0.1666666667,1.8333333333
Crew 2IA,SACC,2,2,1.6666666667,0.1666666667,1.8333333333
Crew 2IA,SACC,2,3,1.6666666667,0.1666666667,1.8333333333
Crew 2IA,SACC,2,4,1.6666666667,0.1666666667,1.8333333333
Crew 2IA,SACC,2,5,1.6666666667,0.1666666667,1.8333333333
Crew 2IA,SACC,3,1,1.8333333333,0,1.8333333333
Crew 2IA,SACC,3,2,1.8333333333,0,1.8333333333
Crew 2IA,SACC,3,3,1.8333333333,0,1.8333333333
Crew 2IA,SACC,3,4,1.8333333333,0,1.8333333333
Crew 2IA,SACC,3,5,1.8333333333,0,1.8333333333
Crew 2IA,SACC,4,1,1.8333333333,0,1.8333333333
Crew 2IA,SACC,4,2,1.8333333333,0,1.8333333333
Crew 2IA,SACC,4,3,1.8333333333,0,1.8333333333
Crew 2IA,SACC,4,4,1.8333333333,0,1.8333333333
Crew 2IA,SACC,4,5,1.8333333333,0,1.8333333333
Crew 2IA,SACC,5,1,1.8333333333,0,1.8333333333
Crew 2IA,SACC,5,2,1.8333333333,0,1.8333333333
Crew 2IA,SACC,5,3,1.8333333333,0,1.8333333333
Crew 2IA,SACC,5,4,1.8333333333,0,1.8333333333
Crew 2IA,SACC,5,5,1.8333333333,0,1.8333333333
Crew 2,AICC,1,1,0,0,0
Crew 2,AICC,1,2,0,0,0
Crew 2,AICC,1,3,0,0,0
Crew 2,AICC,1,4,0,0,0
Crew 2,AICC,1,5,0,0,0
Crew 2,AICC,2,1,0,0,0
Crew 2,AICC,2,2,0,0,0
Crew 2,AICC,2,3,0,0,0
Crew 2,AICC,2,4,0,0,0
Crew 2,AICC,2,5,0,0,0
Crew 2,AICC,3,1,0,0,0
Crew 2,AICC,3,2,0,0,0
Crew 2,AICC,3,3,0,0,0
Crew 2,AICC,3,4,0,0,0
Crew 2,AICC,3,5,0,0,0
Crew 2,AICC,4,1,0,0,0
Crew 2,AICC,4,2,0,0,0
Crew 2,AICC,4,3,0,0,0
Crew 2,AICC,4,4,0,0,0
Crew 2,AICC,4,5,0,0,0
Crew 2,AICC,5,1,0,0,0
Crew 2,AICC,5,2,0,0,0
Crew 2,AICC,5,3,0,0,0
Crew 2,AICC,5,4,0,0,0
Crew 2,AICC,5,5,0,0,0
Crew 2,NWCC,1,1,1.8333333333,0,1.8333333333
Crew 2,NWCC,1,2,1.8333333333,0,1.8333333333
Crew 2,NWCC,1,3,1.6666666667,0.1666666667,1.8333333333
Crew 2,NWCC,1,4,1.8333333333,0,1.8333333333
Crew 2,NWCC,1,5,1.8333333333,0,1.8333333333
Crew 2,NWCC,2,1,1.8333333333,0,1.8333333333
Crew 2,NWCC,2,2,1.8333333333,0,1.8333333333
Crew 2,NWCC,2,3,1.5,0.3333333333,1.8333333333
Crew 2,NWCC,2,4,1.8333333333,0,1.8333333333
Crew 2,NWCC,2,5,1.8333333333,0,1.8333333333
Crew 2,NWCC,3,1,1.8333333333,0,1.8333333333
Crew 2,NWCC,3,2,1.8333333333,0,1.8333333333
Crew 2,NWCC,3,3,1.6666666667,0.1666666667,1.8333333333
Crew 2,NWCC,3,4,1.6666666667,0.1666666667,1.8333333333
Crew 2,NWCC,3,5,1.8333333333,0,1.8333333333
Crew 2,NWCC,4,1,1.8333333333,0,1.8333333333
Crew 2,NWCC,4,2,1.8333333333,0,1.8333333333
Crew 2,NWCC,4,3,1.8333333333,0,1.8333333333
Crew 2,NWCC,4,4,1.8333333333,0,1.8333333333
Crew 2,NWCC,4,5,1.8333333333,0,1.8333333333
Crew 2,NWCC,5,1,1.8333333333,0,1.8333333333
Crew 2,NWCC,5,2,1.8333333333,0,1.8333333333
Crew 2,NWCC,5,3,1.8333333333,0,1.8333333333
Crew 2,NWCC,5,4,1.8333333333,0,1.8333333333
Crew 2,NWCC,5,5,1.8333333333,0,1.8333333333
Crew 2,ONCC,1,1,3,0,3
Crew 2,ONCC,1,2,3,0,3
Crew 2,ONCC,1,3,3,0,3
Crew 2,ONCC,1,4,3,0,3
Crew 2,ONCC,1,5,3,0,3
Crew 2,ONCC,2,1,3,0,3
Crew 2,ONCC,2,2,3,0,3
Crew 2,ONCC,2,3,3,0,3
Crew 2,ONCC,2,4,3,0,3
Crew 2,ONCC,2,5,3,0,3
Crew 2,ONCC,3,1,3,0,3
Crew 2,ONCC,3,2,3,0,3
Crew 2,ONCC,3,3,3,0,3
Crew 2,ONCC,3,4,3,0,3
Crew 2,ONCC,3,5,3,0,3
Crew 2,ONCC,4,1,3,0,3
Crew 2,ONCC,4,2,3,0,3
Crew 2,ONCC,4,3,3,0,3
Crew 2,ONCC,4,4,3,0,3
Crew 2,ONCC,4,5,3,0,3
Crew 2,ONCC,5,1,3,0,3
Crew 2,ONCC,5,2,3,0,3
Crew 2,ONCC,5,3,3,0,3
Crew 2,ONCC,5,4,3,0,3
Crew 2,ONCC,5,5,3,0,3
Crew 2,OSCC,1,1,12.3333333333,0,12.3333333333
Crew 2,OSCC,1,2,11.8333333333,0.5,12.3333333333
Crew 2,OSCC,1,3,12.3333333333,0,12.3333333333
Crew 2,OSCC,1,4,12.3333333333,0,12.3333333333
Crew 2,OSCC,1,5,12.3333333333,0,12.3333333333
Crew 2,OSCC,2,1,12.3333333333,0,12.3333333333
Crew 2,OSCC,2,2,11.5,0.8333333333,12.3333333333
Crew 2,OSCC,2,3,11.6666666667,0.6666666667,12.3333333333
Crew 2,OSCC,2,4,12.3333333333,0,12.3333333333
Crew 2,OSCC,2,5,12.3333333333,0,12.3333333333
Crew 2,OSCC,3,1,12.3333333333,0,12.3333333333
Crew 2,OSCC,3,2,12,0.3333333333,12.3333333333
Crew 2,OSCC,3,3,11.8333333333,0.5,12.3333333333
Crew 2,OSCC,3,4,11.3333333333,1,12.3333333333
Crew 2,OSCC,3,5,11.1666666667,1.1666666667,12.3333333333
Crew 2,OSCC,4,1,12.3333333333,0,12.3333333333
Crew 2,OSCC,4,2,12.1666666667,0.1666666667,12.3333333333
Crew 2,OSCC,4,3,12.3333333333,0,12.3333333333
Crew 2,OSCC,4,4,11.6666666667,0.6666666667,12.3333333333
Crew 2,OSCC,4,5,12.3333333333,0,12.3333333333
Crew 2,OSCC,5,1,12.3333333333,0,12.3333333333
Crew 2,OSCC,5,2,12.3333333333,0,12.3333333333
Crew 2,OSCC,5,3,12.3333333333,0,12.3333333333
Crew 2,OSCC,5,4,12.3333333333,0,12.3333333333
Crew 2,OSCC,5,5,12.3333333333,0,12.3333333333
Crew 2,NRCC,1,1,0.5,0,0.5
Crew 2,NRCC,1,2,0.5,0,0.5
Crew 2,NRCC,1,3,0.5,0,0.5
Crew 2,NRCC,1,4,0.5,0,0.5
Crew 2,NRCC,1,5,0.5,0,0.5
Crew 2,NRCC,2,1,0.5,0,0.5
Crew 2,NRCC,2,2,0.5,0,0.5
Crew 2,NRCC,2,3,0.5,0,0.5
Crew 2,NRCC,2,4,0.5,0,0.5
Crew 2,NRCC,2,5,0.5,0,0.5
Crew 2,NRCC,3,1,0.5,0,0.5
Crew 2,NRCC,3,2,0.5,0,0.5
Crew 2,NRCC,3,3,0.5,0,0.5
Crew 2,NRCC,3,4,0.5,0,0.5
Crew 2,NRCC,3,5,0.5,0,0.5
Crew 2,NRCC,4,1,0.5,0,0.5
Crew 2,NRCC,4,2,0.5,0,0.5
Crew 2,NRCC,4,3,0.5,0,0.5
Crew 2,NRCC,4,4,0.5,0,0.5
Crew 2,NRCC,4,5,0.5,0,0.5
Crew 2,NRCC,5,1,0.5,0,0.5
Crew 2,NRCC,5,2,0.5,0,0.5
Crew 2,NRCC,5,3,0.5,0,0.5
Crew 2,NRCC,5,4,0.5,0,0.5
Crew 2,NRCC,5,5,0.5,0,0.5
Crew 2,GBCC,1,1,0.8333333333,0,0.8333333333
Crew 2,GBCC,1,2,0.8333333333,0,0.8333333333
Crew 2,GBCC,1,3,0.8333333333,0,0.8333333333
Crew 2,GBCC,1,4,0.8333333333,0,0.8333333333
Crew 2,GBCC,1,5,0.8333333333,0,0.8333333333
Crew 2,GBCC,2,1,0.8333333333,0,0.8333333333
Crew 2,GBCC,2,2,0.8333333333,0,0.8333333333
Crew 2,GBCC,2,3,0.6666666667,0.1666666667,0.8333333333
Crew 2,GBCC,2,4,0.8333333333,0,0.8333333333
Crew 2,GBCC,2,5,0.8333333333,0,0.8333333333
Crew 2,GBCC,3,1,0.8333333333,0,0.8333333333
Crew 2,GBCC,3,2,0.8333333333,0,0.8333333333
Crew 2,GBCC,3,3,0.6666666667,0.1666666667,0.8333333333
Crew 2,GBCC,3,4,0.8333333333,0,0.8333333333
Crew 2,GBCC,3,5,0.8333333333,0,0.8333333333
Crew 2,GBCC,4,1,0.8333333333,0,0.8333333333
Crew 2,GBCC,4,2,0.8333333333,0,0.8333333333
Crew 2,GBCC,4,3,0.8333333333,0,0.8333333333
Crew 2,GBCC,4,4,0.8333333333,0,0.8333333333
Crew 2,GBCC,4,5,0.8333333333,0,0.8333333333
Crew 2,GBCC,5,1,0.8333333333,0,0.8333333333
Crew 2,GBCC,5,2,0.8333333333,0,0.8333333333
Crew 2,GBCC,5,3,0.8333333333,0,0.8333333333
Crew 2,GBCC,5,4,0.8333333333,0,0.8333333333
Crew 2,GBCC,5,5,0.8333333333,0,0.8333333333
Crew 2,SWCC,1,1,0.1666666667,0,0.1666666667
Crew 2,SWCC,1,2,0.1666666667,0,0.1666666667
Crew 2,SWCC,1,3,0.1666666667,0,0.1666666667
Crew 2,SWCC,1,4,0.1666666667,0,0.1666666667
Crew 2,SWCC,1,5,0.1666666667,0,0.1666666667
Crew 2,SWCC,2,1,0.1666666667,0,0.1666666667
Crew 2,SWCC,2,2,0.1666666667,0,0.1666666667
Crew 2,SWCC,2,3,0.1666666667,0,0.1666666667
Crew 2,SWCC,2,4,0.1666666667,0,0.1666666667
Crew 2,SWCC,2,5,0.1666666667,0,0.1666666667
Crew 2,SWCC,3,1,0.1666666667,0,0.1666666667
Crew 2,SWCC,3,2,0.1666666667,0,0.1666666667
Crew 2,SWCC,3,3,0.1666666667,0,0.1666666667
Crew 2,SWCC,3,4,0.1666666667,0,0.1666666667
Crew 2,SWCC,3,5,0.1666666667,0,0.1666666667
Crew 2,SWCC,4,1,0.1666666667,0,0.1666666667
Crew 2,SWCC,4,2,0.1666666667,0,0.1666666667
Crew 2,SWCC,4,3,0.1666666667,0,0.1666666667
Crew 2,SWCC,4,4,0.1666666667,0,0.1666666667
Crew 2,SWCC,4,5,0.1666666667,0,0.1666666667
Crew 2,SWCC,5,1,0.1666666667,0,0.1666666667
Crew 2,SWCC,5,2,0.1666666667,0,0.1666666667
Crew 2,SWCC,5,3,0.1666666667,0,0.1666666667
Crew 2,SWCC,5,4,0.1666666667,0,0.1666666667
Crew 2,SWCC,5,5,0.1666666667,0,0.1666666667
Crew 2,RMCC,1,1,0.3333333333,0,0.3333333333
Crew 2,RMCC,1,2,0.3333333333,0,0.3333333333
Crew 2,RMCC,1,3,0.3333333333,0,0.3333333333
Crew 2,RMCC,1,4,0.3333333333,0,0.3333333333
Crew 2,RMCC,1,5,0.3333333333,0,0.3333333333
Crew 2,RMCC,2,1,0.3333333333,0,0.3333333333
Crew 2,RMCC,2,2,0.3333333333,0,0.3333333333
Crew 2,RMCC,2,3,0.3333333333,0,0.3333333333
Crew 2,RMCC,2,4,0.3333333333,0,0.3333333333
Crew 2,RMCC,2,5,0.3333333333,0,0.3333333333
Crew 2,RMCC,3,1,0.3333333333,0,0.3333333333
Crew 2,RMCC,3,2,0.3333333333,0,0.3333333333
Crew 2,RMCC,3,3,0.3333333333,0,0.3333333333
Crew 2,RMCC,3,4,0.3333333333,0,0.3333333333
Crew 2,RMCC,3,5,0.3333333333,0,0.3333333333
Crew 2,RMCC,4,1,0.3333333333,0,0.3333333333
Crew 2,RMCC,4,2,0.3333333333,0,0.3333333333
Crew 2,RMCC,4,3,0.3333333333,0,0.3333333333
Crew 2,RMCC,4,4,0.3333333333,0,0.3333333333
Crew 2,RMCC,4,5,0.3333333333,0,0.3333333333
Crew 2,RMCC,5,1,0.3333333333,0,0.3333333333
Crew 2,RMCC,5,2,0.3333333333,0,0.3333333333
Crew 2,RMCC,5,3,0.3333333333,0,0.3333333333
Crew 2,RMCC,5,4,0.3333333333,0,0.3333333333
Crew 2,RMCC,5,5,0.3333333333,0,0.3333333333
Crew 2,EACC,1,1,0.3333333333,0,0.3333333333
Crew 2,EACC,1,2,0.3333333333,0,0.3333333333
Crew 2,EACC,1,3,0.3333333333,0,0.3333333333
Crew 2,EACC,1,4,0.3333333333,0,0.3333333333
Crew 2,EACC,1,5,0.3333333333,0,0.3333333333
Crew 2,EACC,2,1,0.3333333333,0,0.3333333333
Crew 2,EACC,2,2,0.3333333333,0,0.3333333333
Crew 2,EACC,2,3,0.3333333333,0,0.3333333333
Crew 2,EACC,2,4,0.3333333333,0,0.3333333333
Crew 2,EACC,2,5,0.3333333333,0,0.3333333333
Crew 2,EACC,3,1,0.3333333333,0,0.3333333333
Crew 2,EACC,3,2,0.3333333333,0,0.3333333333
Crew 2,EACC,3,3,0.3333333333,0,0.3333333333
Crew 2,EACC,3,4,0.3333333333,0,0.3333333333
Crew 2,EACC,3,5,0.3333333333,0,0.3333333333
Crew 2,EACC,4,1,0.3333333333,0,0.3333333333
Crew 2,EACC,4,2,0.3333333333,0,0.3333333333
Crew 2,EACC,4,3,0.3333333333,0,0.3333333333
Crew 2,EACC,4,4,0.3333333333,0,0.3333333333
Crew 2,EACC,4,5,0.3333333333,0,0.3333333333
Crew 2,EACC,5,1,0.3333333333,0,0.3333333333
Crew 2,EACC,5,2,0.3333333333,0,0.3333333333
Crew 2,EACC,5,3,0.3333333333,0,0.3333333333
Crew 2,EACC,5,4,0.3333333333,0,0.3333333333
Crew 2,EACC,5,5,0.3333333333,0,0.3333333333
Crew 2,SACC,1,1,1.1666666667,0,1.1666666667
Crew 2,SACC,1,2,1.1666666667,0,1.1666666667
Crew 2,SACC,1,3,0.8333333333,0.3333333333,1.1666666667
Crew 2,SACC,1,4,0.8333333333,0.3333333333,1.1666666667
Crew 2,SACC,1,5,0.8333333333,0.3333333333,1.1666666667
Crew 2,SACC,2,1,1.1666666667,0,1.1666666667
Crew 2,SACC,2,2,1,0.1666666667,1.1666666667
Crew 2,SACC,2,3,1.1666666667,0,1.1666666667
Crew 2,SACC,2,4,1,0.1666666667,1.1666666667
Crew 2,SACC,2,5,0.8333333333,0.3333333333,1.1666666667
Crew 2,SACC,3,1,1.1666666667,0,1.1666666667
Crew 2,SACC,3,2,1.1666666667,0,1.1666666667
Crew 2,SACC,3,3,1,0.1666666667,1.1666666667
Crew 2,SACC,3,4,1.1666666667,0,1.1666666667
Crew 2,SACC,3,5,1.1666666667,0,1.1666666667
Crew 2,SACC,4,1,1.1666666667,0,1.1666666667
Crew 2,SACC,4,2,1.1666666667,0,1.1666666667
Crew 2,SACC,4,3,1.1666666667,0,1.1666666667
Crew 2,SACC,4,4,1,0.1666666667,1.1666666667
Crew 2,SACC,4,5,1.1666666667,0,1.1666666667
Crew 2,SACC,5,1,1.1666666667,0,1.1666666667
Crew 2,SACC,5,2,1.1666666667,0,1.1666666667
Crew 2,SACC,5,3,1.1666666667,0,1.1666666667
Crew 2,SACC,5,4,1.1666666667,0,1.1666666667
Crew 2,SACC,5,5,1.1666666667,0,1.1666666667
Engine 3,AICC,1,1,0,0,0
Engine 3,AICC,1,2,0,0,0
Engine 3,AICC,1,3,0,0,0
Engine 3,AICC,1,4,0,0,0
Engine 3,AICC,1,5,0,0,0
Engine 3,AICC,2,1,0,0,0
Engine 3,AICC,2,2,0,0,0
Engine 3,AICC,2,3,0,0,0
Engine 3,AICC,2,4,0,0,0
Engine 3,AICC,2,5,0,0,0
Engine 3,AICC,3,1,0,0,0
Engine 3,AICC,3,2,0,0,0
Engine 3,AICC,3,3,0,0,0
Engine 3,AICC,3,4,0,0,0
Engine 3,AICC,3,5,0,0,0
Engine 3,AICC,4,1,0,0,0
Engine 3,AICC,4,2,0,0,0
Engine 3,AICC,4,3,0,0,0
Engine 3,AICC,4,4,0,0,0
Engine 3,AICC,4,5,0,0,0
Engine 3,AICC,5,1,0,0,0
Engine 3,AICC,5,2,0,0,0
Engine 3,AICC,5,3,0,0,0
Engine 3,AICC,5,4,0,0,0
Engine 3,AICC,5,5,0,0,0
Engine 3,NWCC,1,1,28.8333333333,0.5,29.3333333333
Engine 3,NWCC,1,2,26.6666666667,2.6666666667,29.3333333333
Engine 3,NWCC,1,3,29,0.3333333333,29.3333333333
Engine 3,NWCC,1,4,29.3333333333,0,29.3333333333
Engine 3,NWCC,1,5,29.3333333333,0,29.3333333333
Engine 3,NWCC,2,1,29.3333333333,0,29.3333333333
Engine 3,NWCC,2,2,28.1666666667,1.1666666667,29.3333333333
Engine 3,NWCC,2,3,26.3333333333,3,29.3333333333
Engine 3,NWCC,2,4,28.3333333333,1,29.3333333333
Engine 3,NWCC,2,5,29.1666666667,0.1666666667,29.3333333333
Engine 3,NWCC,3,1,29.3333333333,0,29.3333333333
Engine 3,NWCC,3,2,29.3333333333,0,29.3333333333
Engine 3,NWCC,3,3,28,1.3333333333,29.3333333333
Engine 3,NWCC,3,4,28.5,0.8333333333,29.3333333333
Engine 3,NWCC,3,5,28.8333333333,0.5,29.3333333333
Engine 3,NWCC,4,1,29.3333333333,0,29.3333333333
Engine 3,NWCC,4,2,29.3333333333,0,29.3333333333
Engine 3,NWCC,4,3,28.6666666667,0.6666666667,29.3333333333
Engine 3,NWCC,4,4,28.5,0.8333333333,29.3333333333
Engine 3,NWCC,4,5,28.8333333333,0.5,29.3333333333
Engine 3,NWCC,5,1,29.3333333333,0,29.3333333333
Engine 3,NWCC,5,2,29.3333333333,0,29.3333333333
Engine 3,NWCC,5,3,29.3333333333,0,29.3333333333
Engine 3,NWCC,5,4,29.3333333333,0,29.3333333333
Engine 3,NWCC,5,5,28.5,0.8333333333,29.3333333333
Engine 3,ONCC,1,1,124,3.6666666667,127.6666666667
Engine 3,ONCC,1,2,117.6666666667,10,127.6666666667
Engine 3,ONCC,1,3,125.6666666667,2,127.6666666667
Engine 3,ONCC,1,4,127.6666666667,0,127.6666666667
Engine 3,ONCC,1,5,127.6666666667,0,127.6666666667
Engine 3,ONCC,2,1,123.3333333333,4.3333333333,127.6666666667
Engine 3,ONCC,2,2,121.1666666667,6.5,127.6666666667
Engine 3,ONCC,2,3,117.5,10.1666666667,127.6666666667
Engine 3,ONCC,2,4,126.3333333333,1.3333333333,127.6666666667
Engine 3,ONCC,2,5,126.1666666667,1.5,127.6666666667
Engine 3,ONCC,3,1,127.6666666667,0,127.6666666667
Engine 3,ONCC,3,2,124.6666666667,3,127.6666666667
Engine 3,ONCC,3,3,118.1666666667,9.5,127.6666666667
Engine 3,ONCC,3,4,119.3333333333,8.3333333333,127.6666666667
Engine 3,ONCC,3,5,125.5,2.1666666667,127.6666666667
Engine 3,ONCC,4,1,127.6666666667,0,127.6666666667
Engine 3,ONCC,4,2,127.6666666667,0,127.6666666667
Engine 3,ONCC,4,3,127.5,0.1666666667,127.6666666667
Engine 3,ONCC,4,4,126.3333333333,1.3333333333,127.6666666667
Engine 3,ONCC,4,5,127.1666666667,0.5,127.6666666667
Engine 3,ONCC,5,1,127.6666666667,0,127.6666666667
Engine 3,ONCC,5,2,127.6666666667,0,127.6666666667
Engine 3,ONCC,5,3,127.6666666667,0,127.6666666667
Engine 3,ONCC,5,4,127,0.6666666667,127.6666666667
Engine 3,ONCC,5,5,126.8333333333,0.8333333333,127.6666666667
Engine 3,OSCC,1,1,182.8333333333,1.1666666667,184
Engine 3,OSCC,1,2,178.8333333333,5.1666666667,184
Engine 3,OSCC,1,3,184,0,184
Engine 3,OSCC,1,4,184,0,184
Engine 3,OSCC,1,5,184,0,184
Engine 3,OSCC,2,1,182.6666666667,1.3333333333,184
Engine 3,OSCC,2,2,176.6666666667,7.3333333333,184
Engine 3,OSCC,2,3,169.3333333333,14.6666666667,184
Engine 3,OSCC,2,4,178.1666666667,5.8333333333,184
Engine 3,OSCC,2,5,184,0,184
Engine 3,OSCC,3,1,182.1666666667,1.8333333333,184
Engine 3,OSCC,3,2,181,3,184
Engine 3,OSCC,3,3,176.3333333333,7.6666666667,184
Engine 3,OSCC,3,4,171.3333333333,12.6666666667,184
Engine 3,OSCC,3,5,167.8333333333,16.1666666667,184
Engine 3,OSCC,4,1,184,0,184
Engine 3,OSCC,4,2,182.3333333333,1.6666666667,184
Engine 3,OSCC,4,3,184,0,184
Engine 3,OSCC,4,4,181.1666666667,2.8333333333,184
Engine 3,OSCC,4,5,174,10,184
Engine 3,OSCC,5,1,184,0,184
Engine 3,OSCC,5,2,184,0,184
Engine 3,OSCC,5,3,184,0,184
Engine 3,OSCC,5,4,184,0,184
Engine 3,OSCC,5,5,183.5,0.5,184
Engine 3,NRCC,1,1,0,0,0
Engine 3,NRCC,1,2,0,0,0
Engine 3,NRCC,1,3,0,0,0
Engine 3,NRCC,1,4,0,0,0
Engine 3,NRCC,1,5,0,0,0
Engine 3,NRCC,2,1,0,0,0
Engine 3,NRCC,2,2,0,0,0
Engine 3,NRCC,2,3,0,0,0
Engine 3,NRCC,2,4,0,0,0
Engine 3,NRCC,2,5,0,0,0
Engine 3,NRCC,3,1,0,0,0
Engine 3,NRCC,3,2,0,0,0
Engine 3,NRCC,3,3,0,0,0
Engine 3,NRCC,3,4,0,0,0
Engine 3,NRCC,3,5,0,0,0
Engine 3,NRCC,4,1,0,0,0
Engine 3,NRCC,4,2,0,0,0
Engine 3,NRCC,4,3,0,0,0
Engine 3,NRCC,4,4,0,0,0
Engine 3,NRCC,4,5,0,0,0
Engine 3,NRCC,5,1,0,0,0
Engine 3,NRCC,5,2,0,0,0
Engine 3,NRCC,5,3,0,0,0
Engine 3,NRCC,5,4,0,0,0
Engine 3,NRCC,5,5,0,0,0
Engine 3,GBCC,1,1,14.3333333333,1.3333333333,15.6666666667
Engine 3,GBCC,1,2,12.8333333333,2.8333333333,15.6666666667
Engine 3,GBCC,1,3,15.1666666667,0.5,15.6666666667
Engine 3,GBCC,1,4,15.6666666667,0,15.6666666667
Engine 3,GBCC,1,5,15.6666666667,0,15.6666666667
Engine 3,GBCC,2,1,15.6666666667,0,15.6666666667
Engine 3,GBCC,2,2,14.6666666667,1,15.6666666667
Engine 3,GBCC,2,3,14,1.6666666667,15.6666666667
Engine 3,GBCC,2,4,15.3333333333,0.3333333333,15.6666666667
Engine 3,GBCC,2,5,15.1666666667,0.5,15.6666666667
Engine 3,GBCC,3,1,15.6666666667,0,15.6666666667
Engine 3,GBCC,3,2,15.5,0.1666666667,15.6666666667
Engine 3,GBCC,3,3,14.3333333333,1.3333333333,15.6666666667
Engine 3,GBCC,3,4,15.1666666667,0.5,15.6666666667
Engine 3,GBCC,3,5,15.5,0.1666666667,15.6666666667
Engine 3,GBCC,4,1,15.6666666667,0,15.6666666667
Engine 3,GBCC,4,2,15.6666666667,0,15.6666666667
Engine 3,GBCC,4,3,15.6666666667,0,15.6666666667
Engine 3,GBCC,4,4,15.6666666667,0,15.6666666667
Engine 3,GBCC,4,5,15.3333333333,0.3333333333,15.6666666667
Engine 3,GBCC,5,1,15.6666666667,0,15.6666666667
Engine 3,GBCC,5,2,15.6666666667,0,15.6666666667
Engine 3,GBCC,5,3,15.6666666667,0,15.6666666667
Engine 3,GBCC,5,4,15.6666666667,0,15.6666666667
Engine 3,GBCC,5,5,15.6666666667,0,15.6666666667
Engine 3,SWCC,1,1,29.5,0.3333333333,29.8333333333
Engine 3,SWCC,1,2,29.3333333333,0.5,29.8333333333
Engine 3,SWCC,1,3,29.6666666667,0.1666666667,29.8333333333
Engine 3,SWCC,1,4,29.5,0.3333333333,29.8333333333
Engine 3,SWCC,1,5,29.8333333333,0,29.8333333333
Engine 3,SWCC,2,1,29.8333333333,0,29.8333333333
Engine 3,SWCC,2,2,28.5,1.3333333333,29.8333333333
Engine 3,SWCC,2,3,25.1666666667,4.6666666667,29.8333333333
Engine 3,SWCC,2,4,25.5,4.3333333333,29.8333333333
Engine 3,SWCC,2,5,25,4.8333333333,29.8333333333
Engine 3,SWCC,3,1,29.8333333333,0,29.8333333333
Engine 3,SWCC,3,2,29.8333333333,0,29.8333333333
Engine 3,SWCC,3,3,28.5,1.3333333333,29.8333333333
Engine 3,SWCC,3,4,28.6666666667,1.1666666667,29.8333333333
Engine 3,SWCC,3,5,29.1666666667,0.6666666667,29.8333333333
Engine 3,SWCC,4,1,29.8333333333,0,29.8333333333
Engine 3,SWCC,4,2,29.8333333333,0,29.8333333333
Engine 3,SWCC,4,3,29.8333333333,0,29.8333333333
Engine 3,SWCC,4,4,29.8333333333,0,29.8333333333
Engine 3,SWCC,4,5,29.6666666667,0.1666666667,29.8333333333
Engine 3,SWCC,5,1,29.8333333333,0,29.8333333333
Engine 3,SWCC,5,2,29.8333333333,0,29.8333333333
Engine 3,SWCC,5,3,29.8333333333,0,29.8333333333
Engine 3,SWCC,5,4,29.8333333333,0,29.8333333333
Engine 3,SWCC,5,5,29.8333333333,0,29.8333333333
Engine 3,RMCC,1,1,4,0,4
Engine 3,RMCC,1,2,4,0,4
Engine 3,RMCC,1,3,4,0,4
Engine 3,RMCC,1,4,4,0,4
Engine 3,RMCC,1,5,4,0,4
Engine 3,RMCC,2,1,4,0,4
Engine 3,RMCC,2,2,4,0,4
Engine 3,RMCC,2,3,3.8333333333,0.1666666667,4
Engine 3,RMCC,2,4,3.8333333333,0.1666666667,4
Engine 3,RMCC,2,5,3.8333333333,0.1666666667,4
Engine 3,RMCC,3,1,4,0,4
Engine 3,RMCC,3,2,4,0,4
Engine 3,RMCC,3,3,4,0,4
Engine 3,RMCC,3,4,4,0,4
Engine 3,RMCC,3,5,4,0,4
Engine 3,RMCC,4,1,4,0,4
Engine 3,RMCC,4,2,4,0,4
Engine 3,RMCC,4,3,4,0,4
Engine 3,RMCC,4,4,4,0,4
Engine 3,RMCC,4,5,4,0,4
Engine 3,RMCC,5,1,4,0,4
Engine 3,RMCC,5,2,4,0,4
Engine 3,RMCC,5,3,4,0,4
Engine 3,RMCC,5,4,4,0,4
Engine 3,RMCC,5,5,4,0,4
Engine 3,EACC,1,1,1.1666666667,0,1.1666666667
Engine 3,EACC,1,2,1.1666666667,0,1.1666666667
Engine 3,EACC,1,3,1,0.1666666667,1.1666666667
Engine 3,EACC,1,4,1,0.1666666667,1.1666666667
Engine 3,EACC,1,5,1,0.1666666667,1.1666666667
Engine 3,EACC,2,1,1.1666666667,0,1.1666666667
Engine 3,EACC,2,2,1.1666666667,0,1.1666666667
Engine 3,EACC,2,3,1.1666666667,0,1.1666666667
Engine 3,EACC,2,4,1.1666666667,0,1.1666666667
Engine 3,EACC,2,5,1.1666666667,0,1.1666666667
Engine 3,EACC,3,1,1.1666666667,0,1.1666666667
Engine 3,EACC,3,2,1.1666666667,0,1.1666666667
Engine 3,EACC,3,3,1.1666666667,0,1.1666666667
Engine 3,EACC,3,4,1.1666666667,0,1.1666666667
Engine 3,EACC,3,5,1.1666666667,0,1.1666666667
Engine 3,EACC,4,1,1.1666666667,0,1.1666666667
Engine 3,EACC,4,2,1.1666666667,0,1.1666666667
Engine 3,EACC,4,3,1.1666666667,0,1.1666666667
Engine 3,EACC,4,4,1.1666666667,0,1.1666666667
Engine 3,EACC,4,5,1.1666666667,0,1.1666666667
Engine 3,EACC,5,1,1.1666666667,0,1.1666666667
Engine 3,EACC,5,2,1.1666666667,0,1.1666666667
Engine 3,EACC,5,3,1.1666666667,0,1.1666666667
Engine 3,EACC,5,4,1.1666666667,0,1.1666666667
Engine 3,EACC,5,5,1.1666666667,0,1.1666666667
Engine 3,SACC,1,1,0,0,0
Engine 3,SACC,1,2,0,0,0
Engine 3,SACC,1,3,0,0,0
Engine 3,SACC,1,4,0,0,0
Engine 3,SACC,1,5,0,0,0
Engine 3,SACC,2,1,0,0,0
Engine 3,SACC,2,2,0,0,0
Engine 3,SACC,2,3,0,0,0
Engine 3,SACC,2,4,0,0,0
Engine 3,SACC,2,5,0,0,0
Engine 3,SACC,3,1,0,0,0
Engine 3,SACC,3,2,0,0,0
Engine 3,SACC,3,3,0,0,0
Engine 3,SACC,3,4,0,0,0
Engine 3,SACC,3,5,0,0,0
Engine 3,SACC,4,1,0,0,0
Engine 3,SACC,4,2,0,0,0
Engine 3,SACC,4,3,0,0,0
Engine 3,SACC,4,4,0,0,0
Engine 3,SACC,4,5,0,0,0
Engine 3,SACC,5,1,0,0,0
Engine 3,SACC,5,2,0,0,0
Engine 3,SACC,5,3,0,0,0
Engine 3,SACC,5,4,0,0,0
Engine 3,SACC,5,5,0,0,0
Engine 4,AICC,1,1,0,0,0
Engine 4,AICC,1,2,0,0,0
Engine 4,AICC,1,3,0,0,0
Engine 4,AICC,1,4,0,0,0
Engine 4,AICC,1,5,0,0,0
Engine 4,AICC,2,1,0,0,0
Engine 4,AICC,2,2,0,0,0
Engine 4,AICC,2,3,0,0,0
Engine 4,AICC,2,4,0,0,0
Engine 4,AICC,2,5,0,0,0
Engine 4,AICC,3,1,0,0,0
Engine 4,AICC,3,2,0,0,0
Engine 4,AICC,3,3,0,0,0
Engine 4,AICC,3,4,0,0,0
Engine 4,AICC,3,5,0,0,0
Engine 4,AICC,4,1,0,0,0
Engine 4,AICC,4,2,0,0,0
Engine 4,AICC,4,3,0,0,0
Engine 4,AICC,4,4,0,0,0
Engine 4,AICC,4,5,0,0,0
Engine 4,AICC,5,1,0,0,0
Engine 4,AICC,5,2,0,0,0
Engine 4,AICC,5,3,0,0,0
Engine 4,AICC,5,4,0,0,0
Engine 4,AICC,5,5,0,0,0
Engine 4,NWCC,1,1,16.8333333333,0,16.8333333333
Engine 4,NWCC,1,2,15.5,1.3333333333,16.8333333333
Engine 4,NWCC,1,3,16.1666666667,0.6666666667,16.8333333333
Engine 4,NWCC,1,4,16.8333333333,0,16.8333333333
Engine 4,NWCC,1,5,16.8333333333,0,16.8333333333
Engine 4,NWCC,2,1,16.8333333333,0,16.8333333333
Engine 4,NWCC,2,2,16.6666666667,0.1666666667,16.8333333333
Engine 4,NWCC,2,3,15.3333333333,1.5,16.8333333333
Engine 4,NWCC,2,4,16.6666666667,0.1666666667,16.8333333333
Engine 4,NWCC,2,5,16.8333333333,0,16.8333333333
Engine 4,NWCC,3,1,16.8333333333,0,16.8333333333
Engine 4,NWCC,3,2,16.8333333333,0,16.8333333333
Engine 4,NWCC,3,3,16.6666666667,0.1666666667,16.8333333333
Engine 4,NWCC,3,4,16,0.8333333333,16.8333333333
Engine 4,NWCC,3,5,16.6666666667,0.1666666667,16.8333333333
Engine 4,NWCC,4,1,16.8333333333,0,16.8333333333
Engine 4,NWCC,4,2,16.8333333333,0,16.8333333333
Engine 4,NWCC,4,3,16.8333333333,0,16.8333333333
Engine 4,NWCC,4,4,16.8333333333,0,16.8333333333
Engine 4,NWCC,4,5,16.6666666667,0.1666666667,16.8333333333
Engine 4,NWCC,5,1,16.8333333333,0,16.8333333333
Engine 4,NWCC,5,2,16.8333333333,0,16.8333333333
Engine 4,NWCC,5,3,16.8333333333,0,16.8333333333
Engine 4,NWCC,5,4,16.8333333333,0,16.8333333333
Engine 4,NWCC,5,5,16.8333333333,0,16.8333333333
Engine 4,ONCC,1,1,0,0.3333333333,0.3333333333
Engine 4,ONCC,1,2,0.1666666667,0.1666666667,0.3333333333
Engine 4,ONCC,1,3,0.3333333333,0,0.3333333333
Engine 4,ONCC,1,4,0.3333333333,0,0.3333333333
Engine 4,ONCC,1,5,0.3333333333,0,0.3333333333
Engine 4,ONCC,2,1,0.3333333333,0,0.3333333333
Engine 4,ONCC,2,2,0.1666666667,0.1666666667,0.3333333333
Engine 4,ONCC,2,3,0,0.3333333333,0.3333333333
Engine 4,ONCC,2,4,0.1666666667,0.1666666667,0.3333333333
Engine 4,ONCC,2,5,0.3333333333,0,0.3333333333
Engine 4,ONCC,3,1,0.3333333333,0,0.3333333333
Engine 4,ONCC,3,2,0.3333333333,0,0.3333333333
Engine 4,ONCC,3,3,0.3333333333,0,0.3333333333
Engine 4,ONCC,3,4,0.1666666667,0.1666666667,0.3333333333
Engine 4,ONCC,3,5,0.1666666667,0.1666666667,0.3333333333
Engine 4,ONCC,4,1,0.3333333333,0,0.3333333333
Engine 4,ONCC,4,2,0.3333333333,0,0.3333333333
Engine 4,ONCC,4,3,0.3333333333,0,0.3333333333
Engine 4,ONCC,4,4,0.1666666667,0.1666666667,0.3333333333
Engine 4,ONCC,4,5,0.1666666667,0.1666666667,0.3333333333
Engine 4,ONCC,5,1,0.3333333333,0,0.3333333333
Engine 4,ONCC,5,2,0.3333333333,0,0.3333333333
Engine 4,ONCC,5,3,0.3333333333,0,0.3333333333
Engine 4,ONCC,5,4,0.3333333333,0,0.3333333333
Engine 4,ONCC,5,5,0.3333333333,0,0.3333333333
Engine 4,OSCC,1,1,3.6666666667,0,3.6666666667
Engine 4,OSCC,1,2,3.6666666667,0,3.6666666667
Engine 4,OSCC,1,3,3.6666666667,0,3.6666666667
Engine 4,OSCC,1,4,3.6666666667,0,3.6666666667
Engine 4,OSCC,1,5,3.6666666667,0,3.6666666667
Engine 4,OSCC,2,1,3.6666666667,0,3.6666666667
Engine 4,OSCC,2,2,3.6666666667,0,3.6666666667
Engine 4,OSCC,2,3,3.6666666667,0,3.6666666667
Engine 4,OSCC,2,4,3.6666666667,0,3.6666666667
Engine 4,OSCC,2,5,3.6666666667,0,3.6666666667
Engine 4,OSCC,3,1,3.6666666667,0,3.6666666667
Engine 4,OSCC,3,2,3.6666666667,0,3.6666666667
Engine 4,OSCC,3,3,3.6666666667,0,3.6666666667
Engine 4,OSCC,3,4,3.6666666667,0,3.6666666667
Engine 4,OSCC,3,5,3.6666666667,0,3.6666666667
Engine 4,OSCC,4,1,3.6666666667,0,3.6666666667
Engine 4,OSCC,4,2,3.6666666667,0,3.6666666667
Engine 4,OSCC,4,3,3.6666666667,0,3.6666666667
Engine 4,OSCC,4,4,3.6666666667,0,3.6666666667
Engine 4,OSCC,4,5,3.6666666667,0,3.6666666667
Engine 4,OSCC,5,1,3.6666666667,0,3.6666666667
Engine 4,OSCC,5,2,3.6666666667,0,3.6666666667
Engine 4,OSCC,5,3,3.6666666667,0,3.6666666667
Engine 4,OSCC,5,4,3.6666666667,0,3.6666666667
Engine 4,OSCC,5,5,3.6666666667,0,3.6666666667
Engine 4,NRCC,1,1,9.1666666667,0,9.1666666667
Engine 4,NRCC,1,2,8.5,0.6666666667,9.1666666667
Engine 4,NRCC,1,3,8.5,0.6666666667,9.1666666667
Engine 4,NRCC,1,4,9,0.1666666667,9.1666666667
Engine 4,NRCC,1,5,9.1666666667,0,9.1666666667
Engine 4,NRCC,2,1,9.1666666667,0,9.1666666667
Engine 4,NRCC,2,2,9.1666666667,0,9.1666666667
Engine 4,NRCC,2,3,8.3333333333,0.8333333333,9.1666666667
Engine 4,NRCC,2,4,8.8333333333,0.3333333333,9.1666666667
Engine 4,NRCC,2,5,9,0.1666666667,9.1666666667
Engine 4,NRCC,3,1,9.1666666667,0,9.1666666667
Engine 4,NRCC,3,2,9.1666666667,0,9.1666666667
Engine 4,NRCC,3,3,9,0.1666666667,9.1666666667
Engine 4,NRCC,3,4,8.8333333333,0.3333333333,9.1666666667
Engine 4,NRCC,3,5,9,0.1666666667,9.1666666667
Engine 4,NRCC,4,1,9.1666666667,0,9.1666666667
Engine 4,NRCC,4,2,9.1666666667,0,9.1666666667
Engine 4,NRCC,4,3,9.1666666667,0,9.1666666667
Engine 4,NRCC,4,4,9.1666666667,0,9.1666666667
Engine 4,NRCC,4,5,9,0.1666666667,9.1666666667
Engine 4,NRCC,5,1,9.1666666667,0,9.1666666667
Engine 4,NRCC,5,2,9.1666666667,0,9.1666666667
Engine 4,NRCC,5,3,9.1666666667,0,9.1666666667
Engine 4,NRCC,5,4,9.1666666667,0,9.1666666667
Engine 4,NRCC,5,5,9.1666666667,0,9.1666666667
Engine 4,GBCC,1,1,26.6666666667,0.5,27.1666666667
Engine 4,GBCC,1,2,24.8333333333,2.3333333333,27.1666666667
Engine 4,GBCC,1,3,26.3333333333,0.8333333333,27.1666666667
Engine 4,GBCC,1,4,27.1666666667,0,27.1666666667
Engine 4,GBCC,1,5,27.1666666667,0,27.1666666667
Engine 4,GBCC,2,1,27.1666666667,0,27.1666666667
Engine 4,GBCC,2,2,25.5,1.6666666667,27.1666666667
Engine 4,GBCC,2,3,24.5,2.6666666667,27.1666666667
Engine 4,GBCC,2,4,25,2.1666666667,27.1666666667
Engine 4,GBCC,2,5,24,3.1666666667,27.1666666667
Engine 4,GBCC,3,1,27.1666666667,0,27.1666666667
Engine 4,GBCC,3,2,27,0.1666666667,27.1666666667
Engine 4,GBCC,3,3,25.1666666667,2,27.1666666667
Engine 4,GBCC,3,4,25.5,1.6666666667,27.1666666667
Engine 4,GBCC,3,5,25.3333333333,1.8333333333,27.1666666667
Engine 4,GBCC,4,1,27.1666666667,0,27.1666666667
Engine 4,GBCC,4,2,27.1666666667,0,27.1666666667
Engine 4,GBCC,4,3,27.1666666667,0,27.1666666667
Engine 4,GBCC,4,4,27,0.1666666667,27.1666666667
Engine 4,GBCC,4,5,27.1666666667,0,27.1666666667
Engine 4,GBCC,5,1,27.1666666667,0,27.1666666667
Engine 4,GBCC,5,2,27.1666666667,0,27.1666666667
Engine 4,GBCC,5,3,27.1666666667,0,27.1666666667
Engine 4,GBCC,5,4,27.1666666667,0,27.1666666667
Engine 4,GBCC,5,5,27.1666666667,0,27.1666666667
Engine 4,SWCC,1,1,2.1666666667,0,2.1666666667
Engine 4,SWCC,1,2,2.1666666667,0,2.1666666667
Engine 4,SWCC,1,3,2.1666666667,0,2.1666666667
Engine 4,SWCC,1,4,2.1666666667,0,2.1666666667
Engine 4,SWCC,1,5,2.1666666667,0,2.1666666667
Engine 4,SWCC,2,1,2,0.1666666667,2.1666666667
Engine 4,SWCC,2,2,2,0.1666666667,2.1666666667
Engine 4,SWCC,2,3,1.6666666667,0.5,2.1666666667
Engine 4,SWCC,2,4,2.1666666667,0,2.1666666667
Engine 4,SWCC,2,5,2,0.1666666667,2.1666666667
Engine 4,SWCC,3,1,2.1666666667,0,2.1666666667
Engine 4,SWCC,3,2,2.1666666667,0,2.1666666667
Engine 4,SWCC,3,3,2,0.1666666667,2.1666666667
Engine 4,SWCC,3,4,2.1666666667,0,2.1666666667
Engine 4,SWCC,3,5,2.1666666667,0,2.1666666667
Engine 4,SWCC,4,1,2.1666666667,0,2.1666666667
Engine 4,SWCC,4,2,2.1666666667,0,2.1666666667
Engine 4,SWCC,4,3,2.1666666667,0,2.1666666667
Engine 4,SWCC,4,4,2.1666666667,0,2.1666666667
Engine 4,SWCC,4,5,2.1666666667,0,2.1666666667
Engine 4,SWCC,5,1,2.1666666667,0,2.1666666667
Engine 4,SWCC,5,2,2.1666666667,0,2.1666666667
Engine 4,SWCC,5,3,2.1666666667,0,2.1666666667
Engine 4,SWCC,5,4,2.1666666667,0,2.1666666667
Engine 4,SWCC,5,5,2.1666666667,0,2.1666666667
Engine 4,RMCC,1,1,2.8333333333,0,2.8333333333
Engine 4,RMCC,1,2,2.6666666667,0.1666666667,2.8333333333
Engine 4,RMCC,1,3,2.8333333333,0,2.8333333333
Engine 4,RMCC,1,4,2.8333333333,0,2.8333333333
Engine 4,RMCC,1,5,2.8333333333,0,2.8333333333
Engine 4,RMCC,2,1,2.8333333333,0,2.8333333333
Engine 4,RMCC,2,2,2.6666666667,0.1666666667,2.8333333333
Engine 4,RMCC,2,3,2.5,0.3333333333,2.8333333333
Engine 4,RMCC,2,4,2.6666666667,0.1666666667,2.8333333333
Engine 4,RMCC,2,5,2.6666666667,0.1666666667,2.8333333333
Engine 4,RMCC,3,1,2.8333333333,0,2.8333333333
Engine 4,RMCC,3,2,2.8333333333,0,2.8333333333
Engine 4,RMCC,3,3,2.8333333333,0,2.8333333333
Engine 4,RMCC,3,4,2.8333333333,0,2.8333333333
Engine 4,RMCC,3,5,2.8333333333,0,2.8333333333
Engine 4,RMCC,4,1,2.8333333333,0,2.8333333333
Engine 4,RMCC,4,2,2.8333333333,0,2.8333333333
Engine 4,RMCC,4,3,2.8333333333,0,2.8333333333
Engine 4,RMCC,4,4,2.8333333333,0,2.8333333333
Engine 4,RMCC,4,5,2.8333333333,0,2.8333333333
Engine 4,RMCC,5,1,2.8333333333,0,2.8333333333
Engine 4,RMCC,5,2,2.8333333333,0,2.8333333333
Engine 4,RMCC,5,3,2.8333333333,0,2.8333333333
Engine 4,RMCC,5,4,2.8333333333,0,2.8333333333
Engine 4,RMCC,5,5,2.8333333333,0,2.8333333333
Engine 4,EACC,1,1,0.3333333333,0,0.3333333333
Engine 4,EACC,1,2,0.3333333333,0,0.3333333333
Engine 4,EACC,1,3,0.3333333333,0,0.3333333333
Engine 4,EACC,1,4,0.3333333333,0,0.3333333333
Engine 4,EACC,1,5,0.3333333333,0,0.3333333333
Engine 4,EACC,2,1,0.3333333333,0,0.3333333333
Engine 4,EACC,2,2,0.3333333333,0,0.3333333333
Engine 4,EACC,2,3,0.3333333333,0,0.3333333333
Engine 4,EACC,2,4,0.3333333333,0,0.3333333333
Engine 4,EACC,2,5,0.3333333333,0,0.3333333333
Engine 4,EACC,3,1,0.3333333333,0,0.3333333333
Engine 4,EACC,3,2,0.3333333333,0,0.3333333333
Engine 4,EACC,3,3,0.3333333333,0,0.3333333333
Engine 4,EACC,3,4,0.3333333333,0,0.3333333333
Engine 4,EACC,3,5,0.3333333333,0,0.3333333333
Engine 4,EACC,4,1,0.3333333333,0,0.3333333333
Engine 4,EACC,4,2,0.3333333333,0,0.3333333333
Engine 4,EACC,4,3,0.3333333333,0,0.3333333333
Engine 4,EACC,4,4,0.3333333333,0,0.3333333333
Engine 4,EACC,4,5,0.3333333333,0,0.3333333333
Engine 4,EACC,5,1,0.3333333333,0,0.3333333333
Engine 4,EACC,5,2,0.3333333333,0,0.3333333333
Engine 4,EACC,5,3,0.3333333333,0,0.3333333333
Engine 4,EACC,5,4,0.3333333333,0,0.3333333333
Engine 4,EACC,5,5,0.3333333333,0,0.3333333333
Engine 4,SACC,1,1,0.3333333333,0,0.3333333333
Engine 4,SACC,1,2,0.3333333333,0,0.3333333333
Engine 4,SACC,1,3,0.3333333333,0,0.3333333333
Engine 4,SACC,1,4,0.3333333333,0,0.3333333333
Engine 4,SACC,1,5,0.3333333333,0,0.3333333333
Engine 4,SACC,2,1,0.3333333333,0,0.3333333333
Engine 4,SACC,2,2,0.3333333333,0,0.3333333333
Engine 4,SACC,2,3,0.3333333333,0,0.3333333333
Engine 4,SACC,2,4,0.3333333333,0,0.3333333333
Engine 4,SACC,2,5,0.3333333333,0,0.3333333333
Engine 4,SACC,3,1,0.3333333333,0,0.3333333333
Engine 4,SACC,3,2,0.3333333333,0,0.3333333333
Engine 4,SACC,3,3,0.3333333333,0,0.3333333333
Engine 4,SACC,3,4,0.3333333333,0,0.3333333333
Engine 4,SACC,3,5,0.3333333333,0,0.3333333333
Engine 4,SACC,4,1,0.3333333333,0,0.3333333333
Engine 4,SACC,4,2,0.3333333333,0,0.3333333333
Engine 4,SACC,4,3,0.3333333333,0,0.3333333333
Engine 4,SACC,4,4,0.3333333333,0,0.3333333333
Engine 4,SACC,4,5,0.3333333333,0,0.3333333333
Engine 4,SACC,5,1,0.3333333333,0,0.3333333333
Engine 4,SACC,5,2,0.3333333333,0,0.3333333333
Engine 4,SACC,5,3,0.3333333333,0,0.3333333333
Engine 4,SACC,5,4,0.3333333333,0,0.3333333333
Engine 4,SACC,5,5,0.3333333333,0,0.3333333333
Engine 5,AICC,1,1,0,0,0
Engine 5,AICC,1,2,0,0,0
Engine 5,AICC,1,3,0,0,0
Engine 5,AICC,1,4,0,0,0
Engine 5,AICC,1,5,0,0,0
Engine 5,AICC,2,1,0,0,0
Engine 5,AICC,2,2,0,0,0
Engine 5,AICC,2,3,0,0,0
Engine 5,AICC,2,4,0,0,0
Engine 5,AICC,2,5,0,0,0
Engine 5,AICC,3,1,0,0,0
Engine 5,AICC,3,2,0,0,0
Engine 5,AICC,3,3,0,0,0
Engine 5,AICC,3,4,0,0,0
Engine 5,AICC,3,5,0,0,0
Engine 5,AICC,4,1,0,0,0
Engine 5,AICC,4,2,0,0,0
Engine 5,AICC,4,3,0,0,0
Engine 5,AICC,4,4,0,0,0
Engine 5,AICC,4,5,0,0,0
Engine 5,AICC,5,1,0,0,0
Engine 5,AICC,5,2,0,0,0
Engine 5,AICC,5,3,0,0,0
Engine 5,AICC,5,4,0,0,0
Engine 5,AICC,5,5,0,0,0
Engine 5,NWCC,1,1,0,0,0
Engine 5,NWCC,1,2,0,0,0
Engine 5,NWCC,1,3,0,0,0
Engine 5,NWCC,1,4,0,0,0
Engine 5,NWCC,1,5,0,0,0
Engine 5,NWCC,2,1,0,0,0
Engine 5,NWCC,2,2,0,0,0
Engine 5,NWCC,2,3,0,0,0
Engine 5,NWCC,2,4,0,0,0
Engine 5,NWCC,2,5,0,0,0
Engine 5,NWCC,3,1,0,0,0
Engine 5,NWCC,3,2,0,0,0
Engine 5,NWCC,3,3,0,0,0
Engine 5,NWCC,3,4,0,0,0
Engine 5,NWCC,3,5,0,0,0
Engine 5,NWCC,4,1,0,0,0
Engine 5,NWCC,4,2,0,0,0
Engine 5,NWCC,4,3,0,0,0
Engine 5,NWCC,4,4,0,0,0
Engine 5,NWCC,4,5,0,0,0
Engine 5,NWCC,5,1,0,0,0
Engine 5,NWCC,5,2,0,0,0
Engine 5,NWCC,5,3,0,0,0
Engine 5,NWCC,5,4,0,0,0
Engine 5,NWCC,5,5,0,0,0
Engine 5,ONCC,1,1,0,0,0
Engine 5,ONCC,1,2,0,0,0
Engine 5,ONCC,1,3,0,0,0
Engine 5,ONCC,1,4,0,0,0
Engine 5,ONCC,1,5,0,0,0
Engine 5,ONCC,2,1,0,0,0
Engine 5,ONCC,2,2,0,0,0
Engine 5,ONCC,2,3,0,0,0
Engine 5,ONCC,2,4,0,0,0
Engine 5,ONCC,2,5,0,0,0
Engine 5,ONCC,3,1,0,0,0
Engine 5,ONCC,3,2,0,0,0
Engine 5,ONCC,3,3,0,0,0
Engine 5,ONCC,3,4,0,0,0
Engine 5,ONCC,3,5,0,0,0
Engine 5,ONCC,4,1,0,0,0
Engine 5,ONCC,4,2,0,0,0
Engine 5,ONCC,4,3,0,0,0
Engine 5,ONCC,4,4,0,0,0
Engine 5,ONCC,4,5,0,0,0
Engine 5,ONCC,5,1,0,0,0
Engine 5,ONCC,5,2,0,0,0
Engine 5,ONCC,5,3,0,0,0
Engine 5,ONCC,5,4,0,0,0
Engine 5,ONCC,5,5,0,0,0
Engine 5,OSCC,1,1,0,0,0
Engine 5,OSCC,1,2,0,0,0
Engine 5,OSCC,1,3,0,0,0
Engine 5,OSCC,1,4,0,0,0
Engine 5,OSCC,1,5,0,0,0
Engine 5,OSCC,2,1,0,0,0
Engine 5,OSCC,2,2,0,0,0
Engine 5,OSCC,2,3,0,0,0
Engine 5,OSCC,2,4,0,0,0
Engine 5,OSCC,2,5,0,0,0
Engine 5,OSCC,3,1,0,0,0
Engine 5,OSCC,3,2,0,0,0
Engine 5,OSCC,3,3,0,0,0
Engine 5,OSCC,3,4,0,0,0
Engine 5,OSCC,3,5,0,0,0
Engine 5,OSCC,4,1,0,0,0
Engine 5,OSCC,4,2,0,0,0
Engine 5,OSCC,4,3,0,0,0
Engine 5,OSCC,4,4,0,0,0
Engine 5,OSCC,4,5,0,0,0
Engine 5,OSCC,5,1,0,0,0
Engine 5,OSCC,5,2,0,0,0
Engine 5,OSCC,5,3,0,0,0
Engine 5,OSCC,5,4,0,0,0
Engine 5,OSCC,5,5,0,0,0
Engine 5,NRCC,1,1,0,0,0
Engine 5,NRCC,1,2,0,0,0
Engine 5,NRCC,1,3,0,0,0
Engine 5,NRCC,1,4,0,0,0
Engine 5,NRCC,1,5,0,0,0
Engine 5,NRCC,2,1,0,0,0
Engine 5,NRCC,2,2,0,0,0
Engine 5,NRCC,2,3,0,0,0
Engine 5,NRCC,2,4,0,0,0
Engine 5,NRCC,2,5,0,0,0
Engine 5,NRCC,3,1,0,0,0
Engine 5,NRCC,3,2,0,0,0
Engine 5,NRCC,3,3,0,0,0
Engine 5,NRCC,3,4,0,0,0
Engine 5,NRCC,3,5,0,0,0
Engine 5,NRCC,4,1,0,0,0
Engine 5,NRCC,4,2,0,0,0
Engine 5,NRCC,4,3,0,0,0
Engine 5,NRCC,4,4,0,0,0
Engine 5,NRCC,4,5,0,0,0
Engine 5,NRCC,5,1,0,0,0
Engine 5,NRCC,5,2,0,0,0
Engine 5,NRCC,5,3,0,0,0
Engine 5,NRCC,5,4,0,0,0
Engine 5,NRCC,5,5,0,0,0
Engine 5,GBCC,1,1,0,0,0
Engine 5,GBCC,1,2,0,0,0
Engine 5,GBCC,1,3,0,0,0
Engine 5,GBCC,1,4,0,0,0
Engine 5,GBCC,1,5,0,0,0
Engine 5,GBCC,2,1,0,0,0
Engine 5,GBCC,2,2,0,0,0
Engine 5,GBCC,2,3,0,0,0
Engine 5,GBCC,2,4,0,0,0
Engine 5,GBCC,2,5,0,0,0
Engine 5,GBCC,3,1,0,0,0
Engine 5,GBCC,3,2,0,0,0
Engine 5,GBCC,3,3,0,0,0
Engine 5,GBCC,3,4,0,0,0
Engine 5,GBCC,3,5,0,0,0
Engine 5,GBCC,4,1,0,0,0
Engine 5,GBCC,4,2,0,0,0
Engine 5,GBCC,4,3,0,0,0
Engine 5,GBCC,4,4,0,0,0
Engine 5,GBCC,4,5,0,0,0
Engine 5,GBCC,5,1,0,0,0
Engine 5,GBCC,5,2,0,0,0
Engine 5,GBCC,5,3,0,0,0
Engine 5,GBCC,5,4,0,0,0
Engine 5,GBCC,5,5,0,0,0
Engine 5,SWCC,1,1,0,0,0
Engine 5,SWCC,1,2,0,0,0
Engine 5,SWCC,1,3,0,0,0
Engine 5,SWCC,1,4,0,0,0
Engine 5,SWCC,1,5,0,0,0
Engine 5,SWCC,2,1,0,0,0
Engine 5,SWCC,2,2,0,0,0
Engine 5,SWCC,2,3,0,0,0
Engine 5,SWCC,2,4,0,0,0
Engine 5,SWCC,2,5,0,0,0
Engine 5,SWCC,3,1,0,0,0
Engine 5,SWCC,3,2,0,0,0
Engine 5,SWCC,3,3,0,0,0
Engine 5,SWCC,3,4,0,0,0
Engine 5,SWCC,3,5,0,0,0
Engine 5,SWCC,4,1,0,0,0
Engine 5,SWCC,4,2,0,0,0
Engine 5,SWCC,4,3,0,0,0
Engine 5,SWCC,4,4,0,0,0
Engine 5,SWCC,4,5,0,0,0
Engine 5,SWCC,5,1,0,0,0
Engine 5,SWCC,5,2,0,0,0
Engine 5,SWCC,5,3,0,0,0
Engine 5,SWCC,5,4,0,0,0
Engine 5,SWCC,5,5,0,0,0
Engine 5,RMCC,1,1,0,0,0
Engine 5,RMCC,1,2,0,0,0
Engine 5,RMCC,1,3,0,0,0
Engine 5,RMCC,1,4,0,0,0
Engine 5,RMCC,1,5,0,0,0
Engine 5,RMCC,2,1,0,0,0
Engine 5,RMCC,2,2,0,0,0
Engine 5,RMCC,2,3,0,0,0
Engine 5,RMCC,2,4,0,0,0
Engine 5,RMCC,2,5,0,0,0
Engine 5,RMCC,3,1,0,0,0
Engine 5,RMCC,3,2,0,0,0
Engine 5,RMCC,3,3,0,0,0
Engine 5,RMCC,3,4,0,0,0
Engine 5,RMCC,3,5,0,0,0
Engine 5,RMCC,4,1,0,0,0
Engine 5,RMCC,4,2,0,0,0
Engine 5,RMCC,4,3,0,0,0
Engine 5,RMCC,4,4,0,0,0
Engine 5,RMCC,4,5,0,0,0
Engine 5,RMCC,5,1,0,0,0
Engine 5,RMCC,5,2,0,0,0
Engine 5,RMCC,5,3,0,0,0
Engine 5,RMCC,5,4,0,0,0
Engine 5,RMCC,5,5,0,0,0
Engine 5,EACC,1,1,0,0,0
Engine 5,EACC,1,2,0,0,0
Engine 5,EACC,1,3,0,0,0
Engine 5,EACC,1,4,0,0,0
Engine 5,EACC,1,5,0,0,0
Engine 5,EACC,2,1,0,0,0
Engine 5,EACC,2,2,0,0,0
Engine 5,EACC,2,3,0,0,0
Engine 5,EACC,2,4,0,0,0
Engine 5,EACC,2,5,0,0,0
Engine 5,EACC,3,1,0,0,0
Engine 5,EACC,3,2,0,0,0
Engine 5,EACC,3,3,0,0,0
Engine 5,EACC,3,4,0,0,0
Engine 5,EACC,3,5,0,0,0
Engine 5,EACC,4,1,0,0,0
Engine 5,EACC,4,2,0,0,0
Engine 5,EACC,4,3,0,0,0
Engine 5,EACC,4,4,0,0,0
Engine 5,EACC,4,5,0,0,0
Engine 5,EACC,5,1,0,0,0
Engine 5,EACC,5,2,0,0,0
Engine 5,EACC,5,3,0,0,0
Engine 5,EACC,5,4,0,0,0
Engine 5,EACC,5,5,0,0,0
Engine 5,SACC,1,1,0,0,0
Engine 5,SACC,1,2,0,0,0
Engine 5,SACC,1,3,0,0,0
Engine 5,SACC,1,4,0,0,0
Engine 5,SACC,1,5,0,0,0
Engine 5,SACC,2,1,0,0,0
Engine 5,SACC,2,2,0,0,0
Engine 5,SACC,2,3,0,0,0
Engine 5,SACC,2,4,0,0,0
Engine 5,SACC,2,5,0,0,0
Engine 5,SACC,3,1,0,0,0
Engine 5,SACC,3,2,0,0,0
Engine 5,SACC,3,3,0,0,0
Engine 5,SACC,3,4,0,0,0
Engine 5,SACC,3,5,0,0,0
Engine 5,SACC,4,1,0,0,0
Engine 5,SACC,4,2,0,0,0
Engine 5,SACC,4,3,0,0,0
Engine 5,SACC,4,4,0,0,0
Engine 5,SACC,4,5,0,0,0
Engine 5,SACC,5,1,0,0,0
Engine 5,SACC,5,2,0,0,0
Engine 5,SACC,5,3,0,0,0
Engine 5,SACC,5,4,0,0,0
Engine 5,SACC,5,5,0,0,0
Engine 6,AICC,1,1,1.3333333333,0.1666666667,1.5
Engine 6,AICC,1,2,1.3333333333,0.1666666667,1.5
Engine 6,AICC,1,3,1.5,0,1.5
Engine 6,AICC,1,4,1.3333333333,0.1666666667,1.5
Engine 6,AICC,1,5,1.3333333333,0.1666666667,1.5
Engine 6,AICC,2,1,1.5,0,1.5
Engine 6,AICC,2,2,1.5,0,1.5
Engine 6,AICC,2,3,1.5,0,1.5
Engine 6,AICC,2,4,1.3333333333,0.1666666667,1.5
Engine 6,AICC,2,5,1.3333333333,0.1666666667,1.5
Engine 6,AICC,3,1,1.5,0,1.5
Engine 6,AICC,3,2,1.5,0,1.5
Engine 6,AICC,3,3,1.5,0,1.5
Engine 6,AICC,3,4,1.5,0,1.5
Engine 6,AICC,3,5,1.5,0,1.5
Engine 6,AICC,4,1,1.5,0,1.5
Engine 6,AICC,4,2,1.5,0,1.5
Engine 6,AICC,4,3,1.5,0,1.5
Engine 6,AICC,4,4,1.5,0,1.5
Engine 6,AICC,4,5,1.5,0,1.5
Engine 6,AICC,5,1,1.5,0,1.5
Engine 6,AICC,5,2,1.5,0,1.5
Engine 6,AICC,5,3,1.5,0,1.5
Engine 6,AICC,5,4,1.5,0,1.5
Engine 6,AICC,5,5,1.5,0,1.5
Engine 6,NWCC,1,1,67.3333333333,1.3333333333,68.6666666667
Engine 6,NWCC,1,2,64.1666666667,4.5,68.6666666667
Engine 6,NWCC,1,3,67,1.6666666667,68.6666666667
Engine 6,NWCC,1,4,68.6666666667,0,68.6666666667
Engine 6,NWCC,1,5,68.6666666667,0,68.6666666667
Engine 6,NWCC,2,1,68.6666666667,0,68.6666666667
Engine 6,NWCC,2,2,67.3333333333,1.3333333333,68.6666666667
Engine 6,NWCC,2,3,64.1666666667,4.5,68.6666666667
Engine 6,NWCC,2,4,67.3333333333,1.3333333333,68.6666666667
Engine 6,NWCC,2,5,68.6666666667,0,68.6666666667
Engine 6,NWCC,3,1,68.6666666667,0,68.6666666667
Engine 6,NWCC,3,2,68.6666666667,0,68.6666666667
Engine 6,NWCC,3,3,67.5,1.1666666667,68.6666666667
Engine 6,NWCC,3,4,66.8333333333,1.8333333333,68.6666666667
Engine 6,NWCC,3,5,68.3333333333,0.3333333333,68.6666666667
Engine 6,NWCC,4,1,68.6666666667,0,68.6666666667
Engine 6,NWCC,4,2,68.6666666667,0,68.6666666667
Engine 6,NWCC,4,3,68.5,0.1666666667,68.6666666667
Engine 6,NWCC,4,4,68.1666666667,0.5,68.6666666667
Engine 6,NWCC,4,5,68,0.6666666667,68.6666666667
Engine 6,NWCC,5,1,68.6666666667,0,68.6666666667
Engine 6,NWCC,5,2,68.6666666667,0,68.6666666667
Engine 6,NWCC,5,3,68.6666666667,0,68.6666666667
Engine 6,NWCC,5,4,68.6666666667,0,68.6666666667
Engine 6,NWCC,5,5,67.5,1.1666666667,68.6666666667
Engine 6,ONCC,1,1,1.6666666667,1,2.6666666667
Engine 6,ONCC,1,2,2,0.6666666667,2.6666666667
Engine 6,ONCC,1,3,2.3333333333,0.3333333333,2.6666666667
Engine 6,ONCC,1,4,2.6666666667,0,2.6666666667
Engine 6,ONCC,1,5,2.6666666667,0,2.6666666667
Engine 6,ONCC,2,1,2.3333333333,0.3333333333,2.6666666667
Engine 6,ONCC,2,2,2.1666666667,0.5,2.6666666667
Engine 6,ONCC,2,3,2.1666666667,0.5,2.6666666667
Engine 6,ONCC,2,4,2.3333333333,0.3333333333,2.6666666667
Engine 6,ONCC,2,5,2.5,0.1666666667,2.6666666667
Engine 6,ONCC,3,1,2.6666666667,0,2.6666666667
Engine 6,ONCC,3,2,2.6666666667,0,2.6666666667
Engine 6,ONCC,3,3,1.8333333333,0.8333333333,2.6666666667
Engine 6,ONCC,3,4,2.1666666667,0.5,2.6666666667
Engine 6,ONCC,3,5,2.6666666667,0,2.6666666667
Engine 6,ONCC,4,1,2.6666666667,0,2.6666666667
Engine 6,ONCC,4,2,2.6666666667,0,2.6666666667
Engine 6,ONCC,4,3,2.6666666667,0,2.6666666667
Engine 6,ONCC,4,4,2,0.6666666667,2.6666666667
Engine 6,ONCC,4,5,2.1666666667,0.5,2.6666666667
Engine 6,ONCC,5,1,2.6666666667,0,2.6666666667
Engine 6,ONCC,5,2,2.6666666667,0,2.6666666667
Engine 6,ONCC,5,3,2.6666666667,0,2.6666666667
Engine 6,ONCC,5,4,2.6666666667,0,2.6666666667
Engine 6,ONCC,5,5,2.6666666667,0,2.6666666667
Engine 6,OSCC,1,1,10.5,0,10.5
Engine 6,OSCC,1,2,10.5,0,10.5
Engine 6,OSCC,1,3,10.5,0,10.5
Engine 6,OSCC,1,4,10.5,0,10.5
Engine 6,OSCC,1,5,10.5,0,10.5
Engine 6,OSCC,2,1,10.5,0,10.5
Engine 6,OSCC,2,2,10.5,0,10.5
Engine 6,OSCC,2,3,10.5,0,10.5
Engine 6,OSCC,2,4,10.5,0,10.5
Engine 6,OSCC,2,5,10.5,0,10.5
Engine 6,OSCC,3,1,10.5,0,10.5
Engine 6,OSCC,3,2,10.5,0,10.5
Engine 6,OSCC,3,3,10.5,0,10.5
Engine 6,OSCC,3,4,10.5,0,10.5
Engine 6,OSCC,3,5,10.5,0,10.5
Engine 6,OSCC,4,1,10.5,0,10.5
Engine 6,OSCC,4,2,10.5,0,10.5
Engine 6,OSCC,4,3,10.5,0,10.5
Engine 6,OSCC,4,4,10.5,0,10.5
Engine 6,OSCC,4,5,10.5,0,10.5
Engine 6,OSCC,5,1,10.5,0,10.5
Engine 6,OSCC,5,2,10.5,0,10.5
Engine 6,OSCC,5,3,10.5,0,10.5
Engine 6,OSCC,5,4,10.5,0,10.5
Engine 6,OSCC,5,5,10.5,0,10.5
Engine 6,NRCC,1,1,66.1666666667,3.5,69.6666666667
Engine 6,NRCC,1,2,59.1666666667,10.5,69.6666666667
Engine 6,NRCC,1,3,62.5,7.1666666667,69.6666666667
Engine 6,NRCC,1,4,68.8333333333,0.8333333333,69.6666666667
Engine 6,NRCC,1,5,69.6666666667,0,69.6666666667
Engine 6,NRCC,2,1,69.6666666667,0,69.6666666667
Engine 6,NRCC,2,2,67.8333333333,1.8333333333,69.6666666667
Engine 6,NRCC,2,3,61.5,8.1666666667,69.6666666667
Engine 6,NRCC,2,4,64.1666666667,5.5,69.6666666667
Engine 6,NRCC,2,5,67,2.6666666667,69.6666666667
Engine 6,NRCC,3,1,69.6666666667,0,69.6666666667
Engine 6,NRCC,3,2,69.6666666667,0,69.6666666667
Engine 6,NRCC,3,3,68.6666666667,1,69.6666666667
Engine 6,NRCC,3,4,66.3333333333,3.3333333333,69.6666666667
Engine 6,NRCC,3,5,67,2.6666666667,69.6666666667
Engine 6,NRCC,4,1,69.6666666667,0,69.6666666667
Engine 6,NRCC,4,2,69.6666666667,0,69.6666666667
Engine 6,NRCC,4,3,69.6666666667,0,69.6666666667
Engine 6,NRCC,4,4,69.6666666667,0,69.6666666667
Engine 6,NRCC,4,5,68.8333333333,0.8333333333,69.6666666667
Engine 6,NRCC,5,1,69.6666666667,0,69.6666666667
Engine 6,NRCC,5,2,69.6666666667,0,69.6666666667
Engine 6,NRCC,5,3,69.6666666667,0,69.6666666667
Engine 6,NRCC,5,4,69.6666666667,0,69.6666666667
Engine 6,NRCC,5,5,69.6666666667,0,69.6666666667
Engine 6,GBCC,1,1,37.1666666667,1.5,38.6666666667
Engine 6,GBCC,1,2,35.1666666667,3.5,38.6666666667
Engine 6,GBCC,1,3,37.1666666667,1.5,38.6666666667
Engine 6,GBCC,1,4,38.6666666667,0,38.6666666667
Engine 6,GBCC,1,5,38.6666666667,0,38.6666666667
Engine 6,GBCC,2,1,38.3333333333,0.3333333333,38.6666666667
Engine 6,GBCC,2,2,35.5,3.1666666667,38.6666666667
Engine 6,GBCC,2,3,35.5,3.1666666667,38.6666666667
Engine 6,GBCC,2,4,37,1.6666666667,38.6666666667
Engine 6,GBCC,2,5,36.3333333333,2.3333333333,38.6666666667
Engine 6,GBCC,3,1,38.6666666667,0,38.6666666667
Engine 6,GBCC,3,2,38.6666666667,0,38.6666666667
Engine 6,GBCC,3,3,35,3.6666666667,38.6666666667
Engine 6,GBCC,3,4,36.1666666667,2.5,38.6666666667
Engine 6,GBCC,3,5,36.6666666667,2,38.6666666667
Engine 6,GBCC,4,1,38.6666666667,0,38.6666666667
Engine 6,GBCC,4,2,38.6666666667,0,38.6666666667
Engine 6,GBCC,4,3,38.6666666667,0,38.6666666667
Engine 6,GBCC,4,4,37.6666666667,1,38.6666666667
Engine 6,GBCC,4,5,38,0.6666666667,38.6666666667
Engine 6,GBCC,5,1,38.6666666667,0,38.6666666667
Engine 6,GBCC,5,2,38.6666666667,0,38.6666666667
Engine 6,GBCC,5,3,38.6666666667,0,38.6666666667
Engine 6,GBCC,5,4,38.6666666667,0,38.6666666667
Engine 6,GBCC,5,5,38.5,0.1666666667,38.6666666667
Engine 6,SWCC,1,1,65.8333333333,2,67.8333333333
Engine 6,SWCC,1,2,67.1666666667,0.6666666667,67.8333333333
Engine 6,SWCC,1,3,65.8333333333,2,67.8333333333
Engine 6,SWCC,1,4,65.3333333333,2.5,67.8333333333
Engine 6,SWCC,1,5,67.8333333333,0,67.8333333333
Engine 6,SWCC,2,1,67.1666666667,0.6666666667,67.8333333333
Engine 6,SWCC,2,2,65.8333333333,2,67.8333333333
Engine 6,SWCC,2,3,59.8333333333,8,67.8333333333
Engine 6,SWCC,2,4,59.3333333333,8.5,67.8333333333
Engine 6,SWCC,2,5,58.3333333333,9.5,67.8333333333
Engine 6,SWCC,3,1,67.8333333333,0,67.8333333333
Engine 6,SWCC,3,2,67.1666666667,0.6666666667,67.8333333333
Engine 6,SWCC,3,3,66.6666666667,1.1666666667,67.8333333333
Engine 6,SWCC,3,4,65.3333333333,2.5,67.8333333333
Engine 6,SWCC,3,5,65.6666666667,2.1666666667,67.8333333333
Engine 6,SWCC,4,1,67.8333333333,0,67.8333333333
Engine 6,SWCC,4,2,67.8333333333,0,67.8333333333
Engine 6,SWCC,4,3,67.8333333333,0,67.8333333333
Engine 6,SWCC,4,4,67.8333333333,0,67.8333333333
Engine 6,SWCC,4,5,67.5,0.3333333333,67.8333333333
Engine 6,SWCC,5,1,67.8333333333,0,67.8333333333
Engine 6,SWCC,5,2,67.8333333333,0,67.8333333333
Engine 6,SWCC,5,3,67.8333333333,0,67.8333333333
Engine 6,SWCC,5,4,67.8333333333,0,67.8333333333
Engine 6,SWCC,5,5,67.8333333333,0,67.8333333333
Engine 6,RMCC,1,1,47.6666666667,1,48.6666666667
Engine 6,RMCC,1,2,45.5,3.1666666667,48.6666666667
Engine 6,RMCC,1,3,48.6666666667,0,48.6666666667
Engine 6,RMCC,1,4,48.6666666667,0,48.6666666667
Engine 6,RMCC,1,5,48.6666666667,0,48.6666666667
Engine 6,RMCC,2,1,48.6666666667,0,48.6666666667
Engine 6,RMCC,2,2,45.6666666667,3,48.6666666667
Engine 6,RMCC,2,3,44.5,4.1666666667,48.6666666667
Engine 6,RMCC,2,4,44.6666666667,4,48.6666666667
Engine 6,RMCC,2,5,44.6666666667,4,48.6666666667
Engine 6,RMCC,3,1,48.6666666667,0,48.6666666667
Engine 6,RMCC,3,2,48.6666666667,0,48.6666666667
Engine 6,RMCC,3,3,48.5,0.1666666667,48.6666666667
Engine 6,RMCC,3,4,47.5,1.1666666667,48.6666666667
Engine 6,RMCC,3,5,47.5,1.1666666667,48.6666666667
Engine 6,RMCC,4,1,48.6666666667,0,48.6666666667
Engine 6,RMCC,4,2,48.6666666667,0,48.6666666667
Engine 6,RMCC,4,3,48.6666666667,0,48.6666666667
Engine 6,RMCC,4,4,48.6666666667,0,48.6666666667
Engine 6,RMCC,4,5,48.6666666667,0,48.6666666667
Engine 6,RMCC,5,1,48.6666666667,0,48.6666666667
Engine 6,RMCC,5,2,48.6666666667,0,48.6666666667
Engine 6,RMCC,5,3,48.6666666667,0,48.6666666667
Engine 6,RMCC,5,4,48.6666666667,0,48.6666666667
Engine 6,RMCC,5,5,48.6666666667,0,48.6666666667
Engine 6,EACC,1,1,38.6666666667,0.3333333333,39
Engine 6,EACC,1,2,37.6666666667,1.3333333333,39
Engine 6,EACC,1,3,33.6666666667,5.3333333333,39
Engine 6,EACC,1,4,32.8333333333,6.1666666667,39
Engine 6,EACC,1,5,35.1666666667,3.8333333333,39
Engine 6,EACC,2,1,39,0,39
Engine 6,EACC,2,2,37.6666666667,1.3333333333,39
Engine 6,EACC,2,3,38,1,39
Engine 6,EACC,2,4,38,1,39
Engine 6,EACC,2,5,38.1666666667,0.8333333333,39
Engine 6,EACC,3,1,39,0,39
Engine 6,EACC,3,2,39,0,39
Engine 6,EACC,3,3,39,0,39
Engine 6,EACC,3,4,38.3333333333,0.6666666667,39
Engine 6,EACC,3,5,37.3333333333,1.6666666667,39
Engine 6,EACC,4,1,39,0,39
Engine 6,EACC,4,2,39,0,39
Engine 6,EACC,4,3,39,0,39
Engine 6,EACC,4,4,39,0,39
Engine 6,EACC,4,5,38.1666666667,0.8333333333,39
Engine 6,EACC,5,1,39,0,39
Engine 6,EACC,5,2,39,0,39
Engine 6,EACC,5,3,39,0,39
Engine 6,EACC,5,4,39,0,39
Engine 6,EACC,5,5,39,0,39
Engine 6,SACC,1,1,52.6666666667,0.1666666667,52.8333333333
Engine 6,SACC,1,2,49,3.8333333333,52.8333333333
Engine 6,SACC,1,3,47.5,5.3333333333,52.8333333333
Engine 6,SACC,1,4,47.3333333333,5.5,52.8333333333
Engine 6,SACC,1,5,48.1666666667,4.6666666667,52.8333333333
Engine 6,SACC,2,1,52.3333333333,0.5,52.8333333333
Engine 6,SACC,2,2,52.1666666667,0.6666666667,52.8333333333
Engine 6,SACC,2,3,50.8333333333,2,52.8333333333
Engine 6,SACC,2,4,50.8333333333,2,52.8333333333
Engine 6,SACC,2,5,49.3333333333,3.5,52.8333333333
Engine 6,SACC,3,1,52.8333333333,0,52.8333333333
Engine 6,SACC,3,2,52.5,0.3333333333,52.8333333333
Engine 6,SACC,3,3,51.3333333333,1.5,52.8333333333
Engine 6,SACC,3,4,52.3333333333,0.5,52.8333333333
Engine 6,SACC,3,5,52,0.8333333333,52.8333333333
Engine 6,SACC,4,1,52.8333333333,0,52.8333333333
Engine 6,SACC,4,2,52.8333333333,0,52.8333333333
Engine 6,SACC,4,3,51.8333333333,1,52.8333333333
Engine 6,SACC,4,4,51.8333333333,1,52.8333333333
Engine 6,SACC,4,5,52.6666666667,0.1666666667,52.8333333333
Engine 6,SACC,5,1,52.8333333333,0,52.8333333333
Engine 6,SACC,5,2,52.8333333333,0,52.8333333333
Engine 6,SACC,5,3,52.8333333333,0,52.8333333333
Engine 6,SACC,5,4,52.3333333333,0.5,52.8333333333
Engine 6,SACC,5,5,52.5,0.3333333333,52.8333333333
Engine 7,AICC,1,1,0.1666666667,0,0.1666666667
Engine 7,AICC,1,2,0.1666666667,0,0.1666666667
Engine 7,AICC,1,3,0.1666666667,0,0.1666666667
Engine 7,AICC,1,4,0.1666666667,0,0.1666666667
Engine 7,AICC,1,5,0.1666666667,0,0.1666666667
Engine 7,AICC,2,1,0.1666666667,0,0.1666666667
Engine 7,AICC,2,2,0.1666666667,0,0.1666666667
Engine 7,AICC,2,3,0.1666666667,0,0.1666666667
Engine 7,AICC,2,4,0.1666666667,0,0.1666666667
Engine 7,AICC,2,5,0.1666666667,0,0.1666666667
Engine 7,AICC,3,1,0.1666666667,0,0.1666666667
Engine 7,AICC,3,2,0.1666666667,0,0.1666666667
Engine 7,AICC,3,3,0.1666666667,0,0.1666666667
Engine 7,AICC,3,4,0.1666666667,0,0.1666666667
Engine 7,AICC,3,5,0.1666666667,0,0.1666666667
Engine 7,AICC,4,1,0.1666666667,0,0.1666666667
Engine 7,AICC,4,2,0.1666666667,0,0.1666666667
Engine 7,AICC,4,3,0.1666666667,0,0.1666666667
Engine 7,AICC,4,4,0.1666666667,0,0.1666666667
Engine 7,AICC,4,5,0.1666666667,0,0.1666666667
Engine 7,AICC,5,1,0.1666666667,0,0.1666666667
Engine 7,AICC,5,2,0.1666666667,0,0.1666666667
Engine 7,AICC,5,3,0.1666666667,0,0.1666666667
Engine 7,AICC,5,4,0.1666666667,0,0.1666666667
Engine 7,AICC,5,5,0.1666666667,0,0.1666666667
Engine 7,NWCC,1,1,2,0,2
Engine 7,NWCC,1,2,2,0,2
Engine 7,NWCC,1,3,2,0,2
Engine 7,NWCC,1,4,2,0,2
Engine 7,NWCC,1,5,2,0,2
Engine 7,NWCC,2,1,2,0,2
Engine 7,NWCC,2,2,2,0,2
Engine 7,NWCC,2,3,2,0,2
Engine 7,NWCC,2,4,2,0,2
Engine 7,NWCC,2,5,2,0,2
Engine 7,NWCC,3,1,2,0,2
Engine 7,NWCC,3,2,2,0,2
Engine 7,NWCC,3,3,2,0,2
Engine 7,NWCC,3,4,2,0,2
Engine 7,NWCC,3,5,2,0,2
Engine 7,NWCC,4,1,2,0,2
Engine 7,NWCC,4,2,2,0,2
Engine 7,NWCC,4,3,2,0,2
Engine 7,NWCC,4,4,2,0,2
Engine 7,NWCC,4,5,2,0,2
Engine 7,NWCC,5,1,2,0,2
Engine 7,NWCC,5,2,2,0,2
Engine 7,NWCC,5,3,2,0,2
Engine 7,NWCC,5,4,2,0,2
Engine 7,NWCC,5,5,2,0,2
Engine 7,ONCC,1,1,2.5,0,2.5
Engine 7,ONCC,1,2,2.5,0,2.5
Engine 7,ONCC,1,3,2.5,0,2.5
Engine 7,ONCC,1,4,2.5,0,2.5
Engine 7,ONCC,1,5,2.5,0,2.5
Engine 7,ONCC,2,1,2.5,0,2.5
Engine 7,ONCC,2,2,2.5,0,2.5
Engine 7,ONCC,2,3,2.5,0,2.5
Engine 7,ONCC,2,4,2.5,0,2.5
Engine 7,ONCC,2,5,2.5,0,2.5
Engine 7,ONCC,3,1,2.5,0,2.5
Engine 7,ONCC,3,2,2.5,0,2.5
Engine 7,ONCC,3,3,2.5,0,2.5
Engine 7,ONCC,3,4,2.5,0,2.5
Engine 7,ONCC,3,5,2.5,0,2.5
Engine 7,ONCC,4,1,2.5,0,2.5
Engine 7,ONCC,4,2,2.5,0,2.5
Engine 7,ONCC,4,3,2.5,0,2.5
Engine 7,ONCC,4,4,2.5,0,2.5
Engine 7,ONCC,4,5,2.5,0,2.5
Engine 7,ONCC,5,1,2.5,0,2.5
Engine 7,ONCC,5,2,2.5,0,2.5
Engine 7,ONCC,5,3,2.5,0,2.5
Engine 7,ONCC,5,4,2.5,0,2.5
Engine 7,ONCC,5,5,2.5,0,2.5
Engine 7,OSCC,1,1,15.1666666667,0,15.1666666667
Engine 7,OSCC,1,2,15.1666666667,0,15.1666666667
Engine 7,OSCC,1,3,15.1666666667,0,15.1666666667
Engine 7,OSCC,1,4,15.1666666667,0,15.1666666667
Engine 7,OSCC,1,5,15.1666666667,0,15.1666666667
Engine 7,OSCC,2,1,15.1666666667,0,15.1666666667
Engine 7,OSCC,2,2,15.1666666667,0,15.1666666667
Engine 7,OSCC,2,3,15.1666666667,0,15.1666666667
Engine 7,OSCC,2,4,15.1666666667,0,15.1666666667
Engine 7,OSCC,2,5,15.1666666667,0,15.1666666667
Engine 7,OSCC,3,1,15.1666666667,0,15.1666666667
Engine 7,OSCC,3,2,15.1666666667,0,15.1666666667
Engine 7,OSCC,3,3,15.1666666667,0,15.1666666667
Engine 7,OSCC,3,4,15.1666666667,0,15.1666666667
Engine 7,OSCC,3,5,15.1666666667,0,15.1666666667
Engine 7,OSCC,4,1,15.1666666667,0,15.1666666667
Engine 7,OSCC,4,2,15.1666666667,0,15.1666666667
Engine 7,OSCC,4,3,15.1666666667,0,15.1666666667
Engine 7,OSCC,4,4,15.1666666667,0,15.1666666667
Engine 7,OSCC,4,5,15.1666666667,0,15.1666666667
Engine 7,OSCC,5,1,15.1666666667,0,15.1666666667
Engine 7,OSCC,5,2,15.1666666667,0,15.1666666667
Engine 7,OSCC,5,3,15.1666666667,0,15.1666666667
Engine 7,OSCC,5,4,15.1666666667,0,15.1666666667
Engine 7,OSCC,5,5,15.1666666667,0,15.1666666667
Engine 7,NRCC,1,1,0.3333333333,0,0.3333333333
Engine 7,NRCC,1,2,0.3333333333,0,0.3333333333
Engine 7,NRCC,1,3,0.3333333333,0,0.3333333333
Engine 7,NRCC,1,4,0.3333333333,0,0.3333333333
Engine 7,NRCC,1,5,0.3333333333,0,0.3333333333
Engine 7,NRCC,2,1,0.3333333333,0,0.3333333333
Engine 7,NRCC,2,2,0.3333333333,0,0.3333333333
Engine 7,NRCC,2,3,0.3333333333,0,0.3333333333
Engine 7,NRCC,2,4,0.3333333333,0,0.3333333333
Engine 7,NRCC,2,5,0.3333333333,0,0.3333333333
Engine 7,NRCC,3,1,0.3333333333,0,0.3333333333
Engine 7,NRCC,3,2,0.3333333333,0,0.3333333333
Engine 7,NRCC,3,3,0.3333333333,0,0.3333333333
Engine 7,NRCC,3,4,0.3333333333,0,0.3333333333
Engine 7,NRCC,3,5,0.3333333333,0,0.3333333333
Engine 7,NRCC,4,1,0.3333333333,0,0.3333333333
Engine 7,NRCC,4,2,0.3333333333,0,0.3333333333
Engine 7,NRCC,4,3,0.3333333333,0,0.3333333333
Engine 7,NRCC,4,4,0.3333333333,0,0.3333333333
Engine 7,NRCC,4,5,0.3333333333,0,0.3333333333
Engine 7,NRCC,5,1,0.3333333333,0,0.3333333333
Engine 7,NRCC,5,2,0.3333333333,0,0.3333333333
Engine 7,NRCC,5,3,0.3333333333,0,0.3333333333
Engine 7,NRCC,5,4,0.3333333333,0,0.3333333333
Engine 7,NRCC,5,5,0.3333333333,0,0.3333333333
Engine 7,GBCC,1,1,4.8333333333,0,4.8333333333
Engine 7,GBCC,1,2,4.8333333333,0,4.8333333333
Engine 7,GBCC,1,3,4.8333333333,0,4.8333333333
Engine 7,GBCC,1,4,4.8333333333,0,4.8333333333
Engine 7,GBCC,1,5,4.8333333333,0,4.8333333333
Engine 7,GBCC,2,1,4.8333333333,0,4.8333333333
Engine 7,GBCC,2,2,4.8333333333,0,4.8333333333
Engine 7,GBCC,2,3,4.8333333333,0,4.8333333333
Engine 7,GBCC,2,4,4.8333333333,0,4.8333333333
Engine 7,GBCC,2,5,4.8333333333,0,4.8333333333
Engine 7,GBCC,3,1,4.8333333333,0,4.8333333333
Engine 7,GBCC,3,2,4.8333333333,0,4.8333333333
Engine 7,GBCC,3,3,4.8333333333,0,4.8333333333
Engine 7,GBCC,3,4,4.8333333333,0,4.8333333333
Engine 7,GBCC,3,5,4.8333333333,0,4.8333333333
Engine 7,GBCC,4,1,4.8333333333,0,4.8333333333
Engine 7,GBCC,4,2,4.8333333333,0,4.8333333333
Engine 7,GBCC,4,3,4.8333333333,0,4.8333333333
Engine 7,GBCC,4,4,4.8333333333,0,4.8333333333
Engine 7,GBCC,4,5,4.8333333333,0,4.8333333333
Engine 7,GBCC,5,1,4.8333333333,0,4.8333333333
Engine 7,GBCC,5,2,4.8333333333,0,4.8333333333
Engine 7,GBCC,5,3,4.8333333333,0,4.8333333333
Engine 7,GBCC,5,4,4.8333333333,0,4.8333333333
Engine 7,GBCC,5,5,4.8333333333,0,4.8333333333
Engine 7,SWCC,1,1,0.1666666667,0,0.1666666667
Engine 7,SWCC,1,2,0.1666666667,0,0.1666666667
Engine 7,SWCC,1,3,0.1666666667,0,0.1666666667
Engine 7,SWCC,1,4,0.1666666667,0,0.1666666667
Engine 7,SWCC,1,5,0.1666666667,0,0.1666666667
Engine 7,SWCC,2,1,0.1666666667,0,0.1666666667
Engine 7,SWCC,2,2,0.1666666667,0,0.1666666667
Engine 7,SWCC,2,3,0.1666666667,0,0.1666666667
Engine 7,SWCC,2,4,0.1666666667,0,0.1666666667
Engine 7,SWCC,2,5,0.1666666667,0,0.1666666667
Engine 7,SWCC,3,1,0.1666666667,0,0.1666666667
Engine 7,SWCC,3,2,0.1666666667,0,0.1666666667
Engine 7,SWCC,3,3,0.1666666667,0,0.1666666667
Engine 7,SWCC,3,4,0.1666666667,0,0.1666666667
Engine 7,SWCC,3,5,0.1666666667,0,0.1666666667
Engine 7,SWCC,4,1,0.1666666667,0,0.1666666667
Engine 7,SWCC,4,2,0.1666666667,0,0.1666666667
Engine 7,SWCC,4,3,0.1666666667,0,0.1666666667
Engine 7,SWCC,4,4,0.1666666667,0,0.1666666667
Engine 7,SWCC,4,5,0.1666666667,0,0.1666666667
Engine 7,SWCC,5,1,0.1666666667,0,0.1666666667
Engine 7,SWCC,5,2,0.1666666667,0,0.1666666667
Engine 7,SWCC,5,3,0.1666666667,0,0.1666666667
Engine 7,SWCC,5,4,0.1666666667,0,0.1666666667
Engine 7,SWCC,5,5,0.1666666667,0,0.1666666667
Engine 7,RMCC,1,1,1.8333333333,0,1.8333333333
Engine 7,RMCC,1,2,1.8333333333,0,1.8333333333
Engine 7,RMCC,1,3,1.8333333333,0,1.8333333333
Engine 7,RMCC,1,4,1.8333333333,0,1.8333333333
Engine 7,RMCC,1,5,1.8333333333,0,1.8333333333
Engine 7,RMCC,2,1,1.8333333333,0,1.8333333333
Engine 7,RMCC,2,2,1.8333333333,0,1.8333333333
Engine 7,RMCC,2,3,1.8333333333,0,1.8333333333
Engine 7,RMCC,2,4,1.8333333333,0,1.8333333333
Engine 7,RMCC,2,5,1.8333333333,0,1.8333333333
Engine 7,RMCC,3,1,1.8333333333,0,1.8333333333
Engine 7,RMCC,3,2,1.8333333333,0,1.8333333333
Engine 7,RMCC,3,3,1.8333333333,0,1.8333333333
Engine 7,RMCC,3,4,1.8333333333,0,1.8333333333
Engine 7,RMCC,3,5,1.8333333333,0,1.8333333333
Engine 7,RMCC,4,1,1.8333333333,0,1.8333333333
Engine 7,RMCC,4,2,1.8333333333,0,1.8333333333
Engine 7,RMCC,4,3,1.8333333333,0,1.8333333333
Engine 7,RMCC,4,4,1.8333333333,0,1.8333333333
Engine 7,RMCC,4,5,1.8333333333,0,1.8333333333
Engine 7,RMCC,5,1,1.8333333333,0,1.8333333333
Engine 7,RMCC,5,2,1.8333333333,0,1.8333333333
Engine 7,RMCC,5,3,1.8333333333,0,1.8333333333
Engine 7,RMCC,5,4,1.8333333333,0,1.8333333333
Engine 7,RMCC,5,5,1.8333333333,0,1.8333333333
Engine 7,EACC,1,1,0.3333333333,0,0.3333333333
Engine 7,EACC,1,2,0.3333333333,0,0.3333333333
Engine 7,EACC,1,3,0.3333333333,0,0.3333333333
Engine 7,EACC,1,4,0.3333333333,0,0.3333333333
Engine 7,EACC,1,5,0.3333333333,0,0.3333333333
Engine 7,EACC,2,1,0.3333333333,0,0.3333333333
Engine 7,EACC,2,2,0.3333333333,0,0.3333333333
Engine 7,EACC,2,3,0.3333333333,0,0.3333333333
Engine 7,EACC,2,4,0.3333333333,0,0.3333333333
Engine 7,EACC,2,5,0.3333333333,0,0.3333333333
Engine 7,EACC,3,1,0.3333333333,0,0.3333333333
Engine 7,EACC,3,2,0.3333333333,0,0.3333333333
Engine 7,EACC,3,3,0.3333333333,0,0.3333333333
Engine 7,EACC,3,4,0.3333333333,0,0.3333333333
Engine 7,EACC,3,5,0.3333333333,0,0.3333333333
Engine 7,EACC,4,1,0.3333333333,0,0.3333333333
Engine 7,EACC,4,2,0.3333333333,0,0.3333333333
Engine 7,EACC,4,3,0.3333333333,0,0.3333333333
Engine 7,EACC,4,4,0.3333333333,0,0.3333333333
Engine 7,EACC,4,5,0.3333333333,0,0.3333333333
Engine 7,EACC,5,1,0.3333333333,0,0.3333333333
Engine 7,EACC,5,2,0.3333333333,0,0.3333333333
Engine 7,EACC,5,3,0.3333333333,0,0.3333333333
Engine 7,EACC,5,4,0.3333333333,0,0.3333333333
Engine 7,EACC,5,5,0.3333333333,0,0.3333333333
Engine 7,SACC,1,1,4,0,4
Engine 7,SACC,1,2,4,0,4
Engine 7,SACC,1,3,4,0,4
Engine 7,SACC,1,4,4,0,4
Engine 7,SACC,1,5,4,0,4
Engine 7,SACC,2,1,4,0,4
Engine 7,SACC,2,2,4,0,4
Engine 7,SACC,2,3,4,0,4
Engine 7,SACC,2,4,4,0,4
Engine 7,SACC,2,5,4,0,4
Engine 7,SACC,3,1,4,0,4
Engine 7,SACC,3,2,4,0,4
Engine 7,SACC,3,3,4,0,4
Engine 7,SACC,3,4,4,0,4
Engine 7,SACC,3,5,4,0,4
Engine 7,SACC,4,1,4,0,4
Engine 7,SACC,4,2,4,0,4
Engine 7,SACC,4,3,4,0,4
Engine 7,SACC,4,4,4,0,4
Engine 7,SACC,4,5,4,0,4
Engine 7,SACC,5,1,4,0,4
Engine 7,SACC,5,2,4,0,4
Engine 7,SACC,5,3,4,0,4
Engine 7,SACC,5,4,4,0,4
Engine 7,SACC,5,5,4,0,4
Dozer 1,AICC,1,1,0,0,0
Dozer 1,AICC,1,2,0,0,0
Dozer 1,AICC,1,3,0,0,0
Dozer 1,AICC,1,4,0,0,0
Dozer 1,AICC,1,5,0,0,0
Dozer 1,AICC,2,1,0,0,0
Dozer 1,AICC,2,2,0,0,0
Dozer 1,AICC,2,3,0,0,0
Dozer 1,AICC,2,4,0,0,0
Dozer 1,AICC,2,5,0,0,0
Dozer 1,AICC,3,1,0,0,0
Dozer 1,AICC,3,2,0,0,0
Dozer 1,AICC,3,3,0,0,0
Dozer 1,AICC,3,4,0,0,0
Dozer 1,AICC,3,5,0,0,0
Dozer 1,AICC,4,1,0,0,0
Dozer 1,AICC,4,2,0,0,0
Dozer 1,AICC,4,3,0,0,0
Dozer 1,AICC,4,4,0,0,0
Dozer 1,AICC,4,5,0,0,0
Dozer 1,AICC,5,1,0,0,0
Dozer 1,AICC,5,2,0,0,0
Dozer 1,AICC,5,3,0,0,0
Dozer 1,AICC,5,4,0,0,0
Dozer 1,AICC,5,5,0,0,0
Dozer 1,NWCC,1,1,0,0,0
Dozer 1,NWCC,1,2,0,0,0
Dozer 1,NWCC,1,3,0,0,0
Dozer 1,NWCC,1,4,0,0,0
Dozer 1,NWCC,1,5,0,0,0
Dozer 1,NWCC,2,1,0,0,0
Dozer 1,NWCC,2,2,0,0,0
Dozer 1,NWCC,2,3,0,0,0
Dozer 1,NWCC,2,4,0,0,0
Dozer 1,NWCC,2,5,0,0,0
Dozer 1,NWCC,3,1,0,0,0
Dozer 1,NWCC,3,2,0,0,0
Dozer 1,NWCC,3,3,0,0,0
Dozer 1,NWCC,3,4,0,0,0
Dozer 1,NWCC,3,5,0,0,0
Dozer 1,NWCC,4,1,0,0,0
Dozer 1,NWCC,4,2,0,0,0
Dozer 1,NWCC,4,3,0,0,0
Dozer 1,NWCC,4,4,0,0,0
Dozer 1,NWCC,4,5,0,0,0
Dozer 1,NWCC,5,1,0,0,0
Dozer 1,NWCC,5,2,0,0,0
Dozer 1,NWCC,5,3,0,0,0
Dozer 1,NWCC,5,4,0,0,0
Dozer 1,NWCC,5,5,0,0,0
Dozer 1,ONCC,1,1,0,0,0
Dozer 1,ONCC,1,2,0,0,0
Dozer 1,ONCC,1,3,0,0,0
Dozer 1,ONCC,1,4,0,0,0
Dozer 1,ONCC,1,5,0,0,0
Dozer 1,ONCC,2,1,0,0,0
Dozer 1,ONCC,2,2,0,0,0
Dozer 1,ONCC,2,3,0,0,0
Dozer 1,ONCC,2,4,0,0,0
Dozer 1,ONCC,2,5,0,0,0
Dozer 1,ONCC,3,1,0,0,0
Dozer 1,ONCC,3,2,0,0,0
Dozer 1,ONCC,3,3,0,0,0
Dozer 1,ONCC,3,4,0,0,0
Dozer 1,ONCC,3,5,0,0,0
Dozer 1,ONCC,4,1,0,0,0
Dozer 1,ONCC,4,2,0,0,0
Dozer 1,ONCC,4,3,0,0,0
Dozer 1,ONCC,4,4,0,0,0
Dozer 1,ONCC,4,5,0,0,0
Dozer 1,ONCC,5,1,0,0,0
Dozer 1,ONCC,5,2,0,0,0
Dozer 1,ONCC,5,3,0,0,0
Dozer 1,ONCC,5,4,0,0,0
Dozer 1,ONCC,5,5,0,0,0
Dozer 1,OSCC,1,1,0,0,0
Dozer 1,OSCC,1,2,0,0,0
Dozer 1,OSCC,1,3,0,0,0
Dozer 1,OSCC,1,4,0,0,0
Dozer 1,OSCC,1,5,0,0,0
Dozer 1,OSCC,2,1,0,0,0
Dozer 1,OSCC,2,2,0,0,0
Dozer 1,OSCC,2,3,0,0,0
Dozer 1,OSCC,2,4,0,0,0
Dozer 1,OSCC,2,5,0,0,0
Dozer 1,OSCC,3,1,0,0,0
Dozer 1,OSCC,3,2,0,0,0
Dozer 1,OSCC,3,3,0,0,0
Dozer 1,OSCC,3,4,0,0,0
Dozer 1,OSCC,3,5,0,0,0
Dozer 1,OSCC,4,1,0,0,0
Dozer 1,OSCC,4,2,0,0,0
Dozer 1,OSCC,4,3,0,0,0
Dozer 1,OSCC,4,4,0,0,0
Dozer 1,OSCC,4,5,0,0,0
Dozer 1,OSCC,5,1,0,0,0
Dozer 1,OSCC,5,2,0,0,0
Dozer 1,OSCC,5,3,0,0,0
Dozer 1,OSCC,5,4,0,0,0
Dozer 1,OSCC,5,5,0,0,0
Dozer 1,NRCC,1,1,0,0,0
Dozer 1,NRCC,1,2,0,0,0
Dozer 1,NRCC,1,3,0,0,0
Dozer 1,NRCC,1,4,0,0,0
Dozer 1,NRCC,1,5,0,0,0
Dozer 1,NRCC,2,1,0,0,0
Dozer 1,NRCC,2,2,0,0,0
Dozer 1,NRCC,2,3,0,0,0
Dozer 1,NRCC,2,4,0,0,0
Dozer 1,NRCC,2,5,0,0,0
Dozer 1,NRCC,3,1,0,0,0
Dozer 1,NRCC,3,2,0,0,0
Dozer 1,NRCC,3,3,0,0,0
Dozer 1,NRCC,3,4,0,0,0
Dozer 1,NRCC,3,5,0,0,0
Dozer 1,NRCC,4,1,0,0,0
Dozer 1,NRCC,4,2,0,0,0
Dozer 1,NRCC,4,3,0,0,0
Dozer 1,NRCC,4,4,0,0,0
Dozer 1,NRCC,4,5,0,0,0
Dozer 1,NRCC,5,1,0,0,0
Dozer 1,NRCC,5,2,0,0,0
Dozer 1,NRCC,5,3,0,0,0
Dozer 1,NRCC,5,4,0,0,0
Dozer 1,NRCC,5,5,0,0,0
Dozer 1,GBCC,1,1,0,0,0
Dozer 1,GBCC,1,2,0,0,0
Dozer 1,GBCC,1,3,0,0,0
Dozer 1,GBCC,1,4,0,0,0
Dozer 1,GBCC,1,5,0,0,0
Dozer 1,GBCC,2,1,0,0,0
Dozer 1,GBCC,2,2,0,0,0
Dozer 1,GBCC,2,3,0,0,0
Dozer 1,GBCC,2,4,0,0,0
Dozer 1,GBCC,2,5,0,0,0
Dozer 1,GBCC,3,1,0,0,0
Dozer 1,GBCC,3,2,0,0,0
Dozer 1,GBCC,3,3,0,0,0
Dozer 1,GBCC,3,4,0,0,0
Dozer 1,GBCC,3,5,0,0,0
Dozer 1,GBCC,4,1,0,0,0
Dozer 1,GBCC,4,2,0,0,0
Dozer 1,GBCC,4,3,0,0,0
Dozer 1,GBCC,4,4,0,0,0
Dozer 1,GBCC,4,5,0,0,0
Dozer 1,GBCC,5,1,0,0,0
Dozer 1,GBCC,5,2,0,0,0
Dozer 1,GBCC,5,3,0,0,0
Dozer 1,GBCC,5,4,0,0,0
Dozer 1,GBCC,5,5,0,0,0
Dozer 1,SWCC,1,1,0,0,0
Dozer 1,SWCC,1,2,0,0,0
Dozer 1,SWCC,1,3,0,0,0
Dozer 1,SWCC,1,4,0,0,0
Dozer 1,SWCC,1,5,0,0,0
Dozer 1,SWCC,2,1,0,0,0
Dozer 1,SWCC,2,2,0,0,0
Dozer 1,SWCC,2,3,0,0,0
Dozer 1,SWCC,2,4,0,0,0
Dozer 1,SWCC,2,5,0,0,0
Dozer 1,SWCC,3,1,0,0,0
Dozer 1,SWCC,3,2,0,0,0
Dozer 1,SWCC,3,3,0,0,0
Dozer 1,SWCC,3,4,0,0,0
Dozer 1,SWCC,3,5,0,0,0
Dozer 1,SWCC,4,1,0,0,0
Dozer 1,SWCC,4,2,0,0,0
Dozer 1,SWCC,4,3,0,0,0
Dozer 1,SWCC,4,4,0,0,0
Dozer 1,SWCC,4,5,0,0,0
Dozer 1,SWCC,5,1,0,0,0
Dozer 1,SWCC,5,2,0,0,0
Dozer 1,SWCC,5,3,0,0,0
Dozer 1,SWCC,5,4,0,0,0
Dozer 1,SWCC,5,5,0,0,0
Dozer 1,RMCC,1,1,0,0,0
Dozer 1,RMCC,1,2,0,0,0
Dozer 1,RMCC,1,3,0,0,0
Dozer 1,RMCC,1,4,0,0,0
Dozer 1,RMCC,1,5,0,0,0
Dozer 1,RMCC,2,1,0,0,0
Dozer 1,RMCC,2,2,0,0,0
Dozer 1,RMCC,2,3,0,0,0
Dozer 1,RMCC,2,4,0,0,0
Dozer 1,RMCC,2,5,0,0,0
Dozer 1,RMCC,3,1,0,0,0
Dozer 1,RMCC,3,2,0,0,0
Dozer 1,RMCC,3,3,0,0,0
Dozer 1,RMCC,3,4,0,0,0
Dozer 1,RMCC,3,5,0,0,0
Dozer 1,RMCC,4,1,0,0,0
Dozer 1,RMCC,4,2,0,0,0
Dozer 1,RMCC,4,3,0,0,0
Dozer 1,RMCC,4,4,0,0,0
Dozer 1,RMCC,4,5,0,0,0
Dozer 1,RMCC,5,1,0,0,0
Dozer 1,RMCC,5,2,0,0,0
Dozer 1,RMCC,5,3,0,0,0
Dozer 1,RMCC,5,4,0,0,0
Dozer 1,RMCC,5,5,0,0,0
Dozer 1,EACC,1,1,0,0,0
Dozer 1,EACC,1,2,0,0,0
Dozer 1,EACC,1,3,0,0,0
Dozer 1,EACC,1,4,0,0,0
Dozer 1,EACC,1,5,0,0,0
Dozer 1,EACC,2,1,0,0,0
Dozer 1,EACC,2,2,0,0,0
Dozer 1,EACC,2,3,0,0,0
Dozer 1,EACC,2,4,0,0,0
Dozer 1,EACC,2,5,0,0,0
Dozer 1,EACC,3,1,0,0,0
Dozer 1,EACC,3,2,0,0,0
Dozer 1,EACC,3,3,0,0,0
Dozer 1,EACC,3,4,0,0,0
Dozer 1,EACC,3,5,0,0,0
Dozer 1,EACC,4,1,0,0,0
Dozer 1,EACC,4,2,0,0,0
Dozer 1,EACC,4,3,0,0,0
Dozer 1,EACC,4,4,0,0,0
Dozer 1,EACC,4,5,0,0,0
Dozer 1,EACC,5,1,0,0,0
Dozer 1,EACC,5,2,0,0,0
Dozer 1,EACC,5,3,0,0,0
Dozer 1,EACC,5,4,0,0,0
Dozer 1,EACC,5,5,0,0,0
Dozer 1,SACC,1,1,0,0,0
Dozer 1,SACC,1,2,0,0,0
Dozer 1,SACC,1,3,0,0,0
Dozer 1,SACC,1,4,0,0,0
Dozer 1,SACC,1,5,0,0,0
Dozer 1,SACC,2,1,0,0,0
Dozer 1,SACC,2,2,0,0,0
Dozer 1,SACC,2,3,0,0,0
Dozer 1,SACC,2,4,0,0,0
Dozer 1,SACC,2,5,0,0,0
Dozer 1,SACC,3,1,0,0,0
Dozer 1,SACC,3,2,0,0,0
Dozer 1,SACC,3,3,0,0,0
Dozer 1,SACC,3,4,0,0,0
Dozer 1,SACC,3,5,0,0,0
Dozer 1,SACC,4,1,0,0,0
Dozer 1,SACC,4,2,0,0,0
Dozer 1,SACC,4,3,0,0,0
Dozer 1,SACC,4,4,0,0,0
Dozer 1,SACC,4,5,0,0,0
Dozer 1,SACC,5,1,0,0,0
Dozer 1,SACC,5,2,0,0,0
Dozer 1,SACC,5,3,0,0,0
Dozer 1,SACC,5,4,0,0,0
Dozer 1,SACC,5,5,0,0,0
Dozer 2,AICC,1,1,0,0,0
Dozer 2,AICC,1,2,0,0,0
Dozer 2,AICC,1,3,0,0,0
Dozer 2,AICC,1,4,0,0,0
Dozer 2,AICC,1,5,0,0,0
Dozer 2,AICC,2,1,0,0,0
Dozer 2,AICC,2,2,0,0,0
Dozer 2,AICC,2,3,0,0,0
Dozer 2,AICC,2,4,0,0,0
Dozer 2,AICC,2,5,0,0,0
Dozer 2,AICC,3,1,0,0,0
Dozer 2,AICC,3,2,0,0,0
Dozer 2,AICC,3,3,0,0,0
Dozer 2,AICC,3,4,0,0,0
Dozer 2,AICC,3,5,0,0,0
Dozer 2,AICC,4,1,0,0,0
Dozer 2,AICC,4,2,0,0,0
Dozer 2,AICC,4,3,0,0,0
Dozer 2,AICC,4,4,0,0,0
Dozer 2,AICC,4,5,0,0,0
Dozer 2,AICC,5,1,0,0,0
Dozer 2,AICC,5,2,0,0,0
Dozer 2,AICC,5,3,0,0,0
Dozer 2,AICC,5,4,0,0,0
Dozer 2,AICC,5,5,0,0,0
Dozer 2,NWCC,1,1,1.1666666667,0,1.1666666667
Dozer 2,NWCC,1,2,1.1666666667,0,1.1666666667
Dozer 2,NWCC,1,3,1.1666666667,0,1.1666666667
Dozer 2,NWCC,1,4,1.1666666667,0,1.1666666667
Dozer 2,NWCC,1,5,1.1666666667,0,1.1666666667
Dozer 2,NWCC,2,1,1.1666666667,0,1.1666666667
Dozer 2,NWCC,2,2,1.1666666667,0,1.1666666667
Dozer 2,NWCC,2,3,1.1666666667,0,1.1666666667
Dozer 2,NWCC,2,4,1.1666666667,0,1.1666666667
Dozer 2,NWCC,2,5,1.1666666667,0,1.1666666667
Dozer 2,NWCC,3,1,1.1666666667,0,1.1666666667
Dozer 2,NWCC,3,2,1.1666666667,0,1.1666666667
Dozer 2,NWCC,3,3,1.1666666667,0,1.1666666667
Dozer 2,NWCC,3,4,1.1666666667,0,1.1666666667
Dozer 2,NWCC,3,5,1.1666666667,0,1.1666666667
Dozer 2,NWCC,4,1,1.1666666667,0,1.1666666667
Dozer 2,NWCC,4,2,1.1666666667,0,1.1666666667
Dozer 2,NWCC,4,3,1.1666666667,0,1.1666666667
Dozer 2,NWCC,4,4,1.1666666667,0,1.1666666667
Dozer 2,NWCC,4,5,1.1666666667,0,1.1666666667
Dozer 2,NWCC,5,1,1.1666666667,0,1.1666666667
Dozer 2,NWCC,5,2,1.1666666667,0,1.1666666667
Dozer 2,NWCC,5,3,1.1666666667,0,1.1666666667
Dozer 2,NWCC,5,4,1.1666666667,0,1.1666666667
Dozer 2,NWCC,5,5,1.1666666667,0,1.1666666667
Dozer 2,ONCC,1,1,12,0.5,12.5
Dozer 2,ONCC,1,2,12.1666666667,0.3333333333,12.5
Dozer 2,ONCC,1,3,12.1666666667,0.3333333333,12.5
Dozer 2,ONCC,1,4,12.5,0,12.5
Dozer 2,ONCC,1,5,12.5,0,12.5
Dozer 2,ONCC,2,1,12.3333333333,0.1666666667,12.5
Dozer 2,ONCC,2,2,12.1666666667,0.3333333333,12.5
Dozer 2,ONCC,2,3,10.8333333333,1.6666666667,12.5
Dozer 2,ONCC,2,4,12.3333333333,0.1666666667,12.5
Dozer 2,ONCC,2,5,12.3333333333,0.1666666667,12.5
Dozer 2,ONCC,3,1,12.5,0,12.5
Dozer 2,ONCC,3,2,12.3333333333,0.1666666667,12.5
Dozer 2,ONCC,3,3,11,1.5,12.5
Dozer 2,ONCC,3,4,11.6666666667,0.8333333333,12.5
Dozer 2,ONCC,3,5,12,0.5,12.5
Dozer 2,ONCC,4,1,12.5,0,12.5
Dozer 2,ONCC,4,2,12.5,0,12.5
Dozer 2,ONCC,4,3,12.3333333333,0.1666666667,12.5
Dozer 2,ONCC,4,4,12,0.5,12.5
Dozer 2,ONCC,4,5,12.3333333333,0.1666666667,12.5
Dozer 2,ONCC,5,1,12.5,0,12.5
Dozer 2,ONCC,5,2,12.5,0,12.5
Dozer 2,ONCC,5,3,12.5,0,12.5
Dozer 2,ONCC,5,4,12.3333333333,0.1666666667,12.5
Dozer 2,ONCC,5,5,12.3333333333,0.1666666667,12.5
Dozer 2,OSCC,1,1,9.3333333333,0,9.3333333333
Dozer 2,OSCC,1,2,9.1666666667,0.1666666667,9.3333333333
Dozer 2,OSCC,1,3,9.3333333333,0,9.3333333333
Dozer 2,OSCC,1,4,9.3333333333,0,9.3333333333
Dozer 2,OSCC,1,5,9.3333333333,0,9.3333333333
Dozer 2,OSCC,2,1,9.1666666667,0.1666666667,9.3333333333
Dozer 2,OSCC,2,2,8.5,0.8333333333,9.3333333333
Dozer 2,OSCC,2,3,8,1.3333333333,9.3333333333
Dozer 2,OSCC,2,4,8.8333333333,0.5,9.3333333333
Dozer 2,OSCC,2,5,9.3333333333,0,9.3333333333
Dozer 2,OSCC,3,1,9.3333333333,0,9.3333333333
Dozer 2,OSCC,3,2,9.1666666667,0.1666666667,9.3333333333
Dozer 2,OSCC,3,3,8.3333333333,1,9.3333333333
Dozer 2,OSCC,3,4,8.5,0.8333333333,9.3333333333
Dozer 2,OSCC,3,5,8.1666666667,1.1666666667,9.3333333333
Dozer 2,OSCC,4,1,9.3333333333,0,9.3333333333
Dozer 2,OSCC,4,2,9.3333333333,0,9.3333333333
Dozer 2,OSCC,4,3,9.3333333333,0,9.3333333333
Dozer 2,OSCC,4,4,9,0.3333333333,9.3333333333
Dozer 2,OSCC,4,5,8.1666666667,1.1666666667,9.3333333333
Dozer 2,OSCC,5,1,9.3333333333,0,9.3333333333
Dozer 2,OSCC,5,2,9.3333333333,0,9.3333333333
Dozer 2,OSCC,5,3,9.3333333333,0,9.3333333333
Dozer 2,OSCC,5,4,9.3333333333,0,9.3333333333
Dozer 2,OSCC,5,5,9.3333333333,0,9.3333333333
Dozer 2,NRCC,1,1,0,0,0
Dozer 2,NRCC,1,2,0,0,0
Dozer 2,NRCC,1,3,0,0,0
Dozer 2,NRCC,1,4,0,0,0
Dozer 2,NRCC,1,5,0,0,0
Dozer 2,NRCC,2,1,0,0,0
Dozer 2,NRCC,2,2,0,0,0
Dozer 2,NRCC,2,3,0,0,0
Dozer 2,NRCC,2,4,0,0,0
Dozer 2,NRCC,2,5,0,0,0
Dozer 2,NRCC,3,1,0,0,0
Dozer 2,NRCC,3,2,0,0,0
Dozer 2,NRCC,3,3,0,0,0
Dozer 2,NRCC,3,4,0,0,0
Dozer 2,NRCC,3,5,0,0,0
Dozer 2,NRCC,4,1,0,0,0
Dozer 2,NRCC,4,2,0,0,0
Dozer 2,NRCC,4,3,0,0,0
Dozer 2,NRCC,4,4,0,0,0
Dozer 2,NRCC,4,5,0,0,0
Dozer 2,NRCC,5,1,0,0,0
Dozer 2,NRCC,5,2,0,0,0
Dozer 2,NRCC,5,3,0,0,0
Dozer 2,NRCC,5,4,0,0,0
Dozer 2,NRCC,5,5,0,0,0
Dozer 2,GBCC,1,1,0.1666666667,0,0.1666666667
Dozer 2,GBCC,1,2,0.1666666667,0,0.1666666667
Dozer 2,GBCC,1,3,0.1666666667,0,0.1666666667
Dozer 2,GBCC,1,4,0.1666666667,0,0.1666666667
Dozer 2,GBCC,1,5,0.1666666667,0,0.1666666667
Dozer 2,GBCC,2,1,0.1666666667,0,0.1666666667
Dozer 2,GBCC,2,2,0.1666666667,0,0.1666666667
Dozer 2,GBCC,2,3,0.1666666667,0,0.1666666667
Dozer 2,GBCC,2,4,0.1666666667,0,0.1666666667
Dozer 2,GBCC,2,5,0.1666666667,0,0.1666666667
Dozer 2,GBCC,3,1,0.1666666667,0,0.1666666667
Dozer 2,GBCC,3,2,0.1666666667,0,0.1666666667
Dozer 2,GBCC,3,3,0.1666666667,0,0.1666666667
Dozer 2,GBCC,3,4,0.1666666667,0,0.1666666667
Dozer 2,GBCC,3,5,0.1666666667,0,0.1666666667
Dozer 2,GBCC,4,1,0.1666666667,0,0.1666666667
Dozer 2,GBCC,4,2,0.1666666667,0,0.1666666667
Dozer 2,GBCC,4,3,0.1666666667,0,0.1666666667
Dozer 2,GBCC,4,4,0.1666666667,0,0.1666666667
Dozer 2,GBCC,4,5,0.1666666667,0,0.1666666667
Dozer 2,GBCC,5,1,0.1666666667,0,0.1666666667
Dozer 2,GBCC,5,2,0.1666666667,0,0.1666666667
Dozer 2,GBCC,5,3,0.1666666667,0,0.1666666667
Dozer 2,GBCC,5,4,0.1666666667,0,0.1666666667
Dozer 2,GBCC,5,5,0.1666666667,0,0.1666666667
Dozer 2,SWCC,1,1,7.6666666667,0,7.6666666667
Dozer 2,SWCC,1,2,7.6666666667,0,7.6666666667
Dozer 2,SWCC,1,3,7.6666666667,0,7.6666666667
Dozer 2,SWCC,1,4,7.6666666667,0,7.6666666667
Dozer 2,SWCC,1,5,7.6666666667,0,7.6666666667
Dozer 2,SWCC,2,1,7.6666666667,0,7.6666666667
Dozer 2,SWCC,2,2,7.6666666667,0,7.6666666667
Dozer 2,SWCC,2,3,7.3333333333,0.3333333333,7.6666666667
Dozer 2,SWCC,2,4,7.3333333333,0.3333333333,7.6666666667
Dozer 2,SWCC,2,5,7.1666666667,0.5,7.6666666667
Dozer 2,SWCC,3,1,7.6666666667,0,7.6666666667
Dozer 2,SWCC,3,2,7.5,0.1666666667,7.6666666667
Dozer 2,SWCC,3,3,7.5,0.1666666667,7.6666666667
Dozer 2,SWCC,3,4,7.3333333333,0.3333333333,7.6666666667
Dozer 2,SWCC,3,5,7.5,0.1666666667,7.6666666667
Dozer 2,SWCC,4,1,7.6666666667,0,7.6666666667
Dozer 2,SWCC,4,2,7.6666666667,0,7.6666666667
Dozer 2,SWCC,4,3,7.6666666667,0,7.6666666667
Dozer 2,SWCC,4,4,7.6666666667,0,7.6666666667
Dozer 2,SWCC,4,5,7.6666666667,0,7.6666666667
Dozer 2,SWCC,5,1,7.6666666667,0,7.6666666667
Dozer 2,SWCC,5,2,7.6666666667,0,7.6666666667
Dozer 2,SWCC,5,3,7.6666666667,0,7.6666666667
Dozer 2,SWCC,5,4,7.6666666667,0,7.6666666667
Dozer 2,SWCC,5,5,7.6666666667,0,7.6666666667
Dozer 2,RMCC,1,1,2.8333333333,0,2.8333333333
Dozer 2,RMCC,1,2,2.8333333333,0,2.8333333333
Dozer 2,RMCC,1,3,2.8333333333,0,2.8333333333
Dozer 2,RMCC,1,4,2.8333333333,0,2.8333333333
Dozer 2,RMCC,1,5,2.8333333333,0,2.8333333333
Dozer 2,RMCC,2,1,2.8333333333,0,2.8333333333
Dozer 2,RMCC,2,2,2.8333333333,0,2.8333333333
Dozer 2,RMCC,2,3,2.8333333333,0,2.8333333333
Dozer 2,RMCC,2,4,2.8333333333,0,2.8333333333
Dozer 2,RMCC,2,5,2.8333333333,0,2.8333333333
Dozer 2,RMCC,3,1,2.8333333333,0,2.8333333333
Dozer 2,RMCC,3,2,2.8333333333,0,2.8333333333
Dozer 2,RMCC,3,3,2.8333333333,0,2.8333333333
Dozer 2,RMCC,3,4,2.8333333333,0,2.8333333333
Dozer 2,RMCC,3,5,2.8333333333,0,2.8333333333
Dozer 2,RMCC,4,1,2.8333333333,0,2.8333333333
Dozer 2,RMCC,4,2,2.8333333333,0,2.8333333333
Dozer 2,RMCC,4,3,2.8333333333,0,2.8333333333
Dozer 2,RMCC,4,4,2.8333333333,0,2.8333333333
Dozer 2,RMCC,4,5,2.8333333333,0,2.8333333333
Dozer 2,RMCC,5,1,2.8333333333,0,2.8333333333
Dozer 2,RMCC,5,2,2.8333333333,0,2.8333333333
Dozer 2,RMCC,5,3,2.8333333333,0,2.8333333333
Dozer 2,RMCC,5,4,2.8333333333,0,2.8333333333
Dozer 2,RMCC,5,5,2.8333333333,0,2.8333333333
Dozer 2,EACC,1,1,0,0,0
Dozer 2,EACC,1,2,0,0,0
Dozer 2,EACC,1,3,0,0,0
Dozer 2,EACC,1,4,0,0,0
Dozer 2,EACC,1,5,0,0,0
Dozer 2,EACC,2,1,0,0,0
Dozer 2,EACC,2,2,0,0,0
Dozer 2,EACC,2,3,0,0,0
Dozer 2,EACC,2,4,0,0,0
Dozer 2,EACC,2,5,0,0,0
Dozer 2,EACC,3,1,0,0,0
Dozer 2,EACC,3,2,0,0,0
Dozer 2,EACC,3,3,0,0,0
Dozer 2,EACC,3,4,0,0,0
Dozer 2,EACC,3,5,0,0,0
Dozer 2,EACC,4,1,0,0,0
Dozer 2,EACC,4,2,0,0,0
Dozer 2,EACC,4,3,0,0,0
Dozer 2,EACC,4,4,0,0,0
Dozer 2,EACC,4,5,0,0,0
Dozer 2,EACC,5,1,0,0,0
Dozer 2,EACC,5,2,0,0,0
Dozer 2,EACC,5,3,0,0,0
Dozer 2,EACC,5,4,0,0,0
Dozer 2,EACC,5,5,0,0,0
Dozer 2,SACC,1,1,2.5,0,2.5
Dozer 2,SACC,1,2,2.5,0,2.5
Dozer 2,SACC,1,3,2.3333333333,0.1666666667,2.5
Dozer 2,SACC,1,4,2.3333333333,0.1666666667,2.5
Dozer 2,SACC,1,5,2.3333333333,0.1666666667,2.5
Dozer 2,SACC,2,1,2.5,0,2.5
Dozer 2,SACC,2,2,2.5,0,2.5
Dozer 2,SACC,2,3,2.5,0,2.5
Dozer 2,SACC,2,4,2.5,0,2.5
Dozer 2,SACC,2,5,2.5,0,2.5
Dozer 2,SACC,3,1,2.5,0,2.5
Dozer 2,SACC,3,2,2.5,0,2.5
Dozer 2,SACC,3,3,2.5,0,2.5
Dozer 2,SACC,3,4,2.5,0,2.5
Dozer 2,SACC,3,5,2.5,0,2.5
Dozer 2,SACC,4,1,2.5,0,2.5
Dozer 2,SACC,4,2,2.5,0,2.5
Dozer 2,SACC,4,3,2.5,0,2.5
Dozer 2,SACC,4,4,2.5,0,2.5
Dozer 2,SACC,4,5,2.5,0,2.5
Dozer 2,SACC,5,1,2.5,0,2.5
Dozer 2,SACC,5,2,2.5,0,2.5
Dozer 2,SACC,5,3,2.5,0,2.5
Dozer 2,SACC,5,4,2.5,0,2.5
Dozer 2,SACC,5,5,2.5,0,2.5
Dozer 3,AICC,1,1,0,0,0
Dozer 3,AICC,1,2,0,0,0
Dozer 3,AICC,1,3,0,0,0
Dozer 3,AICC,1,4,0,0,0
Dozer 3,AICC,1,5,0,0,0
Dozer 3,AICC,2,1,0,0,0
Dozer 3,AICC,2,2,0,0,0
Dozer 3,AICC,2,3,0,0,0
Dozer 3,AICC,2,4,0,0,0
Dozer 3,AICC,2,5,0,0,0
Dozer 3,AICC,3,1,0,0,0
Dozer 3,AICC,3,2,0,0,0
Dozer 3,AICC,3,3,0,0,0
Dozer 3,AICC,3,4,0,0,0
Dozer 3,AICC,3,5,0,0,0
Dozer 3,AICC,4,1,0,0,0
Dozer 3,AICC,4,2,0,0,0
Dozer 3,AICC,4,3,0,0,0
Dozer 3,AICC,4,4,0,0,0
Dozer 3,AICC,4,5,0,0,0
Dozer 3,AICC,5,1,0,0,0
Dozer 3,AICC,5,2,0,0,0
Dozer 3,AICC,5,3,0,0,0
Dozer 3,AICC,5,4,0,0,0
Dozer 3,AICC,5,5,0,0,0
Dozer 3,NWCC,1,1,1.1666666667,0,1.1666666667
Dozer 3,NWCC,1,2,1.1666666667,0,1.1666666667
Dozer 3,NWCC,1,3,1.1666666667,0,1.1666666667
Dozer 3,NWCC,1,4,1.1666666667,0,1.1666666667
Dozer 3,NWCC,1,5,1.1666666667,0,1.1666666667
Dozer 3,NWCC,2,1,1.1666666667,0,1.1666666667
Dozer 3,NWCC,2,2,1.1666666667,0,1.1666666667
Dozer 3,NWCC,2,3,1.1666666667,0,1.1666666667
Dozer 3,NWCC,2,4,1.1666666667,0,1.1666666667
Dozer 3,NWCC,2,5,1.1666666667,0,1.1666666667
Dozer 3,NWCC,3,1,1.1666666667,0,1.1666666667
Dozer 3,NWCC,3,2,1.1666666667,0,1.1666666667
Dozer 3,NWCC,3,3,1.1666666667,0,1.1666666667
Dozer 3,NWCC,3,4,1.1666666667,0,1.1666666667
Dozer 3,NWCC,3,5,1.1666666667,0,1.1666666667
Dozer 3,NWCC,4,1,1.1666666667,0,1.1666666667
Dozer 3,NWCC,4,2,1.1666666667,0,1.1666666667
Dozer 3,NWCC,4,3,1.1666666667,0,1.1666666667
Dozer 3,NWCC,4,4,1.1666666667,0,1.1666666667
Dozer 3,NWCC,4,5,1.1666666667,0,1.1666666667
Dozer 3,NWCC,5,1,1.1666666667,0,1.1666666667
Dozer 3,NWCC,5,2,1.1666666667,0,1.1666666667
Dozer 3,NWCC,5,3,1.1666666667,0,1.1666666667
Dozer 3,NWCC,5,4,1.1666666667,0,1.1666666667
Dozer 3,NWCC,5,5,1.1666666667,0,1.1666666667
Dozer 3,ONCC,1,1,0,0,0
Dozer 3,ONCC,1,2,0,0,0
Dozer 3,ONCC,1,3,0,0,0
Dozer 3,ONCC,1,4,0,0,0
Dozer 3,ONCC,1,5,0,0,0
Dozer 3,ONCC,2,1,0,0,0
Dozer 3,ONCC,2,2,0,0,0
Dozer 3,ONCC,2,3,0,0,0
Dozer 3,ONCC,2,4,0,0,0
Dozer 3,ONCC,2,5,0,0,0
Dozer 3,ONCC,3,1,0,0,0
Dozer 3,ONCC,3,2,0,0,0
Dozer 3,ONCC,3,3,0,0,0
Dozer 3,ONCC,3,4,0,0,0
Dozer 3,ONCC,3,5,0,0,0
Dozer 3,ONCC,4,1,0,0,0
Dozer 3,ONCC,4,2,0,0,0
Dozer 3,ONCC,4,3,0,0,0
Dozer 3,ONCC,4,4,0,0,0
Dozer 3,ONCC,4,5,0,0,0
Dozer 3,ONCC,5,1,0,0,0
Dozer 3,ONCC,5,2,0,0,0
Dozer 3,ONCC,5,3,0,0,0
Dozer 3,ONCC,5,4,0,0,0
Dozer 3,ONCC,5,5,0,0,0
Dozer 3,OSCC,1,1,0.1666666667,0,0.1666666667
Dozer 3,OSCC,1,2,0.1666666667,0,0.1666666667
Dozer 3,OSCC,1,3,0.1666666667,0,0.1666666667
Dozer 3,OSCC,1,4,0.1666666667,0,0.1666666667
Dozer 3,OSCC,1,5,0.1666666667,0,0.1666666667
Dozer 3,OSCC,2,1,0.1666666667,0,0.1666666667
Dozer 3,OSCC,2,2,0.1666666667,0,0.1666666667
Dozer 3,OSCC,2,3,0.1666666667,0,0.1666666667
Dozer 3,OSCC,2,4,0.1666666667,0,0.1666666667
Dozer 3,OSCC,2,5,0.1666666667,0,0.1666666667
Dozer 3,OSCC,3,1,0.1666666667,0,0.1666666667
Dozer 3,OSCC,3,2,0.1666666667,0,0.1666666667
Dozer 3,OSCC,3,3,0.1666666667,0,0.1666666667
Dozer 3,OSCC,3,4,0.1666666667,0,0.1666666667
Dozer 3,OSCC,3,5,0.1666666667,0,0.1666666667
Dozer 3,OSCC,4,1,0.1666666667,0,0.1666666667
Dozer 3,OSCC,4,2,0.1666666667,0,0.1666666667
Dozer 3,OSCC,4,3,0.1666666667,0,0.1666666667
Dozer 3,OSCC,4,4,0.1666666667,0,0.1666666667
Dozer 3,OSCC,4,5,0.1666666667,0,0.1666666667
Dozer 3,OSCC,5,1,0.1666666667,0,0.1666666667
Dozer 3,OSCC,5,2,0.1666666667,0,0.1666666667
Dozer 3,OSCC,5,3,0.1666666667,0,0.1666666667
Dozer 3,OSCC,5,4,0.1666666667,0,0.1666666667
Dozer 3,OSCC,5,5,0.1666666667,0,0.1666666667
Dozer 3,NRCC,1,1,0,0,0
Dozer 3,NRCC,1,2,0,0,0
Dozer 3,NRCC,1,3,0,0,0
Dozer 3,NRCC,1,4,0,0,0
Dozer 3,NRCC,1,5,0,0,0
Dozer 3,NRCC,2,1,0,0,0
Dozer 3,NRCC,2,2,0,0,0
Dozer 3,NRCC,2,3,0,0,0
Dozer 3,NRCC,2,4,0,0,0
Dozer 3,NRCC,2,5,0,0,0
Dozer 3,NRCC,3,1,0,0,0
Dozer 3,NRCC,3,2,0,0,0
Dozer 3,NRCC,3,3,0,0,0
Dozer 3,NRCC,3,4,0,0,0
Dozer 3,NRCC,3,5,0,0,0
Dozer 3,NRCC,4,1,0,0,0
Dozer 3,NRCC,4,2,0,0,0
Dozer 3,NRCC,4,3,0,0,0
Dozer 3,NRCC,4,4,0,0,0
Dozer 3,NRCC,4,5,0,0,0
Dozer 3,NRCC,5,1,0,0,0
Dozer 3,NRCC,5,2,0,0,0
Dozer 3,NRCC,5,3,0,0,0
Dozer 3,NRCC,5,4,0,0,0
Dozer 3,NRCC,5,5,0,0,0
Dozer 3,GBCC,1,1,0,0,0
Dozer 3,GBCC,1,2,0,0,0
Dozer 3,GBCC,1,3,0,0,0
Dozer 3,GBCC,1,4,0,0,0
Dozer 3,GBCC,1,5,0,0,0
Dozer 3,GBCC,2,1,0,0,0
Dozer 3,GBCC,2,2,0,0,0
Dozer 3,GBCC,2,3,0,0,0
Dozer 3,GBCC,2,4,0,0,0
Dozer 3,GBCC,2,5,0,0,0
Dozer 3,GBCC,3,1,0,0,0
Dozer 3,GBCC,3,2,0,0,0
Dozer 3,GBCC,3,3,0,0,0
Dozer 3,GBCC,3,4,0,0,0
Dozer 3,GBCC,3,5,0,0,0
Dozer 3,GBCC,4,1,0,0,0
Dozer 3,GBCC,4,2,0,0,0
Dozer 3,GBCC,4,3,0,0,0
Dozer 3,GBCC,4,4,0,0,0
Dozer 3,GBCC,4,5,0,0,0
Dozer 3,GBCC,5,1,0,0,0
Dozer 3,GBCC,5,2,0,0,0
Dozer 3,GBCC,5,3,0,0,0
Dozer 3,GBCC,5,4,0,0,0
Dozer 3,GBCC,5,5,0,0,0
Dozer 3,SWCC,1,1,0.8333333333,0,0.8333333333
Dozer 3,SWCC,1,2,0.8333333333,0,0.8333333333
Dozer 3,SWCC,1,3,0.8333333333,0,0.8333333333
Dozer 3,SWCC,1,4,0.8333333333,0,0.8333333333
Dozer 3,SWCC,1,5,0.8333333333,0,0.8333333333
Dozer 3,SWCC,2,1,0.8333333333,0,0.8333333333
Dozer 3,SWCC,2,2,0.8333333333,0,0.8333333333
Dozer 3,SWCC,2,3,0.8333333333,0,0.8333333333
Dozer 3,SWCC,2,4,0.8333333333,0,0.8333333333
Dozer 3,SWCC,2,5,0.6666666667,0.1666666667,0.8333333333
Dozer 3,SWCC,3,1,0.8333333333,0,0.8333333333
Dozer 3,SWCC,3,2,0.8333333333,0,0.8333333333
Dozer 3,SWCC,3,3,0.8333333333,0,0.8333333333
Dozer 3,SWCC,3,4,0.8333333333,0,0.8333333333
Dozer 3,SWCC,3,5,0.6666666667,0.1666666667,0.8333333333
Dozer 3,SWCC,4,1,0.8333333333,0,0.8333333333
Dozer 3,SWCC,4,2,0.8333333333,0,0.8333333333
Dozer 3,SWCC,4,3,0.8333333333,0,0.8333333333
Dozer 3,SWCC,4,4,0.8333333333,0,0.8333333333
Dozer 3,SWCC,4,5,0.8333333333,0,0.8333333333
Dozer 3,SWCC,5,1,0.8333333333,0,0.8333333333
Dozer 3,SWCC,5,2,0.8333333333,0,0.8333333333
Dozer 3,SWCC,5,3,0.8333333333,0,0.8333333333
Dozer 3,SWCC,5,4,0.8333333333,0,0.8333333333
Dozer 3,SWCC,5,5,0.8333333333,0,0.8333333333
Dozer 3,RMCC,1,1,1.6666666667,0,1.6666666667
Dozer 3,RMCC,1,2,1.6666666667,0,1.6666666667
Dozer 3,RMCC,1,3,1.6666666667,0,1.6666666667
Dozer 3,RMCC,1,4,1.6666666667,0,1.6666666667
Dozer 3,RMCC,1,5,1.6666666667,0,1.6666666667
Dozer 3,RMCC,2,1,1.6666666667,0,1.6666666667
Dozer 3,RMCC,2,2,1.6666666667,0,1.6666666667
Dozer 3,RMCC,2,3,1.6666666667,0,1.6666666667
Dozer 3,RMCC,2,4,1.6666666667,0,1.6666666667
Dozer 3,RMCC,2,5,1.6666666667,0,1.6666666667
Dozer 3,RMCC,3,1,1.6666666667,0,1.6666666667
Dozer 3,RMCC,3,2,1.6666666667,0,1.6666666667
Dozer 3,RMCC,3,3,1.6666666667,0,1.6666666667
Dozer 3,RMCC,3,4,1.6666666667,0,1.6666666667
Dozer 3,RMCC,3,5,1.6666666667,0,1.6666666667
Dozer 3,RMCC,4,1,1.6666666667,0,1.6666666667
Dozer 3,RMCC,4,2,1.6666666667,0,1.6666666667
Dozer 3,RMCC,4,3,1.6666666667,0,1.6666666667
Dozer 3,RMCC,4,4,1.6666666667,0,1.6666666667
Dozer 3,RMCC,4,5,1.6666666667,0,1.6666666667
Dozer 3,RMCC,5,1,1.6666666667,0,1.6666666667
Dozer 3,RMCC,5,2,1.6666666667,0,1.6666666667
Dozer 3,RMCC,5,3,1.6666666667,0,1.6666666667
Dozer 3,RMCC,5,4,1.6666666667,0,1.6666666667
Dozer 3,RMCC,5,5,1.6666666667,0,1.6666666667
Dozer 3,EACC,1,1,10.3333333333,0,10.3333333333
Dozer 3,EACC,1,2,10.1666666667,0.1666666667,10.3333333333
Dozer 3,EACC,1,3,9.6666666667,0.6666666667,10.3333333333
Dozer 3,EACC,1,4,9.6666666667,0.6666666667,10.3333333333
Dozer 3,EACC,1,5,9.8333333333,0.5,10.3333333333
Dozer 3,EACC,2,1,10.3333333333,0,10.3333333333
Dozer 3,EACC,2,2,10.3333333333,0,10.3333333333
Dozer 3,EACC,2,3,10.3333333333,0,10.3333333333
Dozer 3,EACC,2,4,10.3333333333,0,10.3333333333
Dozer 3,EACC,2,5,10.3333333333,0,10.3333333333
Dozer 3,EACC,3,1,10.3333333333,0,10.3333333333
Dozer 3,EACC,3,2,10.3333333333,0,10.3333333333
Dozer 3,EACC,3,3,10.3333333333,0,10.3333333333
Dozer 3,EACC,3,4,10.3333333333,0,10.3333333333
Dozer 3,EACC,3,5,10.3333333333,0,10.3333333333
Dozer 3,EACC,4,1,10.3333333333,0,10.3333333333
Dozer 3,EACC,4,2,10.3333333333,0,10.3333333333
Dozer 3,EACC,4,3,10.3333333333,0,10.3333333333
Dozer 3,EACC,4,4,10.3333333333,0,10.3333333333
Dozer 3,EACC,4,5,10.3333333333,0,10.3333333333
Dozer 3,EACC,5,1,10.3333333333,0,10.3333333333
Dozer 3,EACC,5,2,10.3333333333,0,10.3333333333
Dozer 3,EACC,5,3,10.3333333333,0,10.3333333333
Dozer 3,EACC,5,4,10.3333333333,0,10.3333333333
Dozer 3,EACC,5,5,10.3333333333,0,10.3333333333
Dozer 3,SACC,1,1,11,0,11
Dozer 3,SACC,1,2,10.8333333333,0.1666666667,11
Dozer 3,SACC,1,3,10.8333333333,0.1666666667,11
Dozer 3,SACC,1,4,10.6666666667,0.3333333333,11
Dozer 3,SACC,1,5,10.5,0.5,11
Dozer 3,SACC,2,1,11,0,11
Dozer 3,SACC,2,2,10.8333333333,0.1666666667,11
Dozer 3,SACC,2,3,11,0,11
Dozer 3,SACC,2,4,10.8333333333,0.1666666667,11
Dozer 3,SACC,2,5,10.6666666667,0.3333333333,11
Dozer 3,SACC,3,1,11,0,11
Dozer 3,SACC,3,2,11,0,11
Dozer 3,SACC,3,3,11,0,11
Dozer 3,SACC,3,4,11,0,11
Dozer 3,SACC,3,5,11,0,11
Dozer 3,SACC,4,1,11,0,11
Dozer 3,SACC,4,2,11,0,11
Dozer 3,SACC,4,3,11,0,11
Dozer 3,SACC,4,4,11,0,11
Dozer 3,SACC,4,5,11,0,11
Dozer 3,SACC,5,1,11,0,11
Dozer 3,SACC,5,2,11,0,11
Dozer 3,SACC,5,3,11,0,11
Dozer 3,SACC,5,4,11,0,11
Dozer 3,SACC,5,5,11,0,11
Dozer 4,AICC,1,1,0,0,0
Dozer 4,AICC,1,2,0,0,0
Dozer 4,AICC,1,3,0,0,0
Dozer 4,AICC,1,4,0,0,0
Dozer 4,AICC,1,5,0,0,0
Dozer 4,AICC,2,1,0,0,0
Dozer 4,AICC,2,2,0,0,0
Dozer 4,AICC,2,3,0,0,0
Dozer 4,AICC,2,4,0,0,0
Dozer 4,AICC,2,5,0,0,0
Dozer 4,AICC,3,1,0,0,0
Dozer 4,AICC,3,2,0,0,0
Dozer 4,AICC,3,3,0,0,0
Dozer 4,AICC,3,4,0,0,0
Dozer 4,AICC,3,5,0,0,0
Dozer 4,AICC,4,1,0,0,0
Dozer 4,AICC,4,2,0,0,0
Dozer 4,AICC,4,3,0,0,0
Dozer 4,AICC,4,4,0,0,0
Dozer 4,AICC,4,5,0,0,0
Dozer 4,AICC,5,1,0,0,0
Dozer 4,AICC,5,2,0,0,0
Dozer 4,AICC,5,3,0,0,0
Dozer 4,AICC,5,4,0,0,0
Dozer 4,AICC,5,5,0,0,0
Dozer 4,NWCC,1,1,0,0,0
Dozer 4,NWCC,1,2,0,0,0
Dozer 4,NWCC,1,3,0,0,0
Dozer 4,NWCC,1,4,0,0,0
Dozer 4,NWCC,1,5,0,0,0
Dozer 4,NWCC,2,1,0,0,0
Dozer 4,NWCC,2,2,0,0,0
Dozer 4,NWCC,2,3,0,0,0
Dozer 4,NWCC,2,4,0,0,0
Dozer 4,NWCC,2,5,0,0,0
Dozer 4,NWCC,3,1,0,0,0
Dozer 4,NWCC,3,2,0,0,0
Dozer 4,NWCC,3,3,0,0,0
Dozer 4,NWCC,3,4,0,0,0
Dozer 4,NWCC,3,5,0,0,0
Dozer 4,NWCC,4,1,0,0,0
Dozer 4,NWCC,4,2,0,0,0
Dozer 4,NWCC,4,3,0,0,0
Dozer 4,NWCC,4,4,0,0,0
Dozer 4,NWCC,4,5,0,0,0
Dozer 4,NWCC,5,1,0,0,0
Dozer 4,NWCC,5,2,0,0,0
Dozer 4,NWCC,5,3,0,0,0
Dozer 4,NWCC,5,4,0,0,0
Dozer 4,NWCC,5,5,0,0,0
Dozer 4,ONCC,1,1,0,0,0
Dozer 4,ONCC,1,2,0,0,0
Dozer 4,ONCC,1,3,0,0,0
Dozer 4,ONCC,1,4,0,0,0
Dozer 4,ONCC,1,5,0,0,0
Dozer 4,ONCC,2,1,0,0,0
Dozer 4,ONCC,2,2,0,0,0
Dozer 4,ONCC,2,3,0,0,0
Dozer 4,ONCC,2,4,0,0,0
Dozer 4,ONCC,2,5,0,0,0
Dozer 4,ONCC,3,1,0,0,0
Dozer 4,ONCC,3,2,0,0,0
Dozer 4,ONCC,3,3,0,0,0
Dozer 4,ONCC,3,4,0,0,0
Dozer 4,ONCC,3,5,0,0,0
Dozer 4,ONCC,4,1,0,0,0
Dozer 4,ONCC,4,2,0,0,0
Dozer 4,ONCC,4,3,0,0,0
Dozer 4,ONCC,4,4,0,0,0
Dozer 4,ONCC,4,5,0,0,0
Dozer 4,ONCC,5,1,0,0,0
Dozer 4,ONCC,5,2,0,0,0
Dozer 4,ONCC,5,3,0,0,0
Dozer 4,ONCC,5,4,0,0,0
Dozer 4,ONCC,5,5,0,0,0
Dozer 4,OSCC,1,1,0,0,0
Dozer 4,OSCC,1,2,0,0,0
Dozer 4,OSCC,1,3,0,0,0
Dozer 4,OSCC,1,4,0,0,0
Dozer 4,OSCC,1,5,0,0,0
Dozer 4,OSCC,2,1,0,0,0
Dozer 4,OSCC,2,2,0,0,0
Dozer 4,OSCC,2,3,0,0,0
Dozer 4,OSCC,2,4,0,0,0
Dozer 4,OSCC,2,5,0,0,0
Dozer 4,OSCC,3,1,0,0,0
Dozer 4,OSCC,3,2,0,0,0
Dozer 4,OSCC,3,3,0,0,0
Dozer 4,OSCC,3,4,0,0,0
Dozer 4,OSCC,3,5,0,0,0
Dozer 4,OSCC,4,1,0,0,0
Dozer 4,OSCC,4,2,0,0,0
Dozer 4,OSCC,4,3,0,0,0
Dozer 4,OSCC,4,4,0,0,0
Dozer 4,OSCC,4,5,0,0,0
Dozer 4,OSCC,5,1,0,0,0
Dozer 4,OSCC,5,2,0,0,0
Dozer 4,OSCC,5,3,0,0,0
Dozer 4,OSCC,5,4,0,0,0
Dozer 4,OSCC,5,5,0,0,0
Dozer 4,NRCC,1,1,0,0,0
Dozer 4,NRCC,1,2,0,0,0
Dozer 4,NRCC,1,3,0,0,0
Dozer 4,NRCC,1,4,0,0,0
Dozer 4,NRCC,1,5,0,0,0
Dozer 4,NRCC,2,1,0,0,0
Dozer 4,NRCC,2,2,0,0,0
Dozer 4,NRCC,2,3,0,0,0
Dozer 4,NRCC,2,4,0,0,0
Dozer 4,NRCC,2,5,0,0,0
Dozer 4,NRCC,3,1,0,0,0
Dozer 4,NRCC,3,2,0,0,0
Dozer 4,NRCC,3,3,0,0,0
Dozer 4,NRCC,3,4,0,0,0
Dozer 4,NRCC,3,5,0,0,0
Dozer 4,NRCC,4,1,0,0,0
Dozer 4,NRCC,4,2,0,0,0
Dozer 4,NRCC,4,3,0,0,0
Dozer 4,NRCC,4,4,0,0,0
Dozer 4,NRCC,4,5,0,0,0
Dozer 4,NRCC,5,1,0,0,0
Dozer 4,NRCC,5,2,0,0,0
Dozer 4,NRCC,5,3,0,0,0
Dozer 4,NRCC,5,4,0,0,0
Dozer 4,NRCC,5,5,0,0,0
Dozer 4,GBCC,1,1,0,0,0
Dozer 4,GBCC,1,2,0,0,0
Dozer 4,GBCC,1,3,0,0,0
Dozer 4,GBCC,1,4,0,0,0
Dozer 4,GBCC,1,5,0,0,0
Dozer 4,GBCC,2,1,0,0,0
Dozer 4,GBCC,2,2,0,0,0
Dozer 4,GBCC,2,3,0,0,0
Dozer 4,GBCC,2,4,0,0,0
Dozer 4,GBCC,2,5,0,0,0
Dozer 4,GBCC,3,1,0,0,0
Dozer 4,GBCC,3,2,0,0,0
Dozer 4,GBCC,3,3,0,0,0
Dozer 4,GBCC,3,4,0,0,0
Dozer 4,GBCC,3,5,0,0,0
Dozer 4,GBCC,4,1,0,0,0
Dozer 4,GBCC,4,2,0,0,0
Dozer 4,GBCC,4,3,0,0,0
Dozer 4,GBCC,4,4,0,0,0
Dozer 4,GBCC,4,5,0,0,0
Dozer 4,GBCC,5,1,0,0,0
Dozer 4,GBCC,5,2,0,0,0
Dozer 4,GBCC,5,3,0,0,0
Dozer 4,GBCC,5,4,0,0,0
Dozer 4,GBCC,5,5,0,0,0
Dozer 4,SWCC,1,1,0,0,0
Dozer 4,SWCC,1,2,0,0,0
Dozer 4,SWCC,1,3,0,0,0
Dozer 4,SWCC,1,4,0,0,0
Dozer 4,SWCC,1,5,0,0,0
Dozer 4,SWCC,2,1,0,0,0
Dozer 4,SWCC,2,2,0,0,0
Dozer 4,SWCC,2,3,0,0,0
Dozer 4,SWCC,2,4,0,0,0
Dozer 4,SWCC,2,5,0,0,0
Dozer 4,SWCC,3,1,0,0,0
Dozer 4,SWCC,3,2,0,0,0
Dozer 4,SWCC,3,3,0,0,0
Dozer 4,SWCC,3,4,0,0,0
Dozer 4,SWCC,3,5,0,0,0
Dozer 4,SWCC,4,1,0,0,0
Dozer 4,SWCC,4,2,0,0,0
Dozer 4,SWCC,4,3,0,0,0
Dozer 4,SWCC,4,4,0,0,0
Dozer 4,SWCC,4,5,0,0,0
Dozer 4,SWCC,5,1,0,0,0
Dozer 4,SWCC,5,2,0,0,0
Dozer 4,SWCC,5,3,0,0,0
Dozer 4,SWCC,5,4,0,0,0
Dozer 4,SWCC,5,5,0,0,0
Dozer 4,RMCC,1,1,0,0,0
Dozer 4,RMCC,1,2,0,0,0
Dozer 4,RMCC,1,3,0,0,0
Dozer 4,RMCC,1,4,0,0,0
Dozer 4,RMCC,1,5,0,0,0
Dozer 4,RMCC,2,1,0,0,0
Dozer 4,RMCC,2,2,0,0,0
Dozer 4,RMCC,2,3,0,0,0
Dozer 4,RMCC,2,4,0,0,0
Dozer 4,RMCC,2,5,0,0,0
Dozer 4,RMCC,3,1,0,0,0
Dozer 4,RMCC,3,2,0,0,0
Dozer 4,RMCC,3,3,0,0,0
Dozer 4,RMCC,3,4,0,0,0
Dozer 4,RMCC,3,5,0,0,0
Dozer 4,RMCC,4,1,0,0,0
Dozer 4,RMCC,4,2,0,0,0
Dozer 4,RMCC,4,3,0,0,0
Dozer 4,RMCC,4,4,0,0,0
Dozer 4,RMCC,4,5,0,0,0
Dozer 4,RMCC,5,1,0,0,0
Dozer 4,RMCC,5,2,0,0,0
Dozer 4,RMCC,5,3,0,0,0
Dozer 4,RMCC,5,4,0,0,0
Dozer 4,RMCC,5,5,0,0,0
Dozer 4,EACC,1,1,0.8333333333,0,0.8333333333
Dozer 4,EACC,1,2,0.8333333333,0,0.8333333333
Dozer 4,EACC,1,3,0.6666666667,0.1666666667,0.8333333333
Dozer 4,EACC,1,4,0.5,0.3333333333,0.8333333333
Dozer 4,EACC,1,5,0.6666666667,0.1666666667,0.8333333333
Dozer 4,EACC,2,1,0.8333333333,0,0.8333333333
Dozer 4,EACC,2,2,0.8333333333,0,0.8333333333
Dozer 4,EACC,2,3,0.8333333333,0,0.8333333333
Dozer 4,EACC,2,4,0.8333333333,0,0.8333333333
Dozer 4,EACC,2,5,0.8333333333,0,0.8333333333
Dozer 4,EACC,3,1,0.8333333333,0,0.8333333333
Dozer 4,EACC,3,2,0.8333333333,0,0.8333333333
Dozer 4,EACC,3,3,0.8333333333,0,0.8333333333
Dozer 4,EACC,3,4,0.8333333333,0,0.8333333333
Dozer 4,EACC,3,5,0.8333333333,0,0.8333333333
Dozer 4,EACC,4,1,0.8333333333,0,0.8333333333
Dozer 4,EACC,4,2,0.8333333333,0,0.8333333333
Dozer 4,EACC,4,3,0.8333333333,0,0.8333333333
Dozer 4,EACC,4,4,0.8333333333,0,0.8333333333
Dozer 4,EACC,4,5,0.8333333333,0,0.8333333333
Dozer 4,EACC,5,1,0.8333333333,0,0.8333333333
Dozer 4,EACC,5,2,0.8333333333,0,0.8333333333
Dozer 4,EACC,5,3,0.8333333333,0,0.8333333333
Dozer 4,EACC,5,4,0.8333333333,0,0.8333333333
Dozer 4,EACC,5,5,0.8333333333,0,0.8333333333
Dozer 4,SACC,1,1,4.6666666667,0,4.6666666667
Dozer 4,SACC,1,2,4.6666666667,0,4.6666666667
Dozer 4,SACC,1,3,4.6666666667,0,4.6666666667
Dozer 4,SACC,1,4,4.6666666667,0,4.6666666667
Dozer 4,SACC,1,5,4.6666666667,0,4.6666666667
Dozer 4,SACC,2,1,4.6666666667,0,4.6666666667
Dozer 4,SACC,2,2,4.6666666667,0,4.6666666667
Dozer 4,SACC,2,3,4.6666666667,0,4.6666666667
Dozer 4,SACC,2,4,4.6666666667,0,4.6666666667
Dozer 4,SACC,2,5,4.6666666667,0,4.6666666667
Dozer 4,SACC,3,1,4.6666666667,0,4.6666666667
Dozer 4,SACC,3,2,4.6666666667,0,4.6666666667
Dozer 4,SACC,3,3,4.6666666667,0,4.6666666667
Dozer 4,SACC,3,4,4.6666666667,0,4.6666666667
Dozer 4,SACC,3,5,4.6666666667,0,4.6666666667
Dozer 4,SACC,4,1,4.6666666667,0,4.6666666667
Dozer 4,SACC,4,2,4.6666666667,0,4.6666666667
Dozer 4,SACC,4,3,4.6666666667,0,4.6666666667
Dozer 4,SACC,4,4,4.6666666667,0,4.6666666667
Dozer 4,SACC,4,5,4.6666666667,0,4.6666666667
Dozer 4,SACC,5,1,4.6666666667,0,4.6666666667
Dozer 4,SACC,5,2,4.6666666667,0,4.6666666667
Dozer 4,SACC,5,3,4.6666666667,0,4.6666666667
Dozer 4,SACC,5,4,4.6666666667,0,4.6666666667
Dozer 4,SACC,5,5,4.6666666667,0,4.6666666667
Module 1,AICC,1,1,0,0,0
Module 1,AICC,1,2,0,0,0
Module 1,AICC,1,3,0,0,0
Module 1,AICC,1,4,0,0,0
Module 1,AICC,1,5,0,0,0
Module 1,AICC,2,1,0,0,0
Module 1,AICC,2,2,0,0,0
Module 1,AICC,2,3,0,0,0
Module 1,AICC,2,4,0,0,0
Module 1,AICC,2,5,0,0,0
Module 1,AICC,3,1,0,0,0
Module 1,AICC,3,2,0,0,0
Module 1,AICC,3,3,0,0,0
Module 1,AICC,3,4,0,0,0
Module 1,AICC,3,5,0,0,0
Module 1,AICC,4,1,0,0,0
Module 1,AICC,4,2,0,0,0
Module 1,AICC,4,3,0,0,0
Module 1,AICC,4,4,0,0,0
Module 1,AICC,4,5,0,0,0
Module 1,AICC,5,1,0,0,0
Module 1,AICC,5,2,0,0,0
Module 1,AICC,5,3,0,0,0
Module 1,AICC,5,4,0,0,0
Module 1,AICC,5,5,0,0,0
Module 1,NWCC,1,1,1,0,1
Module 1,NWCC,1,2,0.8333333333,0.1666666667,1
Module 1,NWCC,1,3,1,0,1
Module 1,NWCC,1,4,1,0,1
Module 1,NWCC,1,5,1,0,1
Module 1,NWCC,2,1,1,0,1
Module 1,NWCC,2,2,1,0,1
Module 1,NWCC,2,3,0.8333333333,0.1666666667,1
Module 1,NWCC,2,4,1,0,1
Module 1,NWCC,2,5,1,0,1
Module 1,NWCC,3,1,1,0,1
Module 1,NWCC,3,2,1,0,1
Module 1,NWCC,3,3,0.8333333333,0.1666666667,1
Module 1,NWCC,3,4,0.8333333333,0.1666666667,1
Module 1,NWCC,3,5,1,0,1
Module 1,NWCC,4,1,1,0,1
Module 1,NWCC,4,2,1,0,1
Module 1,NWCC,4,3,1,0,1
Module 1,NWCC,4,4,0.8333333333,0.1666666667,1
Module 1,NWCC,4,5,1,0,1
Module 1,NWCC,5,1,1,0,1
Module 1,NWCC,5,2,1,0,1
Module 1,NWCC,5,3,1,0,1
Module 1,NWCC,5,4,1,0,1
Module 1,NWCC,5,5,1,0,1
Module 1,ONCC,1,1,1,0,1
Module 1,ONCC,1,2,0.8333333333,0.1666666667,1
Module 1,ONCC,1,3,0.8333333333,0.1666666667,1
Module 1,ONCC,1,4,1,0,1
Module 1,ONCC,1,5,1,0,1
Module 1,ONCC,2,1,1,0,1
Module 1,ONCC,2,2,0.6666666667,0.3333333333,1
Module 1,ONCC,2,3,0.5,0.5,1
Module 1,ONCC,2,4,0.8333333333,0.1666666667,1
Module 1,ONCC,2,5,1,0,1
Module 1,ONCC,3,1,1,0,1
Module 1,ONCC,3,2,1,0,1
Module 1,ONCC,3,3,0.5,0.5,1
Module 1,ONCC,3,4,0.5,0.5,1
Module 1,ONCC,3,5,0.8333333333,0.1666666667,1
Module 1,ONCC,4,1,1,0,1
Module 1,ONCC,4,2,1,0,1
Module 1,ONCC,4,3,1,0,1
Module 1,ONCC,4,4,0.8333333333,0.1666666667,1
Module 1,ONCC,4,5,1,0,1
Module 1,ONCC,5,1,1,0,1
Module 1,ONCC,5,2,1,0,1
Module 1,ONCC,5,3,1,0,1
Module 1,ONCC,5,4,1,0,1
Module 1,ONCC,5,5,1,0,1
Module 1,OSCC,1,1,0,0,0
Module 1,OSCC,1,2,0,0,0
Module 1,OSCC,1,3,0,0,0
Module 1,OSCC,1,4,0,0,0
Module 1,OSCC,1,5,0,0,0
Module 1,OSCC,2,1,0,0,0
Module 1,OSCC,2,2,0,0,0
Module 1,OSCC,2,3,0,0,0
Module 1,OSCC,2,4,0,0,0
Module 1,OSCC,2,5,0,0,0
Module 1,OSCC,3,1,0,0,0
Module 1,OSCC,3,2,0,0,0
Module 1,OSCC,3,3,0,0,0
Module 1,OSCC,3,4,0,0,0
Module 1,OSCC,3,5,0,0,0
Module 1,OSCC,4,1,0,0,0
Module 1,OSCC,4,2,0,0,0
Module 1,OSCC,4,3,0,0,0
Module 1,OSCC,4,4,0,0,0
Module 1,OSCC,4,5,0,0,0
Module 1,OSCC,5,1,0,0,0
Module 1,OSCC,5,2,0,0,0
Module 1,OSCC,5,3,0,0,0
Module 1,OSCC,5,4,0,0,0
Module 1,OSCC,5,5,0,0,0
Module 1,NRCC,1,1,1.1666666667,0,1.1666666667
Module 1,NRCC,1,2,1,0.1666666667,1.1666666667
Module 1,NRCC,1,3,1,0.1666666667,1.1666666667
Module 1,NRCC,1,4,1.1666666667,0,1.1666666667
Module 1,NRCC,1,5,1.1666666667,0,1.1666666667
Module 1,NRCC,2,1,1.1666666667,0,1.1666666667
Module 1,NRCC,2,2,1.1666666667,0,1.1666666667
Module 1,NRCC,2,3,0.6666666667,0.5,1.1666666667
Module 1,NRCC,2,4,1,0.1666666667,1.1666666667
Module 1,NRCC,2,5,1.1666666667,0,1.1666666667
Module 1,NRCC,3,1,1.1666666667,0,1.1666666667
Module 1,NRCC,3,2,1.1666666667,0,1.1666666667
Module 1,NRCC,3,3,1.1666666667,0,1.1666666667
Module 1,NRCC,3,4,1.1666666667,0,1.1666666667
Module 1,NRCC,3,5,1.1666666667,0,1.1666666667
Module 1,NRCC,4,1,1.1666666667,0,1.1666666667
Module 1,NRCC,4,2,1.1666666667,0,1.1666666667
Module 1,NRCC,4,3,1.1666666667,0,1.1666666667
Module 1,NRCC,4,4,1.1666666667,0,1.1666666667
Module 1,NRCC,4,5,1.1666666667,0,1.1666666667
Module 1,NRCC,5,1,1.1666666667,0,1.1666666667
Module 1,NRCC,5,2,1.1666666667,0,1.1666666667
Module 1,NRCC,5,3,1.1666666667,0,1.1666666667
Module 1,NRCC,5,4,1.1666666667,0,1.1666666667
Module 1,NRCC,5,5,1.1666666667,0,1.1666666667
Module 1,GBCC,1,1,3,0,3
Module 1,GBCC,1,2,2,1,3
Module 1,GBCC,1,3,2.5,0.5,3
Module 1,GBCC,1,4,3,0,3
Module 1,GBCC,1,5,3,0,3
Module 1,GBCC,2,1,3,0,3
Module 1,GBCC,2,2,2.5,0.5,3
Module 1,GBCC,2,3,2.1666666667,0.8333333333,3
Module 1,GBCC,2,4,2.6666666667,0.3333333333,3
Module 1,GBCC,2,5,2.6666666667,0.3333333333,3
Module 1,GBCC,3,1,3,0,3
Module 1,GBCC,3,2,2.8333333333,0.1666666667,3
Module 1,GBCC,3,3,1.8333333333,1.1666666667,3
Module 1,GBCC,3,4,2.1666666667,0.8333333333,3
Module 1,GBCC,3,5,2.6666666667,0.3333333333,3
Module 1,GBCC,4,1,3,0,3
Module 1,GBCC,4,2,3,0,3
Module 1,GBCC,4,3,3,0,3
Module 1,GBCC,4,4,2.6666666667,0.3333333333,3
Module 1,GBCC,4,5,3,0,3
Module 1,GBCC,5,1,3,0,3
Module 1,GBCC,5,2,3,0,3
Module 1,GBCC,5,3,3,0,3
Module 1,GBCC,5,4,3,0,3
Module 1,GBCC,5,5,3,0,3
Module 1,SWCC,1,1,0,0,0
Module 1,SWCC,1,2,0,0,0
Module 1,SWCC,1,3,0,0,0
Module 1,SWCC,1,4,0,0,0
Module 1,SWCC,1,5,0,0,0
Module 1,SWCC,2,1,0,0,0
Module 1,SWCC,2,2,0,0,0
Module 1,SWCC,2,3,0,0,0
Module 1,SWCC,2,4,0,0,0
Module 1,SWCC,2,5,0,0,0
Module 1,SWCC,3,1,0,0,0
Module 1,SWCC,3,2,0,0,0
Module 1,SWCC,3,3,0,0,0
Module 1,SWCC,3,4,0,0,0
Module 1,SWCC,3,5,0,0,0
Module 1,SWCC,4,1,0,0,0
Module 1,SWCC,4,2,0,0,0
Module 1,SWCC,4,3,0,0,0
Module 1,SWCC,4,4,0,0,0
Module 1,SWCC,4,5,0,0,0
Module 1,SWCC,5,1,0,0,0
Module 1,SWCC,5,2,0,0,0
Module 1,SWCC,5,3,0,0,0
Module 1,SWCC,5,4,0,0,0
Module 1,SWCC,5,5,0,0,0
Module 1,RMCC,1,1,2.1666666667,0.1666666667,2.3333333333
Module 1,RMCC,1,2,1.8333333333,0.5,2.3333333333
Module 1,RMCC,1,3,2.3333333333,0,2.3333333333
Module 1,RMCC,1,4,2.3333333333,0,2.3333333333
Module 1,RMCC,1,5,2.3333333333,0,2.3333333333
Module 1,RMCC,2,1,2.3333333333,0,2.3333333333
Module 1,RMCC,2,2,2,0.3333333333,2.3333333333
Module 1,RMCC,2,3,1.1666666667,1.1666666667,2.3333333333
Module 1,RMCC,2,4,1.3333333333,1,2.3333333333
Module 1,RMCC,2,5,2,0.3333333333,2.3333333333
Module 1,RMCC,3,1,2.3333333333,0,2.3333333333
Module 1,RMCC,3,2,2.3333333333,0,2.3333333333
Module 1,RMCC,3,3,2.1666666667,0.1666666667,2.3333333333
Module 1,RMCC,3,4,2.1666666667,0.1666666667,2.3333333333
Module 1,RMCC,3,5,2.3333333333,0,2.3333333333
Module 1,RMCC,4,1,2.3333333333,0,2.3333333333
Module 1,RMCC,4,2,2.3333333333,0,2.3333333333
Module 1,RMCC,4,3,2.3333333333,0,2.3333333333
Module 1,RMCC,4,4,2.3333333333,0,2.3333333333
Module 1,RMCC,4,5,2.3333333333,0,2.3333333333
Module 1,RMCC,5,1,2.3333333333,0,2.3333333333
Module 1,RMCC,5,2,2.3333333333,0,2.3333333333
Module 1,RMCC,5,3,2.3333333333,0,2.3333333333
Module 1,RMCC,5,4,2.3333333333,0,2.3333333333
Module 1,RMCC,5,5,2.3333333333,0,2.3333333333
Module 1,EACC,1,1,0.8333333333,0,0.8333333333
Module 1,EACC,1,2,0.8333333333,0,0.8333333333
Module 1,EACC,1,3,0.5,0.3333333333,0.8333333333
Module 1,EACC,1,4,0.3333333333,0.5,0.8333333333
Module 1,EACC,1,5,0.5,0.3333333333,0.8333333333
Module 1,EACC,2,1,0.8333333333,0,0.8333333333
Module 1,EACC,2,2,0.8333333333,0,0.8333333333
Module 1,EACC,2,3,0.8333333333,0,0.8333333333
Module 1,EACC,2,4,0.8333333333,0,0.8333333333
Module 1,EACC,2,5,0.8333333333,0,0.8333333333
Module 1,EACC,3,1,0.8333333333,0,0.8333333333
Module 1,EACC,3,2,0.8333333333,0,0.8333333333
Module 1,EACC,3,3,0.8333333333,0,0.8333333333
Module 1,EACC,3,4,0.8333333333,0,0.8333333333
Module 1,EACC,3,5,0.8333333333,0,0.8333333333
Module 1,EACC,4,1,0.8333333333,0,0.8333333333
Module 1,EACC,4,2,0.8333333333,0,0.8333333333
Module 1,EACC,4,3,0.8333333333,0,0.8333333333
Module 1,EACC,4,4,0.8333333333,0,0.8333333333
Module 1,EACC,4,5,0.8333333333,0,0.8333333333
Module 1,EACC,5,1,0.8333333333,0,0.8333333333
Module 1,EACC,5,2,0.8333333333,0,0.8333333333
Module 1,EACC,5,3,0.8333333333,0,0.8333333333
Module 1,EACC,5,4,0.8333333333,0,0.8333333333
Module 1,EACC,5,5,0.8333333333,0,0.8333333333
Module 1,SACC,1,1,0.1666666667,0,0.1666666667
Module 1,SACC,1,2,0.1666666667,0,0.1666666667
Module 1,SACC,1,3,0.1666666667,0,0.1666666667
Module 1,SACC,1,4,0.1666666667,0,0.1666666667
Module 1,SACC,1,5,0.1666666667,0,0.1666666667
Module 1,SACC,2,1,0.1666666667,0,0.1666666667
Module 1,SACC,2,2,0.1666666667,0,0.1666666667
Module 1,SACC,2,3,0.1666666667,0,0.1666666667
Module 1,SACC,2,4,0.1666666667,0,0.1666666667
Module 1,SACC,2,5,0.1666666667,0,0.1666666667
Module 1,SACC,3,1,0.1666666667,0,0.1666666667
Module 1,SACC,3,2,0.1666666667,0,0.1666666667
Module 1,SACC,3,3,0.1666666667,0,0.1666666667
Module 1,SACC,3,4,0.1666666667,0,0.1666666667
Module 1,SACC,3,5,0.1666666667,0,0.1666666667
Module 1,SACC,4,1,0.1666666667,0,0.1666666667
Module 1,SACC,4,2,0.1666666667,0,0.1666666667
Module 1,SACC,4,3,0.1666666667,0,0.1666666667
Module 1,SACC,4,4,0.1666666667,0,0.1666666667
Module 1,SACC,4,5,0.1666666667,0,0.1666666667
Module 1,SACC,5,1,0.1666666667,0,0.1666666667
Module 1,SACC,5,2,0.1666666667,0,0.1666666667
Module 1,SACC,5,3,0.1666666667,0,0.1666666667
Module 1,SACC,5,4,0.1666666667,0,0.1666666667
Module 1,SACC,5,5,0.1666666667,0,0.1666666667
Module 2,AICC,1,1,0,0,0
Module 2,AICC,1,2,0,0,0
Module 2,AICC,1,3,0,0,0
Module 2,AICC,1,4,0,0,0
Module 2,AICC,1,5,0,0,0
Module 2,AICC,2,1,0,0,0
Module 2,AICC,2,2,0,0,0
Module 2,AICC,2,3,0,0,0
Module 2,AICC,2,4,0,0,0
Module 2,AICC,2,5,0,0,0
Module 2,AICC,3,1,0,0,0
Module 2,AICC,3,2,0,0,0
Module 2,AICC,3,3,0,0,0
Module 2,AICC,3,4,0,0,0
Module 2,AICC,3,5,0,0,0
Module 2,AICC,4,1,0,0,0
Module 2,AICC,4,2,0,0,0
Module 2,AICC,4,3,0,0,0
Module 2,AICC,4,4,0,0,0
Module 2,AICC,4,5,0,0,0
Module 2,AICC,5,1,0,0,0
Module 2,AICC,5,2,0,0,0
Module 2,AICC,5,3,0,0,0
Module 2,AICC,5,4,0,0,0
Module 2,AICC,5,5,0,0,0
Module 2,NWCC,1,1,4.3333333333,0,4.3333333333
Module 2,NWCC,1,2,3.8333333333,0.5,4.3333333333
Module 2,NWCC,1,3,3.8333333333,0.5,4.3333333333
Module 2,NWCC,1,4,4.3333333333,0,4.3333333333
Module 2,NWCC,1,5,4.3333333333,0,4.3333333333
Module 2,NWCC,2,1,4.3333333333,0,4.3333333333
Module 2,NWCC,2,2,4,0.3333333333,4.3333333333
Module 2,NWCC,2,3,3.3333333333,1,4.3333333333
Module 2,NWCC,2,4,4,0.3333333333,4.3333333333
Module 2,NWCC,2,5,4.3333333333,0,4.3333333333
Module 2,NWCC,3,1,4.3333333333,0,4.3333333333
Module 2,NWCC,3,2,4.3333333333,0,4.3333333333
Module 2,NWCC,3,3,4,0.3333333333,4.3333333333
Module 2,NWCC,3,4,4,0.3333333333,4.3333333333
Module 2,NWCC,3,5,4.3333333333,0,4.3333333333
Module 2,NWCC,4,1,4.3333333333,0,4.3333333333
Module 2,NWCC,4,2,4.3333333333,0,4.3333333333
Module 2,NWCC,4,3,4.3333333333,0,4.3333333333
Module 2,NWCC,4,4,4.3333333333,0,4.3333333333
Module 2,NWCC,4,5,4.3333333333,0,4.3333333333
Module 2,NWCC,5,1,4.3333333333,0,4.3333333333
Module 2,NWCC,5,2,4.3333333333,0,4.3333333333
Module 2,NWCC,5,3,4.3333333333,0,4.3333333333
Module 2,NWCC,5,4,4.3333333333,0,4.3333333333
Module 2,NWCC,5,5,4.3333333333,0,4.3333333333
Module 2,ONCC,1,1,3,0.1666666667,3.1666666667
Module 2,ONCC,1,2,3,0.1666666667,3.1666666667
Module 2,ONCC,1,3,3.1666666667,0,3.1666666667
Module 2,ONCC,1,4,3.1666666667,0,3.1666666667
Module 2,ONCC,1,5,3.1666666667,0,3.1666666667
Module 2,ONCC,2,1,3,0.1666666667,3.1666666667
Module 2,ONCC,2,2,2.6666666667,0.5,3.1666666667
Module 2,ONCC,2,3,2,1.1666666667,3.1666666667
Module 2,ONCC,2,4,3,0.1666666667,3.1666666667
Module 2,ONCC,2,5,3.1666666667,0,3.1666666667
Module 2,ONCC,3,1,3.1666666667,0,3.1666666667
Module 2,ONCC,3,2,2.8333333333,0.3333333333,3.1666666667
Module 2,ONCC,3,3,2.3333333333,0.8333333333,3.1666666667
Module 2,ONCC,3,4,2,1.1666666667,3.1666666667
Module 2,ONCC,3,5,2.8333333333,0.3333333333,3.1666666667
Module 2,ONCC,4,1,3.1666666667,0,3.1666666667
Module 2,ONCC,4,2,3.1666666667,0,3.1666666667
Module 2,ONCC,4,3,3,0.1666666667,3.1666666667
Module 2,ONCC,4,4,2.3333333333,0.8333333333,3.1666666667
Module 2,ONCC,4,5,3,0.1666666667,3.1666666667
Module 2,ONCC,5,1,3.1666666667,0,3.1666666667
Module 2,ONCC,5,2,3.1666666667,0,3.1666666667
Module 2,ONCC,5,3,3.1666666667,0,3.1666666667
Module 2,ONCC,5,4,3.1666666667,0,3.1666666667
Module 2,ONCC,5,5,3.1666666667,0,3.1666666667
Module 2,OSCC,1,1,4.3333333333,0,4.3333333333
Module 2,OSCC,1,2,4.3333333333,0,4.3333333333
Module 2,OSCC,1,3,4.3333333333,0,4.3333333333
Module 2,OSCC,1,4,4.3333333333,0,4.3333333333
Module 2,OSCC,1,5,4.3333333333,0,4.3333333333
Module 2,OSCC,2,1,4.3333333333,0,4.3333333333
Module 2,OSCC,2,2,4,0.3333333333,4.3333333333
Module 2,OSCC,2,3,3.6666666667,0.6666666667,4.3333333333
Module 2,OSCC,2,4,4.1666666667,0.1666666667,4.3333333333
Module 2,OSCC,2,5,4.3333333333,0,4.3333333333
Module 2,OSCC,3,1,4.3333333333,0,4.3333333333
Module 2,OSCC,3,2,4.3333333333,0,4.3333333333
Module 2,OSCC,3,3,3.1666666667,1.1666666667,4.3333333333
Module 2,OSCC,3,4,3.8333333333,0.5,4.3333333333
Module 2,OSCC,3,5,3.8333333333,0.5,4.3333333333
Module 2,OSCC,4,1,4.3333333333,0,4.3333333333
Module 2,OSCC,4,2,4.3333333333,0,4.3333333333
Module 2,OSCC,4,3,4.3333333333,0,4.3333333333
Module 2,OSCC,4,4,4,0.3333333333,4.3333333333
Module 2,OSCC,4,5,3.6666666667,0.6666666667,4.3333333333
Module 2,OSCC,5,1,4.3333333333,0,4.3333333333
Module 2,OSCC,5,2,4.3333333333,0,4.3333333333
Module 2,OSCC,5,3,4.3333333333,0,4.3333333333
Module 2,OSCC,5,4,4.3333333333,0,4.3333333333
Module 2,OSCC,5,5,4.3333333333,0,4.3333333333
Module 2,NRCC,1,1,3.3333333333,0,3.3333333333
Module 2,NRCC,1,2,3,0.3333333333,3.3333333333
Module 2,NRCC,1,3,3,0.3333333333,3.3333333333
Module 2,NRCC,1,4,3.1666666667,0.1666666667,3.3333333333
Module 2,NRCC,1,5,3.3333333333,0,3.3333333333
Module 2,NRCC,2,1,3.3333333333,0,3.3333333333
Module 2,NRCC,2,2,3.1666666667,0.1666666667,3.3333333333
Module 2,NRCC,2,3,3.1666666667,0.1666666667,3.3333333333
Module 2,NRCC,2,4,3,0.3333333333,3.3333333333
Module 2,NRCC,2,5,3,0.3333333333,3.3333333333
Module 2,NRCC,3,1,3.3333333333,0,3.3333333333
Module 2,NRCC,3,2,3.3333333333,0,3.3333333333
Module 2,NRCC,3,3,3.3333333333,0,3.3333333333
Module 2,NRCC,3,4,3.3333333333,0,3.3333333333
Module 2,NRCC,3,5,3.1666666667,0.1666666667,3.3333333333
Module 2,NRCC,4,1,3.3333333333,0,3.3333333333
Module 2,NRCC,4,2,3.3333333333,0,3.3333333333
Module 2,NRCC,4,3,3.3333333333,0,3.3333333333
Module 2,NRCC,4,4,3.3333333333,0,3.3333333333
Module 2,NRCC,4,5,3.3333333333,0,3.3333333333
Module 2,NRCC,5,1,3.3333333333,0,3.3333333333
Module 2,NRCC,5,2,3.3333333333,0,3.3333333333
Module 2,NRCC,5,3,3.3333333333,0,3.3333333333
Module 2,NRCC,5,4,3.3333333333,0,3.3333333333
Module 2,NRCC,5,5,3.3333333333,0,3.3333333333
Module 2,GBCC,1,1,4.5,0.1666666667,4.6666666667
Module 2,GBCC,1,2,4.5,0.1666666667,4.6666666667
Module 2,GBCC,1,3,4.5,0.1666666667,4.6666666667
Module 2,GBCC,1,4,4.6666666667,0,4.6666666667
Module 2,GBCC,1,5,4.6666666667,0,4.6666666667
Module 2,GBCC,2,1,4.6666666667,0,4.6666666667
Module 2,GBCC,2,2,4.5,0.1666666667,4.6666666667
Module 2,GBCC,2,3,4.1666666667,0.5,4.6666666667
Module 2,GBCC,2,4,4,0.6666666667,4.6666666667
Module 2,GBCC,2,5,4.5,0.1666666667,4.6666666667
Module 2,GBCC,3,1,4.6666666667,0,4.6666666667
Module 2,GBCC,3,2,4.6666666667,0,4.6666666667
Module 2,GBCC,3,3,4,0.6666666667,4.6666666667
Module 2,GBCC,3,4,4,0.6666666667,4.6666666667
Module 2,GBCC,3,5,4.5,0.1666666667,4.6666666667
Module 2,GBCC,4,1,4.6666666667,0,4.6666666667
Module 2,GBCC,4,2,4.6666666667,0,4.6666666667
Module 2,GBCC,4,3,4.6666666667,0,4.6666666667
Module 2,GBCC,4,4,4.6666666667,0,4.6666666667
Module 2,GBCC,4,5,4.6666666667,0,4.6666666667
Module 2,GBCC,5,1,4.6666666667,0,4.6666666667
Module 2,GBCC,5,2,4.6666666667,0,4.6666666667
Module 2,GBCC,5,3,4.6666666667,0,4.6666666667
Module 2,GBCC,5,4,4.6666666667,0,4.6666666667
Module 2,GBCC,5,5,4.6666666667,0,4.6666666667
Module 2,SWCC,1,1,1.5,0,1.5
Module 2,SWCC,1,2,1.5,0,1.5
Module 2,SWCC,1,3,1.3333333333,0.1666666667,1.5
Module 2,SWCC,1,4,1.3333333333,0.1666666667,1.5
Module 2,SWCC,1,5,1.5,0,1.5
Module 2,SWCC,2,1,1.5,0,1.5
Module 2,SWCC,2,2,1.5,0,1.5
Module 2,SWCC,2,3,1.5,0,1.5
Module 2,SWCC,2,4,1.3333333333,0.1666666667,1.5
Module 2,SWCC,2,5,1.3333333333,0.1666666667,1.5
Module 2,SWCC,3,1,1.5,0,1.5
Module 2,SWCC,3,2,1.5,0,1.5
Module 2,SWCC,3,3,1.5,0,1.5
Module 2,SWCC,3,4,1.3333333333,0.1666666667,1.5
Module 2,SWCC,3,5,1.3333333333,0.1666666667,1.5
Module 2,SWCC,4,1,1.5,0,1.5
Module 2,SWCC,4,2,1.5,0,1.5
Module 2,SWCC,4,3,1.5,0,1.5
Module 2,SWCC,4,4,1.5,0,1.5
Module 2,SWCC,4,5,1.5,0,1.5
Module 2,SWCC,5,1,1.5,0,1.5
Module 2,SWCC,5,2,1.5,0,1.5
Module 2,SWCC,5,3,1.5,0,1.5
Module 2,SWCC,5,4,1.5,0,1.5
Module 2,SWCC,5,5,1.5,0,1.5
Module 2,RMCC,1,1,3.5,0,3.5
Module 2,RMCC,1,2,3.1666666667,0.3333333333,3.5
Module 2,RMCC,1,3,3.5,0,3.5
Module 2,RMCC,1,4,3.5,0,3.5
Module 2,RMCC,1,5,3.5,0,3.5
Module 2,RMCC,2,1,3.5,0,3.5
Module 2,RMCC,2,2,2.5,1,3.5
Module 2,RMCC,2,3,2.1666666667,1.3333333333,3.5
Module 2,RMCC,2,4,2.1666666667,1.3333333333,3.5
Module 2,RMCC,2,5,2.6666666667,0.8333333333,3.5
Module 2,RMCC,3,1,3.5,0,3.5
Module 2,RMCC,3,2,3.5,0,3.5
Module 2,RMCC,3,3,3.5,0,3.5
Module 2,RMCC,3,4,3.1666666667,0.3333333333,3.5
Module 2,RMCC,3,5,3.5,0,3.5
Module 2,RMCC,4,1,3.5,0,3.5
Module 2,RMCC,4,2,3.5,0,3.5
Module 2,RMCC,4,3,3.5,0,3.5
Module 2,RMCC,4,4,3.5,0,3.5
Module 2,RMCC,4,5,3.5,0,3.5
Module 2,RMCC,5,1,3.5,0,3.5
Module 2,RMCC,5,2,3.5,0,3.5
Module 2,RMCC,5,3,3.5,0,3.5
Module 2,RMCC,5,4,3.5,0,3.5
Module 2,RMCC,5,5,3.5,0,3.5
Module 2,EACC,1,1,0.5,0,0.5
Module 2,EACC,1,2,0.5,0,0.5
Module 2,EACC,1,3,0.1666666667,0.3333333333,0.5
Module 2,EACC,1,4,0.1666666667,0.3333333333,0.5
Module 2,EACC,1,5,0.5,0,0.5
Module 2,EACC,2,1,0.5,0,0.5
Module 2,EACC,2,2,0.5,0,0.5
Module 2,EACC,2,3,0.5,0,0.5
Module 2,EACC,2,4,0.3333333333,0.1666666667,0.5
Module 2,EACC,2,5,0.5,0,0.5
Module 2,EACC,3,1,0.5,0,0.5
Module 2,EACC,3,2,0.5,0,0.5
Module 2,EACC,3,3,0.5,0,0.5
Module 2,EACC,3,4,0.5,0,0.5
Module 2,EACC,3,5,0.5,0,0.5
Module 2,EACC,4,1,0.5,0,0.5
Module 2,EACC,4,2,0.5,0,0.5
Module 2,EACC,4,3,0.5,0,0.5
Module 2,EACC,4,4,0.5,0,0.5
Module 2,EACC,4,5,0.5,0,0.5
Module 2,EACC,5,1,0.5,0,0.5
Module 2,EACC,5,2,0.5,0,0.5
Module 2,EACC,5,3,0.5,0,0.5
Module 2,EACC,5,4,0.5,0,0.5
Module 2,EACC,5,5,0.5,0,0.5
Module 2,SACC,1,1,0,0,0
Module 2,SACC,1,2,0,0,0
Module 2,SACC,1,3,0,0,0
Module 2,SACC,1,4,0,0,0
Module 2,SACC,1,5,0,0,0
Module 2,SACC,2,1,0,0,0
Module 2,SACC,2,2,0,0,0
Module 2,SACC,2,3,0,0,0
Module 2,SACC,2,4,0,0,0
Module 2,SACC,2,5,0,0,0
Module 2,SACC,3,1,0,0,0
Module 2,SACC,3,2,0,0,0
Module 2,SACC,3,3,0,0,0
Module 2,SACC,3,4,0,0,0
Module 2,SACC,3,5,0,0,0
Module 2,SACC,4,1,0,0,0
Module 2,SACC,4,2,0,0,0
Module 2,SACC,4,3,0,0,0
Module 2,SACC,4,4,0,0,0
Module 2,SACC,4,5,0,0,0
Module 2,SACC,5,1,0,0,0
Module 2,SACC,5,2,0,0,0
Module 2,SACC,5,3,0,0,0
Module 2,SACC,5,4,0,0,0
Module 2,SACC,5,5,0,0,0
Water 1,AICC,1,1,0,0,0
Water 1,AICC,1,2,0,0,0
Water 1,AICC,1,3,0,0,0
Water 1,AICC,1,4,0,0,0
Water 1,AICC,1,5,0,0,0
Water 1,AICC,2,1,0,0,0
Water 1,AICC,2,2,0,0,0
Water 1,AICC,2,3,0,0,0
Water 1,AICC,2,4,0,0,0
Water 1,AICC,2,5,0,0,0
Water 1,AICC,3,1,0,0,0
Water 1,AICC,3,2,0,0,0
Water 1,AICC,3,3,0,0,0
Water 1,AICC,3,4,0,0,0
Water 1,AICC,3,5,0,0,0
Water 1,AICC,4,1,0,0,0
Water 1,AICC,4,2,0,0,0
Water 1,AICC,4,3,0,0,0
Water 1,AICC,4,4,0,0,0
Water 1,AICC,4,5,0,0,0
Water 1,AICC,5,1,0,0,0
Water 1,AICC,5,2,0,0,0
Water 1,AICC,5,3,0,0,0
Water 1,AICC,5,4,0,0,0
Water 1,AICC,5,5,0,0,0
Water 1,NWCC,1,1,0.5,0,0.5
Water 1,NWCC,1,2,0.5,0,0.5
Water 1,NWCC,1,3,0.5,0,0.5
Water 1,NWCC,1,4,0.5,0,0.5
Water 1,NWCC,1,5,0.5,0,0.5
Water 1,NWCC,2,1,0.5,0,0.5
Water 1,NWCC,2,2,0.5,0,0.5
Water 1,NWCC,2,3,0.5,0,0.5
Water 1,NWCC,2,4,0.5,0,0.5
Water 1,NWCC,2,5,0.5,0,0.5
Water 1,NWCC,3,1,0.5,0,0.5
Water 1,NWCC,3,2,0.5,0,0.5
Water 1,NWCC,3,3,0.5,0,0.5
Water 1,NWCC,3,4,0.5,0,0.5
Water 1,NWCC,3,5,0.5,0,0.5
Water 1,NWCC,4,1,0.5,0,0.5
Water 1,NWCC,4,2,0.5,0,0.5
Water 1,NWCC,4,3,0.5,0,0.5
Water 1,NWCC,4,4,0.5,0,0.5
Water 1,NWCC,4,5,0.5,0,0.5
Water 1,NWCC,5,1,0.5,0,0.5
Water 1,NWCC,5,2,0.5,0,0.5
Water 1,NWCC,5,3,0.5,0,0.5
Water 1,NWCC,5,4,0.5,0,0.5
Water 1,NWCC,5,5,0.5,0,0.5
Water 1,ONCC,1,1,1.3333333333,0,1.3333333333
Water 1,ONCC,1,2,1.3333333333,0,1.3333333333
Water 1,ONCC,1,3,1.3333333333,0,1.3333333333
Water 1,ONCC,1,4,1.3333333333,0,1.3333333333
Water 1,ONCC,1,5,1.3333333333,0,1.3333333333
Water 1,ONCC,2,1,1.3333333333,0,1.3333333333
Water 1,ONCC,2,2,1.3333333333,0,1.3333333333
Water 1,ONCC,2,3,1.3333333333,0,1.3333333333
Water 1,ONCC,2,4,1.3333333333,0,1.3333333333
Water 1,ONCC,2,5,1.3333333333,0,1.3333333333
Water 1,ONCC,3,1,1.3333333333,0,1.3333333333
Water 1,ONCC,3,2,1.3333333333,0,1.3333333333
Water 1,ONCC,3,3,1.3333333333,0,1.3333333333
Water 1,ONCC,3,4,1.3333333333,0,1.3333333333
Water 1,ONCC,3,5,1.3333333333,0,1.3333333333
Water 1,ONCC,4,1,1.3333333333,0,1.3333333333
Water 1,ONCC,4,2,1.3333333333,0,1.3333333333
Water 1,ONCC,4,3,1.3333333333,0,1.3333333333
Water 1,ONCC,4,4,1.3333333333,0,1.3333333333
Water 1,ONCC,4,5,1.3333333333,0,1.3333333333
Water 1,ONCC,5,1,1.3333333333,0,1.3333333333
Water 1,ONCC,5,2,1.3333333333,0,1.3333333333
Water 1,ONCC,5,3,1.3333333333,0,1.3333333333
Water 1,ONCC,5,4,1.3333333333,0,1.3333333333
Water 1,ONCC,5,5,1.3333333333,0,1.3333333333
Water 1,OSCC,1,1,0,0,0
Water 1,OSCC,1,2,0,0,0
Water 1,OSCC,1,3,0,0,0
Water 1,OSCC,1,4,0,0,0
Water 1,OSCC,1,5,0,0,0
Water 1,OSCC,2,1,0,0,0
Water 1,OSCC,2,2,0,0,0
Water 1,OSCC,2,3,0,0,0
Water 1,OSCC,2,4,0,0,0
Water 1,OSCC,2,5,0,0,0
Water 1,OSCC,3,1,0,0,0
Water 1,OSCC,3,2,0,0,0
Water 1,OSCC,3,3,0,0,0
Water 1,OSCC,3,4,0,0,0
Water 1,OSCC,3,5,0,0,0
Water 1,OSCC,4,1,0,0,0
Water 1,OSCC,4,2,0,0,0
Water 1,OSCC,4,3,0,0,0
Water 1,OSCC,4,4,0,0,0
Water 1,OSCC,4,5,0,0,0
Water 1,OSCC,5,1,0,0,0
Water 1,OSCC,5,2,0,0,0
Water 1,OSCC,5,3,0,0,0
Water 1,OSCC,5,4,0,0,0
Water 1,OSCC,5,5,0,0,0
Water 1,NRCC,1,1,0,0,0
Water 1,NRCC,1,2,0,0,0
Water 1,NRCC,1,3,0,0,0
Water 1,NRCC,1,4,0,0,0
Water 1,NRCC,1,5,0,0,0
Water 1,NRCC,2,1,0,0,0
Water 1,NRCC,2,2,0,0,0
Water 1,NRCC,2,3,0,0,0
Water 1,NRCC,2,4,0,0,0
Water 1,NRCC,2,5,0,0,0
Water 1,NRCC,3,1,0,0,0
Water 1,NRCC,3,2,0,0,0
Water 1,NRCC,3,3,0,0,0
Water 1,NRCC,3,4,0,0,0
Water 1,NRCC,3,5,0,0,0
Water 1,NRCC,4,1,0,0,0
Water 1,NRCC,4,2,0,0,0
Water 1,NRCC,4,3,0,0,0
Water 1,NRCC,4,4,0,0,0
Water 1,NRCC,4,5,0,0,0
Water 1,NRCC,5,1,0,0,0
Water 1,NRCC,5,2,0,0,0
Water 1,NRCC,5,3,0,0,0
Water 1,NRCC,5,4,0,0,0
Water 1,NRCC,5,5,0,0,0
Water 1,GBCC,1,1,0,0,0
Water 1,GBCC,1,2,0,0,0
Water 1,GBCC,1,3,0,0,0
Water 1,GBCC,1,4,0,0,0
Water 1,GBCC,1,5,0,0,0
Water 1,GBCC,2,1,0,0,0
Water 1,GBCC,2,2,0,0,0
Water 1,GBCC,2,3,0,0,0
Water 1,GBCC,2,4,0,0,0
Water 1,GBCC,2,5,0,0,0
Water 1,GBCC,3,1,0,0,0
Water 1,GBCC,3,2,0,0,0
Water 1,GBCC,3,3,0,0,0
Water 1,GBCC,3,4,0,0,0
Water 1,GBCC,3,5,0,0,0
Water 1,GBCC,4,1,0,0,0
Water 1,GBCC,4,2,0,0,0
Water 1,GBCC,4,3,0,0,0
Water 1,GBCC,4,4,0,0,0
Water 1,GBCC,4,5,0,0,0
Water 1,GBCC,5,1,0,0,0
Water 1,GBCC,5,2,0,0,0
Water 1,GBCC,5,3,0,0,0
Water 1,GBCC,5,4,0,0,0
Water 1,GBCC,5,5,0,0,0
Water 1,SWCC,1,1,1,0,1
Water 1,SWCC,1,2,1,0,1
Water 1,SWCC,1,3,1,0,1
Water 1,SWCC,1,4,1,0,1
Water 1,SWCC,1,5,1,0,1
Water 1,SWCC,2,1,1,0,1
Water 1,SWCC,2,2,1,0,1
Water 1,SWCC,2,3,1,0,1
Water 1,SWCC,2,4,1,0,1
Water 1,SWCC,2,5,1,0,1
Water 1,SWCC,3,1,1,0,1
Water 1,SWCC,3,2,1,0,1
Water 1,SWCC,3,3,1,0,1
Water 1,SWCC,3,4,1,0,1
Water 1,SWCC,3,5,1,0,1
Water 1,SWCC,4,1,1,0,1
Water 1,SWCC,4,2,1,0,1
Water 1,SWCC,4,3,1,0,1
Water 1,SWCC,4,4,1,0,1
Water 1,SWCC,4,5,1,0,1
Water 1,SWCC,5,1,1,0,1
Water 1,SWCC,5,2,1,0,1
Water 1,SWCC,5,3,1,0,1
Water 1,SWCC,5,4,1,0,1
Water 1,SWCC,5,5,1,0,1
Water 1,RMCC,1,1,0,0,0
Water 1,RMCC,1,2,0,0,0
Water 1,RMCC,1,3,0,0,0
Water 1,RMCC,1,4,0,0,0
Water 1,RMCC,1,5,0,0,0
Water 1,RMCC,2,1,0,0,0
Water 1,RMCC,2,2,0,0,0
Water 1,RMCC,2,3,0,0,0
Water 1,RMCC,2,4,0,0,0
Water 1,RMCC,2,5,0,0,0
Water 1,RMCC,3,1,0,0,0
Water 1,RMCC,3,2,0,0,0
Water 1,RMCC,3,3,0,0,0
Water 1,RMCC,3,4,0,0,0
Water 1,RMCC,3,5,0,0,0
Water 1,RMCC,4,1,0,0,0
Water 1,RMCC,4,2,0,0,0
Water 1,RMCC,4,3,0,0,0
Water 1,RMCC,4,4,0,0,0
Water 1,RMCC,4,5,0,0,0
Water 1,RMCC,5,1,0,0,0
Water 1,RMCC,5,2,0,0,0
Water 1,RMCC,5,3,0,0,0
Water 1,RMCC,5,4,0,0,0
Water 1,RMCC,5,5,0,0,0
Water 1,EACC,1,1,0.8333333333,0,0.8333333333
Water 1,EACC,1,2,0.8333333333,0,0.8333333333
Water 1,EACC,1,3,0.8333333333,0,0.8333333333
Water 1,EACC,1,4,0.8333333333,0,0.8333333333
Water 1,EACC,1,5,0.8333333333,0,0.8333333333
Water 1,EACC,2,1,0.8333333333,0,0.8333333333
Water 1,EACC,2,2,0.8333333333,0,0.8333333333
Water 1,EACC,2,3,0.8333333333,0,0.8333333333
Water 1,EACC,2,4,0.8333333333,0,0.8333333333
Water 1,EACC,2,5,0.8333333333,0,0.8333333333
Water 1,EACC,3,1,0.8333333333,0,0.8333333333
Water 1,EACC,3,2,0.8333333333,0,0.8333333333
Water 1,EACC,3,3,0.8333333333,0,0.8333333333
Water 1,EACC,3,4,0.8333333333,0,0.8333333333
Water 1,EACC,3,5,0.8333333333,0,0.8333333333
Water 1,EACC,4,1,0.8333333333,0,0.8333333333
Water 1,EACC,4,2,0.8333333333,0,0.8333333333
Water 1,EACC,4,3,0.8333333333,0,0.8333333333
Water 1,EACC,4,4,0.8333333333,0,0.8333333333
Water 1,EACC,4,5,0.8333333333,0,0.8333333333
Water 1,EACC,5,1,0.8333333333,0,0.8333333333
Water 1,EACC,5,2,0.8333333333,0,0.8333333333
Water 1,EACC,5,3,0.8333333333,0,0.8333333333
Water 1,EACC,5,4,0.8333333333,0,0.8333333333
Water 1,EACC,5,5,0.8333333333,0,0.8333333333
Water 1,SACC,1,1,0,0,0
Water 1,SACC,1,2,0,0,0
Water 1,SACC,1,3,0,0,0
Water 1,SACC,1,4,0,0,0
Water 1,SACC,1,5,0,0,0
Water 1,SACC,2,1,0,0,0
Water 1,SACC,2,2,0,0,0
Water 1,SACC,2,3,0,0,0
Water 1,SACC,2,4,0,0,0
Water 1,SACC,2,5,0,0,0
Water 1,SACC,3,1,0,0,0
Water 1,SACC,3,2,0,0,0
Water 1,SACC,3,3,0,0,0
Water 1,SACC,3,4,0,0,0
Water 1,SACC,3,5,0,0,0
Water 1,SACC,4,1,0,0,0
Water 1,SACC,4,2,0,0,0
Water 1,SACC,4,3,0,0,0
Water 1,SACC,4,4,0,0,0
Water 1,SACC,4,5,0,0,0
Water 1,SACC,5,1,0,0,0
Water 1,SACC,5,2,0,0,0
Water 1,SACC,5,3,0,0,0
Water 1,SACC,5,4,0,0,0
Water 1,SACC,5,5,0,0,0
Water 2,AICC,1,1,0,0,0
Water 2,AICC,1,2,0,0,0
Water 2,AICC,1,3,0,0,0
Water 2,AICC,1,4,0,0,0
Water 2,AICC,1,5,0,0,0
Water 2,AICC,2,1,0,0,0
Water 2,AICC,2,2,0,0,0
Water 2,AICC,2,3,0,0,0
Water 2,AICC,2,4,0,0,0
Water 2,AICC,2,5,0,0,0
Water 2,AICC,3,1,0,0,0
Water 2,AICC,3,2,0,0,0
Water 2,AICC,3,3,0,0,0
Water 2,AICC,3,4,0,0,0
Water 2,AICC,3,5,0,0,0
Water 2,AICC,4,1,0,0,0
Water 2,AICC,4,2,0,0,0
Water 2,AICC,4,3,0,0,0
Water 2,AICC,4,4,0,0,0
Water 2,AICC,4,5,0,0,0
Water 2,AICC,5,1,0,0,0
Water 2,AICC,5,2,0,0,0
Water 2,AICC,5,3,0,0,0
Water 2,AICC,5,4,0,0,0
Water 2,AICC,5,5,0,0,0
Water 2,NWCC,1,1,0.8333333333,0,0.8333333333
Water 2,NWCC,1,2,0.8333333333,0,0.8333333333
Water 2,NWCC,1,3,0.8333333333,0,0.8333333333
Water 2,NWCC,1,4,0.8333333333,0,0.8333333333
Water 2,NWCC,1,5,0.8333333333,0,0.8333333333
Water 2,NWCC,2,1,0.8333333333,0,0.8333333333
Water 2,NWCC,2,2,0.8333333333,0,0.8333333333
Water 2,NWCC,2,3,0.8333333333,0,0.8333333333
Water 2,NWCC,2,4,0.8333333333,0,0.8333333333
Water 2,NWCC,2,5,0.8333333333,0,0.8333333333
Water 2,NWCC,3,1,0.8333333333,0,0.8333333333
Water 2,NWCC,3,2,0.8333333333,0,0.8333333333
Water 2,NWCC,3,3,0.8333333333,0,0.8333333333
Water 2,NWCC,3,4,0.8333333333,0,0.8333333333
Water 2,NWCC,3,5,0.8333333333,0,0.8333333333
Water 2,NWCC,4,1,0.8333333333,0,0.8333333333
Water 2,NWCC,4,2,0.8333333333,0,0.8333333333
Water 2,NWCC,4,3,0.8333333333,0,0.8333333333
Water 2,NWCC,4,4,0.8333333333,0,0.8333333333
Water 2,NWCC,4,5,0.8333333333,0,0.8333333333
Water 2,NWCC,5,1,0.8333333333,0,0.8333333333
Water 2,NWCC,5,2,0.8333333333,0,0.8333333333
Water 2,NWCC,5,3,0.8333333333,0,0.8333333333
Water 2,NWCC,5,4,0.8333333333,0,0.8333333333
Water 2,NWCC,5,5,0.8333333333,0,0.8333333333
Water 2,ONCC,1,1,20.6666666667,1,21.6666666667
Water 2,ONCC,1,2,20,1.6666666667,21.6666666667
Water 2,ONCC,1,3,21.5,0.1666666667,21.6666666667
Water 2,ONCC,1,4,21.6666666667,0,21.6666666667
Water 2,ONCC,1,5,21.6666666667,0,21.6666666667
Water 2,ONCC,2,1,20.8333333333,0.8333333333,21.6666666667
Water 2,ONCC,2,2,20.3333333333,1.3333333333,21.6666666667
Water 2,ONCC,2,3,21,0.6666666667,21.6666666667
Water 2,ONCC,2,4,20.8333333333,0.8333333333,21.6666666667
Water 2,ONCC,2,5,21.1666666667,0.5,21.6666666667
Water 2,ONCC,3,1,21.6666666667,0,21.6666666667
Water 2,ONCC,3,2,21.6666666667,0,21.6666666667
Water 2,ONCC,3,3,20.3333333333,1.3333333333,21.6666666667
Water 2,ONCC,3,4,19.1666666667,2.5,21.6666666667
Water 2,ONCC,3,5,21.3333333333,0.3333333333,21.6666666667
Water 2,ONCC,4,1,21.6666666667,0,21.6666666667
Water 2,ONCC,4,2,21.6666666667,0,21.6666666667
Water 2,ONCC,4,3,21.3333333333,0.3333333333,21.6666666667
Water 2,ONCC,4,4,21.3333333333,0.3333333333,21.6666666667
Water 2,ONCC,4,5,21.1666666667,0.5,21.6666666667
Water 2,ONCC,5,1,21.6666666667,0,21.6666666667
Water 2,ONCC,5,2,21.6666666667,0,21.6666666667
Water 2,ONCC,5,3,21.6666666667,0,21.6666666667
Water 2,ONCC,5,4,21.6666666667,0,21.6666666667
Water 2,ONCC,5,5,21.5,0.1666666667,21.6666666667
Water 2,OSCC,1,1,23.3333333333,0.3333333333,23.6666666667
Water 2,OSCC,1,2,22.3333333333,1.3333333333,23.6666666667
Water 2,OSCC,1,3,23.6666666667,0,23.6666666667
Water 2,OSCC,1,4,23.6666666667,0,23.6666666667
Water 2,OSCC,1,5,23.6666666667,0,23.6666666667
Water 2,OSCC,2,1,23.5,0.1666666667,23.6666666667
Water 2,OSCC,2,2,21.8333333333,1.8333333333,23.6666666667
Water 2,OSCC,2,3,22,1.6666666667,23.6666666667
Water 2,OSCC,2,4,23,0.6666666667,23.6666666667
Water 2,OSCC,2,5,23.6666666667,0,23.6666666667
Water 2,OSCC,3,1,23.3333333333,0.3333333333,23.6666666667
Water 2,OSCC,3,2,23,0.6666666667,23.6666666667
Water 2,OSCC,3,3,22.1666666667,1.5,23.6666666667
Water 2,OSCC,3,4,21,2.6666666667,23.6666666667
Water 2,OSCC,3,5,21.3333333333,2.3333333333,23.6666666667
Water 2,OSCC,4,1,23.6666666667,0,23.6666666667
Water 2,OSCC,4,2,23.3333333333,0.3333333333,23.6666666667
Water 2,OSCC,4,3,23.6666666667,0,23.6666666667
Water 2,OSCC,4,4,23,0.6666666667,23.6666666667
Water 2,OSCC,4,5,22.5,1.1666666667,23.6666666667
Water 2,OSCC,5,1,23.6666666667,0,23.6666666667
Water 2,OSCC,5,2,23.6666666667,0,23.6666666667
Water 2,OSCC,5,3,23.6666666667,0,23.6666666667
Water 2,OSCC,5,4,23.6666666667,0,23.6666666667
Water 2,OSCC,5,5,23.6666666667,0,23.6666666667
Water 2,NRCC,1,1,3.3333333333,0,3.3333333333
Water 2,NRCC,1,2,3.3333333333,0,3.3333333333
Water 2,NRCC,1,3,3.3333333333,0,3.3333333333
Water 2,NRCC,1,4,3.3333333333,0,3.3333333333
Water 2,NRCC,1,5,3.3333333333,0,3.3333333333
Water 2,NRCC,2,1,3.3333333333,0,3.3333333333
Water 2,NRCC,2,2,3.3333333333,0,3.3333333333
Water 2,NRCC,2,3,3.3333333333,0,3.3333333333
Water 2,NRCC,2,4,3.3333333333,0,3.3333333333
Water 2,NRCC,2,5,3.3333333333,0,3.3333333333
Water 2,NRCC,3,1,3.3333333333,0,3.3333333333
Water 2,NRCC,3,2,3.3333333333,0,3.3333333333
Water 2,NRCC,3,3,3.3333333333,0,3.3333333333
Water 2,NRCC,3,4,3.3333333333,0,3.3333333333
Water 2,NRCC,3,5,3.3333333333,0,3.3333333333
Water 2,NRCC,4,1,3.3333333333,0,3.3333333333
Water 2,NRCC,4,2,3.3333333333,0,3.3333333333
Water 2,NRCC,4,3,3.3333333333,0,3.3333333333
Water 2,NRCC,4,4,3.3333333333,0,3.3333333333
Water 2,NRCC,4,5,3.3333333333,0,3.3333333333
Water 2,NRCC,5,1,3.3333333333,0,3.3333333333
Water 2,NRCC,5,2,3.3333333333,0,3.3333333333
Water 2,NRCC,5,3,3.3333333333,0,3.3333333333
Water 2,NRCC,5,4,3.3333333333,0,3.3333333333
Water 2,NRCC,5,5,3.3333333333,0,3.3333333333
Water 2,GBCC,1,1,0.1666666667,0,0.1666666667
Water 2,GBCC,1,2,0.1666666667,0,0.1666666667
Water 2,GBCC,1,3,0.1666666667,0,0.1666666667
Water 2,GBCC,1,4,0.1666666667,0,0.1666666667
Water 2,GBCC,1,5,0.1666666667,0,0.1666666667
Water 2,GBCC,2,1,0.1666666667,0,0.1666666667
Water 2,GBCC,2,2,0.1666666667,0,0.1666666667
Water 2,GBCC,2,3,0.1666666667,0,0.1666666667
Water 2,GBCC,2,4,0.1666666667,0,0.1666666667
Water 2,GBCC,2,5,0.1666666667,0,0.1666666667
Water 2,GBCC,3,1,0.1666666667,0,0.1666666667
Water 2,GBCC,3,2,0.1666666667,0,0.1666666667
Water 2,GBCC,3,3,0.1666666667,0,0.1666666667
Water 2,GBCC,3,4,0.1666666667,0,0.1666666667
Water 2,GBCC,3,5,0.1666666667,0,0.1666666667
Water 2,GBCC,4,1,0.1666666667,0,0.1666666667
Water 2,GBCC,4,2,0.1666666667,0,0.1666666667
Water 2,GBCC,4,3,0.1666666667,0,0.1666666667
Water 2,GBCC,4,4,0.1666666667,0,0.1666666667
Water 2,GBCC,4,5,0.1666666667,0,0.1666666667
Water 2,GBCC,5,1,0.1666666667,0,0.1666666667
Water 2,GBCC,5,2,0.1666666667,0,0.1666666667
Water 2,GBCC,5,3,0.1666666667,0,0.1666666667
Water 2,GBCC,5,4,0.1666666667,0,0.1666666667
Water 2,GBCC,5,5,0.1666666667,0,0.1666666667
Water 2,SWCC,1,1,2.3333333333,0,2.3333333333
Water 2,SWCC,1,2,2.3333333333,0,2.3333333333
Water 2,SWCC,1,3,2.3333333333,0,2.3333333333
Water 2,SWCC,1,4,2.3333333333,0,2.3333333333
Water 2,SWCC,1,5,2.3333333333,0,2.3333333333
Water 2,SWCC,2,1,2.3333333333,0,2.3333333333
Water 2,SWCC,2,2,2.3333333333,0,2.3333333333
Water 2,SWCC,2,3,2.3333333333,0,2.3333333333
Water 2,SWCC,2,4,2.3333333333,0,2.3333333333
Water 2,SWCC,2,5,2.1666666667,0.1666666667,2.3333333333
Water 2,SWCC,3,1,2.3333333333,0,2.3333333333
Water 2,SWCC,3,2,2.3333333333,0,2.3333333333
Water 2,SWCC,3,3,2.3333333333,0,2.3333333333
Water 2,SWCC,3,4,2.3333333333,0,2.3333333333
Water 2,SWCC,3,5,2.1666666667,0.1666666667,2.3333333333
Water 2,SWCC,4,1,2.3333333333,0,2.3333333333
Water 2,SWCC,4,2,2.3333333333,0,2.3333333333
Water 2,SWCC,4,3,2.3333333333,0,2.3333333333
Water 2,SWCC,4,4,2.3333333333,0,2.3333333333
Water 2,SWCC,4,5,2.3333333333,0,2.3333333333
Water 2,SWCC,5,1,2.3333333333,0,2.3333333333
Water 2,SWCC,5,2,2.3333333333,0,2.3333333333
Water 2,SWCC,5,3,2.3333333333,0,2.3333333333
Water 2,SWCC,5,4,2.3333333333,0,2.3333333333
Water 2,SWCC,5,5,2.3333333333,0,2.3333333333
Water 2,RMCC,1,1,0,0,0
Water 2,RMCC,1,2,0,0,0
Water 2,RMCC,1,3,0,0,0
Water 2,RMCC,1,4,0,0,0
Water 2,RMCC,1,5,0,0,0
Water 2,RMCC,2,1,0,0,0
Water 2,RMCC,2,2,0,0,0
Water 2,RMCC,2,3,0,0,0
Water 2,RMCC,2,4,0,0,0
Water 2,RMCC,2,5,0,0,0
Water 2,RMCC,3,1,0,0,0
Water 2,RMCC,3,2,0,0,0
Water 2,RMCC,3,3,0,0,0
Water 2,RMCC,3,4,0,0,0
Water 2,RMCC,3,5,0,0,0
Water 2,RMCC,4,1,0,0,0
Water 2,RMCC,4,2,0,0,0
Water 2,RMCC,4,3,0,0,0
Water 2,RMCC,4,4,0,0,0
Water 2,RMCC,4,5,0,0,0
Water 2,RMCC,5,1,0,0,0
Water 2,RMCC,5,2,0,0,0
Water 2,RMCC,5,3,0,0,0
Water 2,RMCC,5,4,0,0,0
Water 2,RMCC,5,5,0,0,0
Water 2,EACC,1,1,0.1666666667,0,0.1666666667
Water 2,EACC,1,2,0.1666666667,0,0.1666666667
Water 2,EACC,1,3,0.1666666667,0,0.1666666667
Water 2,EACC,1,4,0.1666666667,0,0.1666666667
Water 2,EACC,1,5,0.1666666667,0,0.1666666667
Water 2,EACC,2,1,0.1666666667,0,0.1666666667
Water 2,EACC,2,2,0.1666666667,0,0.1666666667
Water 2,EACC,2,3,0.1666666667,0,0.1666666667
Water 2,EACC,2,4,0.1666666667,0,0.1666666667
Water 2,EACC,2,5,0.1666666667,0,0.1666666667
Water 2,EACC,3,1,0.1666666667,0,0.1666666667
Water 2,EACC,3,2,0.1666666667,0,0.1666666667
Water 2,EACC,3,3,0.1666666667,0,0.1666666667
Water 2,EACC,3,4,0.1666666667,0,0.1666666667
Water 2,EACC,3,5,0.1666666667,0,0.1666666667
Water 2,EACC,4,1,0.1666666667,0,0.1666666667
Water 2,EACC,4,2,0.1666666667,0,0.1666666667
Water 2,EACC,4,3,0.1666666667,0,0.1666666667
Water 2,EACC,4,4,0.1666666667,0,0.1666666667
Water 2,EACC,4,5,0.1666666667,0,0.1666666667
Water 2,EACC,5,1,0.1666666667,0,0.1666666667
Water 2,EACC,5,2,0.1666666667,0,0.1666666667
Water 2,EACC,5,3,0.1666666667,0,0.1666666667
Water 2,EACC,5,4,0.1666666667,0,0.1666666667
Water 2,EACC,5,5,0.1666666667,0,0.1666666667
Water 2,SACC,1,1,0,0,0
Water 2,SACC,1,2,0,0,0
Water 2,SACC,1,3,0,0,0
Water 2,SACC,1,4,0,0,0
Water 2,SACC,1,5,0,0,0
Water 2,SACC,2,1,0,0,0
Water 2,SACC,2,2,0,0,0
Water 2,SACC,2,3,0,0,0
Water 2,SACC,2,4,0,0,0
Water 2,SACC,2,5,0,0,0
Water 2,SACC,3,1,0,0,0
Water 2,SACC,3,2,0,0,0
Water 2,SACC,3,3,0,0,0
Water 2,SACC,3,4,0,0,0
Water 2,SACC,3,5,0,0,0
Water 2,SACC,4,1,0,0,0
Water 2,SACC,4,2,0,0,0
Water 2,SACC,4,3,0,0,0
Water 2,SACC,4,4,0,0,0
Water 2,SACC,4,5,0,0,0
Water 2,SACC,5,1,0,0,0
Water 2,SACC,5,2,0,0,0
Water 2,SACC,5,3,0,0,0
Water 2,SACC,5,4,0,0,0
Water 2,SACC,5,5,0,0,0
